ID_OPPORTUNITY,CATEGORY_CODE,SERVICE,DESCRIPTION,DATE_MODIFICATION,DATE_FIN_AFFICHAGE,ID_EXTERNE,DATE_LIMITE_REMISE_DES_PLIS,REFERENCE,INTITULE,URL_EXTERNE,DATE_MISE_EN_LIGNE,DATE_CREATION,SITE,FLAG,SUPPRIMER
1,222.22200,OCP,"Test import Une plateforme intuitive et ergonomique pour tous vos échanges transactionnels Gérer en toute transparence le cycle d'achat depuis la demande d'information jusqu'au suivi des factures","2019-10-15 08:55:04","2019-10-24 08:55:25",7,"2019-10-19 08:55:35",AAA,TEST,https://eachatrecette.ocpgroup.ma/esop/guest/go/opportunity/detail?opportunityId=212&locale=fr_FR,"2019-10-17 08:55:59","2019-10-11 08:56:04",,,0
2,222.22201,OCP,"Test affichage opprtnité Une plateforme intuitive et ergonomique pour tous vos échanges transactionnels Gérer en toute transparence le cycle d'achat depuis la demande d'information jusqu'au suivi des factures","2019-07-29 11:58:28","2018-05-09 11:00:00",212,"2018-10-19 11:00:00",Dossier_480,"AMI - bla bla",https://eachatrecette.ocpgroup.ma/esop/guest/go/opportunity/detail?opportunityId=212&locale=fr_FR,"2019-10-17 14:49:06","2019-10-17 14:49:06",,,0
4,212.21201,OCP,"SomeKeyword1 SomeKeyword2 Opportunité Une plateforme intuitive et ergonomique pour tous vos échanges transactionnels Gérer en toute transparence le cycle d'achat depuis la demande d'information jusqu'au suivi des factures","2020-02-24 09:13:18","2020-05-20 11:00:00",5,"2020-05-09 09:00:00",Dossier_457,"AMI - Elec",https://eachatrecette.ocpgroup.ma/esop/guest/go/opportunity/detail?opportunityId=212&locale=fr_FR,"2019-10-17 14:49:06","2020-02-24 09:13:18",,,0
5,111.11101,OCP,"SomeKeyword1 SomeKeyword2 Opportunité_2 Une plateforme intuitive et ergonomique pour tous vos échanges transactionnels Gérer en toute transparence le cycle d'achat depuis la demande d'information jusqu'au suivi des factures","2020-02-24 08:59:47","2020-05-10 11:00:00",4,"2020-05-09 09:00:00",Dossier_456,"AMI - Elec",https://eachatrecette.ocpgroup.ma/esop/guest/go/opportunity/detail?opportunityId=212&locale=fr_FR,"2019-10-17 14:49:06","2020-02-24 08:59:47",,,1
7,514.51401,OCP,"Opportunité 6","2019-11-28 02:20:34","2019-12-02 09:00:00",316,"2020-01-23 09:00:00",Dossier_973,"Processus Achat Standard avec AMI (Nouveau processus)",https://eachatrecette.ocpgroup.ma/esop/guest/go/opportunity/detail?opportunityId=316&locale=fr_FR,"2019-11-29 09:04:39","2019-11-29 09:04:39",,,0
8,211.21101,OCP,"Opportunité 2 SomeKeyword1 SomeKeyword2","2020-02-24 11:12:27","2020-05-26 11:00:00",313,"2020-05-09 09:00:00",Dossier_969,"Processus Achat Standard avec AMI (Nouveau processus)",https://eachatrecette.ocpgroup.ma/esop/guest/go/opportunity/detail?opportunityId=313&locale=fr_FR,"2019-11-29 09:04:39","2020-02-24 11:12:27",,,0
9,111.11101,OCP,"Opportunité 1","2019-11-28 10:37:11","2019-11-30 09:00:00",312,"2019-12-09 09:00:00",Dossier_965,"Processus Achat Standard avec AMI (Nouveau processus)",https://eachatrecette.ocpgroup.ma/esop/guest/go/opportunity/detail?opportunityId=312&locale=fr_FR,"2019-11-29 09:04:39","2019-11-29 09:04:39",,,0
15397,01.0005,OCP,"TEST AFFICHAGE AMI 1 | LANCEMENT AMI ET AFFICHAGE 2016-1 (PRESTATIONS ET PRODUITS DE LABORATOIRES)","2016-01-12 16:57:27","2016-01-13 14:00:00",62,"2016-01-12 15:00:00",Dossier_572,"TEST AFFICHAGE AMI 1 | LANCEMENT AMI ET AFFICHAGE 2016-1",http://prepeachat.ocpgroup.ma/esop/toolkit/opportunity/opportunityDetail.do?opportunityId=62,"2016-01-22 18:18:43","2016-01-22 18:18:43",,,0
15398,53.1311,NULL,"Dossier_574 - TEST AFFICHAGE AMI 2 | LANCEMENT AMI ET AFFICHAGE 2016-2 (EPI)","2016-01-12 13:00:31","2016-01-13 14:00:00",63,"2016-01-12 15:00:00",Dossier_574,"TEST AFFICHAGE AMI 2 | LANCEMENT AMI ET AFFICHAGE 2016-2 (EPI)",http://prepeachat.ocpgroup.ma/esop/toolkit/opportunity/opportunityDetail.do?opportunityId=63,"2016-01-22 18:18:43","2016-01-22 18:18:43",,,0
15399,08.0121,NULL,"TEST AFFICHAGE AMI 3 | LANCEMENT AMI ET AFFICHAGE 2016-3 (DROGUERIE, QUINCAILLERIE ET SANITAIRE)","2016-01-12 13:58:55","2016-01-13 14:00:00",64,"2016-01-12 15:00:00",Dossier_575,"TEST AFFICHAGE AMI 3 | LANCEMENT AMI ET AFFICHAGE 2016-3",http://prepeachat.ocpgroup.ma/esop/toolkit/opportunity/opportunityDetail.do?opportunityId=64,"2016-01-22 18:18:43","2016-01-22 18:18:43",,,0
15400,02.0031,OCP,"tes MT1 modif ","2016-01-15 12:31:24","2016-01-31 16:00:00",80,"2016-01-31 16:00:00",Dossier_593,"Processus Achat Standard avec AMI test MT1",http://prepeachat.ocpgroup.ma/esop/toolkit/opportunity/opportunityDetail.do?opportunityId=80,"2016-01-22 18:18:43","2016-01-22 18:18:43",,,0
15401,31.0710,OCP,"test MT2","2016-01-13 15:52:18","2016-01-30 12:00:00",81,"2016-01-31 14:00:00",Dossier_594,"Processus Achat Standard avec AMI test MT2",http://prepeachat.ocpgroup.ma/esop/toolkit/opportunity/opportunityDetail.do?opportunityId=81,"2016-01-22 18:18:43","2016-01-22 18:18:43",,,0
15402,09.0140,OCP,"test meriame ami atexo","2016-01-13 17:28:17","2016-01-22 00:00:00",83,"2016-01-22 00:00:00",Dossier_596,"test meriame ami atexo",http://prepeachat.ocpgroup.ma/esop/toolkit/opportunity/opportunityDetail.do?opportunityId=83,"2016-01-22 18:18:43","2016-01-22 18:18:43",,,0
15403,02.0022,NULL,"TEST AFFICHAGE AMI 20 | LANCEMENT AMI ET AFFICHAGE 2016-20","2016-01-19 12:38:51","2016-01-29 19:00:00",107,"2016-01-29 19:00:00",Dossier_616,"TEST AFFICHAGE AMI 20 | LANCEMENT AMI ET AFFICHAGE 2016-20",http://prepeachat.ocpgroup.ma/esop/toolkit/opportunity/opportunityDetail.do?opportunityId=107,"2016-01-22 18:18:43","2016-01-22 18:18:43",,,0
15404,04.0070,NULL,"TEST AFFICHAGE AMI 21 | LANCEMENT AMI ET AFFICHAGE 2016-21 (0070)","2016-01-19 12:43:04","2016-01-29 19:00:00",108,"2016-01-29 19:00:00",Dossier_617,"TEST AFFICHAGE AMI 21 | LANCEMENT AMI ET AFFICHAGE 2016-21",http://prepeachat.ocpgroup.ma/esop/toolkit/opportunity/opportunityDetail.do?opportunityId=108,"2016-01-22 18:18:43","2016-01-22 18:18:43",,,0
15405,05.0080,NULL,"TEST AFFICHAGE AMI 22 | LANCEMENT AMI ET AFFICHAGE 2016-22 (0080)","2016-01-19 12:55:00","2016-01-29 19:00:00",109,"2016-01-29 19:00:00",Dossier_618,"TEST AFFICHAGE AMI 22 | LANCEMENT AMI ET AFFICHAGE 2016-22",http://prepeachat.ocpgroup.ma/esop/toolkit/opportunity/opportunityDetail.do?opportunityId=109,"2016-01-22 18:18:43","2016-01-22 18:18:43",,,0
15406,07.0110,NULL,"TEST AFFICHAGE AMI 23 | LANCEMENT AMI ET AFFICHAGE 2016-23 (0110)","2016-01-19 13:10:07","2016-01-29 19:00:00",110,"2016-01-29 19:00:00",Dossier_620,"TEST AFFICHAGE AMI 23 | LANCEMENT AMI ET AFFICHAGE 2016-23",http://prepeachat.ocpgroup.ma/esop/toolkit/opportunity/opportunityDetail.do?opportunityId=110,"2016-01-22 18:18:43","2016-01-22 18:18:43",,,0
15407,09.0140,OCP,"TEST AFFICHAGE AMI 24 | LANCEMENT AMI ET AFFICHAGE 2016-24 (0140)","2016-01-19 13:20:51","2016-01-29 19:00:00",111,"2016-01-29 19:00:00",Dossier_621,"TEST AFFICHAGE AMI 24 | LANCEMENT AMI ET AFFICHAGE 2016-24",http://prepeachat.ocpgroup.ma/esop/toolkit/opportunity/opportunityDetail.do?opportunityId=111,"2016-01-22 18:18:43","2016-01-22 18:18:43",,,0
15408,32.0740,NULL,"TEST AFFICHAGE AMI 5 | LANCEMENT AMI ET AFFICHAGE 2016-5 (MÉTAUX)","2016-01-12 14:58:33","2016-01-13 14:00:00",66,"2016-01-12 15:00:00",Dossier_578,"TEST AFFICHAGE AMI 5 | LANCEMENT AMI ET AFFICHAGE 2016-5",http://prepeachat.ocpgroup.ma/esop/toolkit/opportunity/opportunityDetail.do?opportunityId=66,"2016-01-22 18:18:43","2016-01-22 18:18:43",,,0
15409,28.0670,NULL,"TEST AFFICHAGE AMI 6 | LANCEMENT AMI ET AFFICHAGE 2016-6 (LUBRIFIANTS ET ACCESSOIRES)","2016-01-12 14:51:10","2016-01-13 14:00:00",67,"2016-01-12 15:00:00",Dossier_579,"TEST AFFICHAGE AMI 6 | LANCEMENT AMI ET AFFICHAGE 2016-6",http://prepeachat.ocpgroup.ma/esop/toolkit/opportunity/opportunityDetail.do?opportunityId=67,"2016-01-22 18:18:43","2016-01-22 18:18:43",,,0
15410,12.0222,NULL,"TEST AFFICHAGE AMI 9 | LANCEMENT AMI ET AFFICHAGE 2016-9 (PRODUITS PETROLIERS)","2016-01-12 17:03:26","2016-01-13 14:00:00",70,"2016-01-29 19:00:00",Dossier_582,"TEST AFFICHAGE AMI 9 | LANCEMENT AMI ET AFFICHAGE 2016-9",http://prepeachat.ocpgroup.ma/esop/toolkit/opportunity/opportunityDetail.do?opportunityId=70,"2016-01-22 18:18:43","2016-01-22 18:18:43",,,0
15411,47.1170,NULL,"TEST AFFICHAGE AMI 10 | LANCEMENT AMI ET AFFICHAGE 2016-10 (TRAITEMENTS DES EAUX) ----- (test Modif Chps) ","2016-01-15 11:44:01","2016-01-13 14:00:00",71,"2016-03-11 19:00:00",Dossier_583,"TEST AFFICHAGE AMI 10 | LANCEMENT AMI ET AFFICHAGE 2016-10 (test Modif Chps)",http://prepeachat.ocpgroup.ma/esop/toolkit/opportunity/opportunityDetail.do?opportunityId=71,"2016-01-22 18:18:43","2016-01-22 18:18:43",,,0
15412,08.0121,NULL,"TEST AFFICHAGE AMI 12 | LANCEMENT AMI ET AFFICHAGE 2016-12 (DROGUERIE, QUINCAILLERIE ET SANITAIRE)","2016-01-12 17:36:52","2016-01-13 14:00:00",73,"2016-01-29 19:00:00",Dossier_585,"TEST AFFICHAGE AMI 12 | LANCEMENT AMI ET AFFICHAGE 2016-12",http://prepeachat.ocpgroup.ma/esop/toolkit/opportunity/opportunityDetail.do?opportunityId=73,"2016-01-22 18:18:43","2016-01-22 18:18:43",,,0
15413,28.0670,NULL," TEST AFFICHAGE AMI 14 | LANCEMENT AMI ET AFFICHAGE 2016-14 (LUBRIFIANTS ET ACCESSOIRES)","2016-01-12 17:55:00","2016-01-13 14:00:00",74,"2016-01-29 19:00:00",Dossier_587,"TEST AFFICHAGE AMI 14 | LANCEMENT AMI ET AFFICHAGE 2016-14",http://prepeachat.ocpgroup.ma/esop/toolkit/opportunity/opportunityDetail.do?opportunityId=74,"2016-01-22 18:18:43","2016-01-22 18:18:43",,,0
15414,32.0740,NULL,"Retiré pour Changement de Scope","2016-01-19 13:39:20","2016-01-13 14:00:00",76,"2016-01-29 19:00:00",Dossier_588,"Retiré pour Changement de Scope",http://prepeachat.ocpgroup.ma/esop/toolkit/opportunity/opportunityDetail.do?opportunityId=76,"2016-01-22 18:18:43","2016-01-22 18:18:43",,,0
15415,02.0020,NULL,"TEST AFFICHAGE AMI 16 | LANCEMENT AMI ET AFFICHAGE 2016-16 (PRESTATIONS ET PRODUITS DE LABORATOIRES) (test modif 19012016)","2016-01-19 13:37:35","2016-01-13 14:00:00",77,"2016-02-05 19:00:00",Dossier_589,"TEST AFFICHAGE AMI 16 | LANCEMENT AMI ET AFFICHAGE 2016-16 (test modif 19012016)",http://prepeachat.ocpgroup.ma/esop/toolkit/opportunity/opportunityDetail.do?opportunityId=77,"2016-01-22 18:18:43","2016-01-22 18:18:43",,,0
15416,19.0381,"OCP Casablanca","TEST AFFICHAGE AMI 17 | LANCEMENT AMI ET AFFICHAGE 2016-17 (ADDITIFS ET PRODUITS MINIERS ET CHIMIQUES)","2016-01-13 10:18:37","2016-01-13 14:00:00",78,"2016-01-21 10:20:00",Dossier_590,"TEST AFFICHAGE AMI 17 | LANCEMENT AMI ET AFFICHAGE 2016-17",http://prepeachat.ocpgroup.ma/esop/toolkit/opportunity/opportunityDetail.do?opportunityId=78,"2016-01-22 18:18:43","2016-01-22 18:18:43",,,0
15417,18.0370,NULL,"TEST AFFICHAGE AMI 19 | LANCEMENT AMI ET AFFICHAGE 2016-19 (test SF à afficher : RFI ou Dossier)","2016-01-15 11:49:22","2016-01-29 19:00:00",90,"2016-02-05 19:00:00",Dossier_601,"TEST AFFICHAGE AMI 19 | LANCEMENT AMI ET AFFICHAGE 2016-19",http://prepeachat.ocpgroup.ma/esop/toolkit/opportunity/opportunityDetail.do?opportunityId=90,"2016-01-22 18:18:43","2016-01-22 18:18:43",,,0
15418,31.0710,OCP,"opp test MT10","2016-01-15 15:08:23","2016-01-30 10:00:00",91,"2016-01-29 09:00:00",Dossier_602,"test MT10",http://prepeachat.ocpgroup.ma/esop/toolkit/opportunity/opportunityDetail.do?opportunityId=91,"2016-01-22 18:18:43","2016-01-22 18:18:43",,,0
15419,25.0540,OCP,"opp test MT11 2SF","2016-01-15 16:02:12","2016-01-22 00:00:00",92,"2016-01-21 15:00:00",Dossier_603,"test MT11 2SF",http://prepeachat.ocpgroup.ma/esop/toolkit/opportunity/opportunityDetail.do?opportunityId=92,"2016-01-22 18:18:43","2016-01-22 18:18:43",,,0
15420,01.0001,OCP,"TESTS 2001 - ATEXO AMI 2016
AMI 
TESTS ","2016-01-20 17:03:45","2016-01-21 00:00:00",116,"2016-02-07 13:00:00",Dossier_605,"TEST ATEXO - 2SF",http://prepeachat.ocpgroup.ma/esop/toolkit/opportunity/opportunityDetail.do?opportunityId=116,"2016-01-22 18:18:43","2016-01-22 18:18:43",,,0
15421,01.0001,OCP,"TEST ATEXO - 2001 - NOtifs et Affichage ","2016-01-20 16:19:47","2016-02-26 12:00:00",115,"2016-01-29 12:00:00",Dossier_606,"TESTS ATEXO - 1501 - 2SF",http://prepeachat.ocpgroup.ma/esop/toolkit/opportunity/opportunityDetail.do?opportunityId=115,"2016-01-22 18:18:43","2016-01-22 18:18:43",,,0
15422,12.0221,OCP," opp test TM normal ","2016-01-15 17:36:04","2016-01-28 23:23:00",96,"2016-02-04 14:00:00",Dossier_607,"test MT normal ",http://prepeachat.ocpgroup.ma/esop/toolkit/opportunity/opportunityDetail.do?opportunityId=96,"2016-01-22 18:18:43","2016-01-22 18:18:43",,,0
15423,12.0222,OCP,"opp mt30","2016-01-15 18:45:16","2016-02-07 12:54:00",98,"2016-01-22 21:43:00",Dossier_610,mt30,http://prepeachat.ocpgroup.ma/esop/toolkit/opportunity/opportunityDetail.do?opportunityId=98,"2016-01-22 18:18:43","2016-01-22 18:18:43",,,0
15424,04.0074,OCP,"opp test mt50","2016-01-19 10:50:00","2016-01-22 15:21:00",99,"2016-01-19 11:00:00",Dossier_611,"test mt50",http://prepeachat.ocpgroup.ma/esop/toolkit/opportunity/opportunityDetail.do?opportunityId=99,"2016-01-22 18:18:43","2016-01-22 18:18:43",,,0
15425,04.0074,OCP,"opp test mt51","2016-01-18 16:07:24","2016-01-23 21:31:00",100,"2016-01-27 00:00:00",Dossier_612,"tes mt51",http://prepeachat.ocpgroup.ma/esop/toolkit/opportunity/opportunityDetail.do?opportunityId=100,"2016-01-22 18:18:43","2016-01-22 18:18:43",,,0
15426,02.0029,OCP,"opp test mt52","2016-01-18 16:08:06","2016-01-24 23:21:00",101,"2016-01-25 23:41:00",Dossier_613,"test mt52",http://prepeachat.ocpgroup.ma/esop/toolkit/opportunity/opportunityDetail.do?opportunityId=101,"2016-01-22 18:18:43","2016-01-22 18:18:43",,,0
15427,01.0001,OCP,"AMI ATEXO Tests 1801","2016-01-18 18:58:31","2016-01-29 12:00:00",106,"2016-02-06 12:00:00",Dossier_614,"Tests AMI ATEXO",http://prepeachat.ocpgroup.ma/esop/toolkit/opportunity/opportunityDetail.do?opportunityId=106,"2016-01-22 18:18:43","2016-01-22 18:18:43",,,0
15432,01.0001,OCP,"Opportunité - Guide SRM SD","2016-03-22 09:58:50","2016-03-22 12:00:00",125,"2016-03-22 15:00:00",Dossier_636,"Dossier Formation SD - 21032016",http://prepeachat.ocpgroup.ma/esop/toolkit/opportunity/opportunityDetail.do?opportunityId=125,"2016-03-22 10:05:40","2016-03-22 10:05:40",,,0
15433,40.0971,OCP,"Opportunités - Tests 12.4","2016-04-12 15:23:16","2016-04-20 11:00:00",38,"2016-04-14 11:00:00",Dossier_84,"Dossier - Tests 12.4",http://10.211.74.24/esop/toolkit/opportunity/opportunityDetail.do?opportunityId=38,"2016-04-12 16:32:31","2016-04-12 16:32:31",,,0
15434,19.0383,OCP,"test atexo 2 test atexo 2","2016-12-21 16:26:59","2016-12-22 23:59:00",131,"2016-12-22 23:59:00",Dossier_651,"test atexo 2",http://prepeachat.ocpgroup.ma/esop/toolkit/opportunity/opportunityDetail.do?opportunityId=131,"2016-12-21 16:25:58","2016-12-21 16:25:58",,,0
15435,19.0380,OCP,"test evolution atexo1","2016-12-21 15:44:57","2016-12-22 23:00:00",130,"2016-12-22 23:00:00",Dossier_650,"test evolution atexo1",http://prepeachat.ocpgroup.ma/esop/toolkit/opportunity/opportunityDetail.do?opportunityId=130,"2016-12-21 16:25:58","2016-12-21 16:25:58",,,0
15436,11.0211,OCP,"test atexo1","2017-01-27 15:35:46","2017-02-02 00:00:00",136,"2017-02-02 00:00:00",Dossier_657,"test atexo1",http://prepeachat.ocpgroup.ma/esop/toolkit/opportunity/opportunityDetail.do?opportunityId=136,"2017-01-27 15:42:01","2017-01-27 15:42:01",,,0
15437,98.9987,OCP,"test atexo","2017-01-27 16:31:35","2017-02-02 00:00:00",134,"2017-02-02 00:00:00",Dossier_655,"test atexo",http://prepeachat.ocpgroup.ma/esop/toolkit/opportunity/opportunityDetail.do?opportunityId=134,"2017-01-27 17:09:01","2017-01-27 17:09:01",,,0
15438,03.0062,OCP,"test date ","2017-02-15 11:05:51","2017-02-17 00:00:00",139,"2017-02-16 00:00:00",Dossier_661,"test date ",http://esuppliers.ocpgroup.org/esop/toolkit/opportunity/opportunityDetail.do?opportunityId=139,"2017-02-15 11:27:01","2017-02-15 11:27:01",,,0
15439,07.0111,OCP,"test 13032017","2017-03-14 17:48:00","2017-03-15 12:45:00",140,"2017-03-15 10:00:00",Dossier_664,"test 13032017",http://esuppliers.ocpgroup.org/esop/toolkit/opportunity/opportunityDetail.do?opportunityId=140,"2017-03-13 11:00:01","2017-03-13 11:00:01",,,0
15442,01.0001,OCP,test,"2017-03-15 18:45:00","2017-03-22 12:00:00",143,"2017-03-16 12:00:00",Dossier_666,test,http://esuppliers.ocpgroup.org/esop/toolkit/opportunity/opportunityDetail.do?opportunityId=143,"2017-03-15 18:51:01","2017-03-15 18:51:01",,,0
15443,09.0141,OCP,"Test 16/03/2017","2017-03-16 15:13:00","2017-03-17 12:00:00",144,"2017-03-20 12:00:00",Dossier_667,"Test 16/03/2017",http://prepeachat.ocpgroup.ma/esop/toolkit/opportunity/opportunityDetail.do?opportunityId=144,"2017-03-16 11:15:01","2017-03-16 11:15:01",,,0
15444,05.0081,OCP,"Test 16-03-2017","2017-03-16 15:18:00","2017-03-18 00:00:00",145,"2017-03-20 00:00:00",Dossier_668,"Test 16-03-2017",http://prepeachat.ocpgroup.ma/esop/toolkit/opportunity/opportunityDetail.do?opportunityId=145,"2017-03-16 11:51:02","2017-03-16 11:51:02",,,0
15445,05.0081,OCP,"test 22032017","2017-03-23 11:47:00","2017-03-23 12:00:00",146,"2017-03-23 12:00:00",Dossier_669,"test 22032017",http://esuppliers.ocpgroup.org/esop/toolkit/opportunity/opportunityDetail.do?opportunityId=146,"2017-03-22 10:54:01","2017-03-22 10:54:01",,,0
15446,10.0180,OCP,"TEST2 24/03/2017","2017-03-24 15:06:00","2017-03-25 00:00:00",149,"2017-03-25 00:00:00",Dossier_672,"test2 24/03/2017",http://prepeachat.ocpgroup.ma/esop/toolkit/opportunity/opportunityDetail.do?opportunityId=149,"2017-03-24 15:12:02","2017-03-24 15:12:02",,,0
15447,05.0080,OCP,"test3 24/03/2017 ","2017-03-24 16:31:00","2017-03-25 00:00:00",151,"2017-03-25 00:00:00",Dossier_673,"test3 24/03/2017",http://prepeachat.ocpgroup.ma/esop/toolkit/opportunity/opportunityDetail.do?opportunityId=151,"2017-03-24 16:42:01","2017-03-24 16:42:01",,,0
15448,04.0071,OCP,"test5 24/03/2017","2017-03-24 17:03:00","2017-03-25 00:00:00",150,"2017-03-25 00:00:00",Dossier_674,"test5 24/03/2017",http://prepeachat.ocpgroup.ma/esop/toolkit/opportunity/opportunityDetail.do?opportunityId=150,"2017-03-24 17:12:01","2017-03-24 17:12:01",,,0
15449,10.0180,OCP,"Opportunité 27/03/2017","2017-10-24 08:18:00","2017-03-16 12:00:00",152,"2017-10-24 09:00:00",Dossier_676,TEST27/03/2017,http://prepeachat.ocpgroup.ma/esop/toolkit/opportunity/opportunityDetail.do?opportunityId=152,"2017-03-27 15:09:01","2017-03-27 15:09:01",,,0
15450,03.0061,OCP,"test opportunité 29/03/2017","2017-03-30 08:29:00","2017-03-29 23:00:00",153,"2017-03-30 11:00:00",Dossier_677,"test 29/03/2017",http://prepeachat.ocpgroup.ma/esop/toolkit/opportunity/opportunityDetail.do?opportunityId=153,"2017-03-29 16:09:01","2017-03-29 16:09:01",,,0
15451,12.0222,"OCP / JORF / AXE NORD",Opportunité,"2018-08-09 10:34:00","2015-09-18 17:00:00",33,"2018-08-31 09:00:00",Dossier_491,"Tests - OE - Envoi des notifs de refus fournisseur",http://eachatrecette.ocpgroup.ma/esop/toolkit/opportunity/opportunityDetail.do?opportunityId=33,"2017-05-04 17:15:01","2017-05-04 17:15:01",,,0
15452,03.0061,OCP,"TEST 07042017","2017-05-22 14:52:00","2017-04-07 14:00:00",154,"2017-05-23 12:00:00",Dossier_678,"TEST 07042017",http://prepeachat.ocpgroup.ma/esop/toolkit/opportunity/opportunityDetail.do?opportunityId=154,"2017-05-22 15:06:01","2017-05-22 15:06:01",,,0
15453,04.0074,OCP,test11,"2017-09-19 14:41:00","2017-09-21 11:00:00",156,"2017-09-21 11:00:00",Dossier_687,test11,http://prepeachat.ocpgroup.ma/esop/toolkit/opportunity/opportunityDetail.do?opportunityId=156,"2017-09-19 16:00:01","2017-09-19 16:00:01",,,0
15454,02.0037,OCP,"prestations intellectuelle","2017-10-12 09:10:00","2017-10-17 11:00:00",157,"2017-10-18 11:00:00",Dossier_688,Prestations,http://prepeachat.ocpgroup.ma/esop/toolkit/opportunity/opportunityDetail.do?opportunityId=157,"2017-09-19 16:00:01","2017-09-19 16:00:01",,,0
15455,04.0074,OCP,Prestations,"2017-10-03 13:48:00","2017-10-06 11:00:00",158,"2017-10-06 11:00:00",Dossier_689,Prestations,http://prepeachat.ocpgroup.ma/esop/toolkit/opportunity/opportunityDetail.do?opportunityId=158,"2017-10-03 15:00:01","2017-10-03 15:00:01",,,0
15456,32.0743,OCP,"bD TFBWX","2017-10-03 13:52:00","2017-10-11 11:00:00",159,"2017-10-10 11:00:00",Dossier_690,jauiqsnjbcshqb,http://prepeachat.ocpgroup.ma/esop/toolkit/opportunity/opportunityDetail.do?opportunityId=159,"2017-10-03 15:00:01","2017-10-03 15:00:01",,,0
15457,50.1252,OCP,aménagement,"2017-10-04 09:21:00","2017-10-11 11:00:00",160,"2017-10-11 11:00:00",Dossier_691,Aménagement,http://prepeachat.ocpgroup.ma/esop/toolkit/opportunity/opportunityDetail.do?opportunityId=160,"2017-10-04 10:24:01","2017-10-04 10:24:01",,,0
15458,02.0020,OCP,"Test notifs - informatique","2017-10-12 10:04:00","2017-10-19 10:00:00",161,"2017-10-26 10:00:00",Dossier_692,"Test  notifs ATEXO",http://prepeachat.ocpgroup.ma/esop/toolkit/opportunity/opportunityDetail.do?opportunityId=161,"2017-10-12 11:06:01","2017-10-12 11:06:01",,,0
15459,04.0074,OCP,Métaux,"2017-10-12 10:04:00","2017-10-19 11:00:00",162,"2017-10-18 11:00:00",Dossier_693,Prestations,http://prepeachat.ocpgroup.ma/esop/toolkit/opportunity/opportunityDetail.do?opportunityId=162,"2017-10-12 11:06:01","2017-10-12 11:06:01",,,0
15461,20.0399,OCP,"Tests BAA - 01082018","2018-08-06 11:39:00","2018-08-15 11:22:00",180,"2018-08-30 11:00:00",Dossier_732,"Formation - Processus AMI - Fourniture",http://eachatrecette.ocpgroup.ma/esop/toolkit/opportunity/opportunityDetail.do?opportunityId=180,"2018-08-01 16:03:01","2018-08-01 16:03:01",,,0
15464,02.0020,OCP,"Démo Frournisseurs - Appel à manifestation d'intérêt ","2018-08-04 21:24:00","2018-08-03 11:00:00",183,"2018-08-31 17:00:00",Dossier_736,"Formation fournisseur",http://eachatrecette.ocpgroup.ma/esop/toolkit/opportunity/opportunityDetail.do?opportunityId=183,"2018-08-02 11:12:01","2018-08-02 11:12:01",,,0
15465,20.0399,OCP,"Opportunité - AMI","2018-08-02 12:02:00","2018-08-02 12:03:00",184,"2018-08-02 12:03:00",Dossier_737,"Formation - Processus AMI - Fourniture",http://eachatrecette.ocpgroup.ma/esop/toolkit/opportunity/opportunityDetail.do?opportunityId=184,"2018-08-02 12:30:02","2018-08-02 12:30:02",,,0
15466,02.0020,OCP,"Appel à manifestation d'intêret - Formation service desk","2018-08-13 07:51:00","2018-07-31 23:00:00",186,"2018-11-10 12:00:00",Dossier_743,"Formation Service desk",http://eachatrecette.ocpgroup.ma/esop/toolkit/opportunity/opportunityDetail.do?opportunityId=186,"2018-08-04 23:39:02","2018-08-04 23:39:02",,,0
15467,24.0509,"OCP/AXE CENTRE/SAFI","REMISE EN ÉTAT DU BAC DE STOCKAGE DE SOUFRE
","2018-08-06 10:45:00","2018-08-06 11:00:00",187,"2018-08-06 11:00:00",Dossier_748,"REMISE EN ÉTAT DU BAC DE STOCKAGE DE SOUFRE",http://eachatrecette.ocpgroup.ma/esop/toolkit/opportunity/opportunityDetail.do?opportunityId=187,"2018-08-06 11:54:01","2018-08-06 11:54:01",,,0
15468,41.1052,OCP,"TEST GLOBAL 18 ","2018-08-07 14:45:00","2018-08-08 10:00:00",189,"2018-08-08 11:00:00",Dossier_760,"TEST GLOBAL 18",http://eachatrecette.ocpgroup.ma/esop/toolkit/opportunity/opportunityDetail.do?opportunityId=189,"2018-08-07 15:48:02","2018-08-07 15:48:02",,,0
15469,24.0509,"OCP/axe centre/safi","REMISE EN ÉTAT DU BAC DE STOCKAGE DE SOUFRE","2018-08-07 18:44:00","2018-08-08 11:00:00",190,"2018-08-08 21:00:00",Dossier_757,"REMISE EN ÉTAT DU BAC DE STOCKAGE DE SOUFRE",http://eachatrecette.ocpgroup.ma/esop/toolkit/opportunity/opportunityDetail.do?opportunityId=190,"2018-08-07 19:51:01","2018-08-07 19:51:01",,,0
15470,24.0509,"OCP/AXE CENTRE/SAFI","Révision des unités phosphoriques 
Révisions générales systématiques des unités phosphoriques de Maroc Chimie en parallèle avec les travaux de lessivage chimique et nettoyage des cuves et gaines d’assainissement préconisé par PRAYON et UCEGO pour chaque 6 mois.
","2018-08-09 08:54:00","2018-08-09 09:14:00",191,"2018-08-09 09:15:00",Dossier_764,"Révision des unités phosphoriques ",http://eachatrecette.ocpgroup.ma/esop/toolkit/opportunity/opportunityDetail.do?opportunityId=191,"2018-08-09 09:54:01","2018-08-09 09:54:01",,,0
15471,09.0151,OCP,"acquisition des groupes électrogènes","2018-08-09 09:17:00","2018-08-09 10:00:00",192,"2018-08-09 10:00:00",Dossier_751,"Acquisition des groupes électrogènes",http://eachatrecette.ocpgroup.ma/esop/toolkit/opportunity/opportunityDetail.do?opportunityId=192,"2018-08-09 10:18:01","2018-08-09 10:18:01",,,0
15472,17.0363,"OCP/Jorf Lasfar","Achat de compensateurs","2018-08-09 10:08:00","2018-08-11 09:00:00",193,"2018-08-09 10:09:00",Dossier_765,"Achat de compensateurs ",http://eachatrecette.ocpgroup.ma/esop/toolkit/opportunity/opportunityDetail.do?opportunityId=193,"2018-08-09 10:51:01","2018-08-09 10:51:01",,,0
15473,24.0503,OCP/GP,"Achat d'un Réacteur","2018-08-09 11:19:00","2018-08-09 23:00:00",194,"2018-08-10 09:00:00",Dossier_766,"Achat d'un Réacteur",http://eachatrecette.ocpgroup.ma/esop/toolkit/opportunity/opportunityDetail.do?opportunityId=194,"2018-08-09 12:21:01","2018-08-09 12:21:01",,,0
15474,02.0020,OCP,TEST,"2018-08-09 13:47:00","2018-08-09 14:00:00",195,"2018-08-09 14:00:00",Dossier_767,TEST1,http://eachatrecette.ocpgroup.ma/esop/toolkit/opportunity/opportunityDetail.do?opportunityId=195,"2018-08-09 15:00:01","2018-08-09 15:00:01",,,0
15475,09.0142,"OCP/Jorf Lasfar","Pièces de rechange ","2018-08-09 14:25:00","2018-08-10 09:00:00",196,"2018-08-11 09:00:00",Dossier_768,"Pièces de rechange",http://eachatrecette.ocpgroup.ma/esop/toolkit/opportunity/opportunityDetail.do?opportunityId=196,"2018-08-09 15:27:01","2018-08-09 15:27:01",,,0
15476,02.0020,OCP,"OP TEST3","2018-08-09 15:25:00","2018-08-09 16:00:00",197,"2018-08-09 16:00:00",Dossier_770,TEST3,http://eachatrecette.ocpgroup.ma/esop/toolkit/opportunity/opportunityDetail.do?opportunityId=197,"2018-08-09 16:30:02","2018-08-09 16:30:02",,,0
15477,37.0852,OCP,"achat pompe a eau","2018-08-09 16:22:00","2018-08-14 17:00:00",198,"2018-08-16 17:00:00",Dossier_771,"ACHAT POMPE A EAU",http://eachatrecette.ocpgroup.ma/esop/toolkit/opportunity/opportunityDetail.do?opportunityId=198,"2018-08-09 17:21:01","2018-08-09 17:21:01",,,0
15478,02.0020,OCP,TEST,"2018-08-10 08:41:00","2018-08-10 09:00:00",201,"2018-08-10 08:42:00",Dossier_774,TEST4,http://eachatrecette.ocpgroup.ma/esop/toolkit/opportunity/opportunityDetail.do?opportunityId=201,"2018-08-10 09:42:02","2018-08-10 09:42:02",,,0
15479,21.0424,OCP,Equipement,"2018-08-10 09:29:00","2018-08-10 10:00:00",202,"2018-08-10 09:30:00",Dossier_776,"Achat d'un équipement de process - test",http://eachatrecette.ocpgroup.ma/esop/toolkit/opportunity/opportunityDetail.do?opportunityId=202,"2018-08-10 10:18:01","2018-08-10 10:18:01",,,0
15480,98.9989,OCP,"Produits alimentaires ","2018-08-12 09:48:00","2018-08-12 10:45:00",207,"2018-08-12 09:50:00",Dossier_780,"produits alimentaires",http://eachatrecette.ocpgroup.ma/esop/toolkit/opportunity/opportunityDetail.do?opportunityId=207,"2018-08-12 10:51:01","2018-08-12 10:51:01",,,0
15481,13.0247,"OCP/ACHAT AXE CENTRE/SAFI","REMISE EN ÉTAT DU BAC DE STOCKAGE DE SOUFRE
Prestations selon DT
Spécification de chaudronnerie
Spécification de robinetterie
Spécifications de peinture
 ","2018-08-12 14:19:00","2018-08-12 14:30:00",208,"2018-08-12 14:30:00",Dossier_786,"Processus Achat Standard avec AMI",http://eachatrecette.ocpgroup.ma/esop/toolkit/opportunity/opportunityDetail.do?opportunityId=208,"2018-08-12 15:27:01","2018-08-12 15:27:01",,,0
15482,23.0474,"OCP/ SAFI","REMISE EN ÉTAT DU BAC DE STOCKAGE DE SOUFRE
Prestations selon DT
Spécification de chaudronnerie
Spécification de robinetterie
Spécifications de peinture
","2018-08-13 09:08:00","2018-08-13 09:30:00",209,"2018-08-13 09:30:00",Dossier_787,"REMISE EN ÉTAT DU BAC DE STOCKAGE DE SOUFRE",http://eachatrecette.ocpgroup.ma/esop/toolkit/opportunity/opportunityDetail.do?opportunityId=209,"2018-08-13 10:12:01","2018-08-13 10:12:01",,,0
15486,01.0001,OCP,"AMI Formation","2018-10-15 15:04:00","2018-11-01 11:00:00",214,"2018-11-04 11:00:00",Dossier_792,"Processus Achat Standard avec AMI",http://eachatrecette.ocpgroup.ma/esop/toolkit/opportunity/opportunityDetail.do?opportunityId=214,"2018-10-15 16:09:01","2018-10-15 16:09:01",,,0
15487,16.0350,OCP,"Entretien des espaces verts","2018-10-16 09:49:00","2018-12-06 02:00:00",215,"2018-12-06 02:00:00",Dossier_793,"Jardinage Tst 1610 ",http://eachatrecette.ocpgroup.ma/esop/toolkit/opportunity/opportunityDetail.do?opportunityId=215,"2018-10-16 10:51:01","2018-10-16 10:51:01",,,0
15488,311.31104,OCP,"Prestation de menuiserie aluminium ","2018-11-12 13:18:00","2018-11-13 13:15:00",216,"2018-11-13 13:30:00",Dossier_803,"Prestation de menuiserie aluminium",http://eachatrecette.ocpgroup.ma/esop/toolkit/opportunity/opportunityDetail.do?opportunityId=216,"2018-11-12 13:12:01","2018-11-12 13:12:01",,,0
15492,211.21101,OCP,"Opportunité TPEL - Site de KHOURIBGA","2019-01-18 02:43:22","2019-01-25 09:10:00",223,"2019-01-25 09:00:00",Dossier_812,"Tests TPEL - 180119",https://eachatrecette.ocpgroup.ma/esop/guest/go/opportunity/detail?opportunityId=223&locale=fr_FR,"2019-01-18 23:08:52","2019-01-18 23:08:52",Khouribga,TPEL,0
15493,111.11101,OCP,"Opportunit OCP Locale 1 : Khouribga","2019-01-21 12:29:05","2019-03-22 08:00:00",224,"2019-03-22 08:00:00",Dossier_814,"AMI1 : L Cat1 Site1",https://eachatrecette.ocpgroup.ma/esop/guest/go/opportunity/detail?opportunityId=224&locale=fr_FR,"2019-01-21 20:27:01","2019-01-21 20:27:01",Khouribga,TPEL,0
15494,211.21101,OCP,"Opportunit OCP Locale 2 : Khouribga","2019-01-21 12:50:31","2019-01-22 08:00:00",225,"2019-03-22 09:00:00",Dossier_818,"AMI2 : L Cat2 Site1  ",https://eachatrecette.ocpgroup.ma/esop/guest/go/opportunity/detail?opportunityId=225&locale=fr_FR,"2019-01-21 20:48:02","2019-01-21 20:48:02",Khouribga,TPEL,0
15496,211.21101,OCP,"Opportunit OCP Locale 5 : Jorf","2019-01-21 01:25:19","2019-03-22 09:00:00",228,"2019-03-22 09:00:00",Dossier_822," AMI5 : L Cat2 Site2",https://eachatrecette.ocpgroup.ma/esop/guest/go/opportunity/detail?opportunityId=228&locale=fr_FR,"2019-01-22 18:12:01","2019-01-22 18:12:01","JORF LASFAR",TPEL,0
15497,313.31302,OCP,"Test session du 21/02/2019
Contenu Local 
Region : Jorf 
Catgorie : 313.31302","2019-02-21 02:27:12","2019-04-22 11:00:00",229,"2019-04-30 08:00:00",Dossier_826,TS210219_CL_Jorf_313.31302,https://eachatrecette.ocpgroup.ma/esop/guest/go/opportunity/detail?opportunityId=229&locale=fr_FR,"2019-02-21 22:27:02","2019-02-21 22:27:02","JORF LASFAR",TPEL,0
15498,222.22201,OCP,"Test session du 21/02/2019
Contenu Local 
Region : Jorf 
Catgorie : 313.31302","2019-02-21 02:40:17","2019-04-29 11:00:00",230,"2019-04-30 08:00:00",Dossier_827,"TS210219_CL_Jorf_222.22201 ",https://eachatrecette.ocpgroup.ma/esop/guest/go/opportunity/detail?opportunityId=230&locale=fr_FR,"2019-02-21 22:39:02","2019-02-21 22:39:02","JORF LASFAR",TPEL,0
15499,311.31104,OCP,"Test session du 21/02/2019
Contenu Local 
Region : Jorf 
Catgorie : 311.31104","2019-02-21 02:48:11","2019-08-30 08:00:00",231,"2019-04-30 08:00:00",Dossier_828,"TS210219_CL_Jorf_311.31104 ",https://eachatrecette.ocpgroup.ma/esop/guest/go/opportunity/detail?opportunityId=231&locale=fr_FR,"2019-02-21 22:48:01","2019-02-21 22:48:01","JORF LASFAR",TPEL,0
15500,516.51601,OCP,"achat d'outil DCI","2019-03-04 10:39:57","2019-07-18 10:11:00",232,"2019-06-15 10:11:00",Dossier_831,"achat DCI",https://eachatrecette.ocpgroup.ma/esop/guest/go/opportunity/detail?opportunityId=232&locale=fr_FR,"2019-03-04 18:39:01","2019-03-04 18:39:01","JORF LASFAR",TPEL,0
15504,23.0473,"OCP /CASABLANCA/ CORPORATE ","La plateforme d’hébergement des sites Web OCP doit être localisée au Maroc, cette plateforme doit offrir :
Un environnement non mutualisé et dédié uniquement aux sites Web de l’OCP 
Un environnement évolutive pour des besoins futures
Une haute disponibilité et un débit internet garantie
  L’hébergeur doit assurer :
La mise à disposition, l’administration et la maintenance des applications, CMS, système et base données
La sauvegarde, l’archivage et la restauration
Un niveau de sécurité très élevé contre les cybercriminalités (WAF, DDoS, IPS,…)
Un support disponible 7j/7 24h/24
","2016-02-16 09:39:40","2016-02-20 23:00:00",4916,"2016-02-22 23:00:00",Dossier_15344,"Hébergement des sites web OCP au Maroc",https://esuppliers.ocpgroup.org/esop/toolkit/opportunity/opportunityDetail.do?opportunityId=4916,"2016-01-21 19:10:13","2016-01-21 19:10:13",,,0
15505,09.0149,"OCP/ AXE CENTRE / PHOSBOUCRAA","Voir la fiche technique ci-joint.","2016-01-07 10:48:49","2015-12-22 23:00:00",4919,"2015-12-24 23:00:00",Dossier_15346,"EPINGLE CHAUFF ",http://esuppliers.ocpgroup.org/esop/toolkit/opportunity/opportunityDetail.do?opportunityId=4919,"2016-01-21 19:10:13","2016-01-21 19:10:13",,,0
15506,24.0506,"OCP / DIRECTION EXECUTIVE OPERATIONS INDUSTRIELLES / GANTOUR","Fourniture des Diaphragmes, alimentation hydrocyclone, partie conique inférieure et supérieure et buse hydrocyclone. (voir pièce jointe)","2016-01-04 15:21:48","2016-01-18 18:00:00",5016,"2016-01-20 18:00:00",Dossier_15453,ROBINETTERIE,http://esuppliers.ocpgroup.org/esop/toolkit/opportunity/opportunityDetail.do?opportunityId=5016,"2016-01-21 19:10:13","2016-01-21 19:10:13",,,0
15507,54.1320,"OCP / OPERATIONS INDUSTRIELLES / KHOURIBGA","* Nettoyage des regards 
* Renforcement de l’étanchéité des regards (Réparation des fissures des murailles); 
* Fourniture et installation des équipements d’accès et de verrouillage des regards; 
* Fourniture et installation des grilles d’aération des regards ","2016-01-08 17:37:32","2016-01-22 18:00:00",5095,"2016-01-29 18:00:00",Dossier_15582,"Aménagement des regards des conduites DN800 et DN1100",http://esuppliers.ocpgroup.org/esop/toolkit/opportunity/opportunityDetail.do?opportunityId=5095,"2016-01-21 19:10:13","2016-01-21 19:10:13",,,0
15508,47.1176,"OCP /Direction Achats Axe Nord / Jorf Lasfar","Travaux de révision du réducteur HANSEN P4 QHPR3-TRN du secheur des unités 107 engrais à jorf Lasfar","2016-01-20 10:55:46","2016-01-11 12:00:00",5098,"2016-01-11 12:00:00",Dossier_15585,"Travaux de révision du réducteur HANSEN P4 QHPR3-TRN",http://esuppliers.ocpgroup.org/esop/toolkit/opportunity/opportunityDetail.do?opportunityId=5098,"2016-01-21 19:10:13","2016-01-21 19:10:13",,,0
15509,98.9988,"OCP /CASA /CORPORATE","Accompagnement de l’Entité Contenu de la Direction Exécutive Affaires Publiques et Communication Groupe dans la rédaction, l’adaptation, le rewriting et la synthétisation de contenu éditorial sur une période d’un an. La production sera faite à partir de contenu brut fourni par l’entité ou de brief sur des thématiques particulières. La rédaction peut se faire en français, en arabe ou en anglais en fonction des projets, pour différents types de supports (brochures, web, synthèses, rapports, etc.) 
","2016-01-06 14:25:37","2015-12-29 23:00:00",4883,"2015-12-29 23:00:00",Dossier_15293,"Contrat cadre pour le choix d’une agence de production de contenu éditorial en 3",http://esuppliers.ocpgroup.org/esop/toolkit/opportunity/opportunityDetail.do?opportunityId=4883,"2016-01-21 19:10:13","2016-01-21 19:10:13",,,0
15510,53.1311,"OCP. SA -SITE DE JORF LASFAR","FOURNITURE DE MANCHE A VENT ","2016-01-12 13:53:53","2016-01-06 23:00:00",4945,"2016-01-06 23:00:00",Dossier_15393,"FOURNITURE DE MANCHE A VENT ",http://esuppliers.ocpgroup.org/esop/toolkit/opportunity/opportunityDetail.do?opportunityId=4945,"2016-01-21 19:10:13","2016-01-21 19:10:13",,,0
15511,44.1142,"OCP / GP / JORF LASFAR","Travaux de mise à niveau des accès de Jorf Fertilizer Compagny 2


Fourniture et montage des gardes corps, passerelles, échelles à crinoline, tôles striées, caillebotis ….pour l’usine Jorf Fertilizer Compagny 2
","2016-01-18 16:07:16","2016-01-25 16:00:00",4950,"2016-01-25 16:00:00",Dossier_15395,"Préparation, Fourniture, Montage et livraison de passerelles à JFC 2",http://esuppliers.ocpgroup.org/esop/toolkit/opportunity/opportunityDetail.do?opportunityId=4950,"2016-01-21 19:10:13","2016-01-21 19:10:13",,,0
15512,33.0773,"OCP/ACHAT CORPORATE/JORF LASFAR","Prestation de nettoyage et travaux procédés aux ateliers phosphorique, sulfurique et utilités  de JFC1 à Jorf Lasfar
","2016-01-08 15:08:13","2015-12-28 12:00:00",4886,"2015-12-28 12:00:00",Dossier_15296,"Prestation de nettoyage et travaux procédés aux ateliers phosphorique, sulfuriqu",http://esuppliers.ocpgroup.org/esop/toolkit/opportunity/opportunityDetail.do?opportunityId=4886,"2016-01-21 19:10:13","2016-01-21 19:10:13",,,0
15513,25.0556,"OCP/ AXE CENTRE / Phosboucraa","Rechanges ATLAS COPCO ","2016-01-20 15:57:23","2015-12-23 23:59:00",4912,"2015-12-25 23:59:00",Dossier_15305,"Rechanges ATLAS COPCO ",http://esuppliers.ocpgroup.org/esop/toolkit/opportunity/opportunityDetail.do?opportunityId=4912,"2016-01-21 19:10:13","2016-01-21 19:10:13",,,0
15514,32.0754,"OCP / AXE CENTRE / PHOSBOUCRAA","ELEMENTS HYDROCYCLONES ","2016-01-20 16:59:18","2015-12-20 23:59:00",4896,"2015-12-22 23:59:00",Dossier_15307,"ELEMENTS HYDROCYCLONES",http://esuppliers.ocpgroup.org/esop/toolkit/opportunity/opportunityDetail.do?opportunityId=4896,"2016-01-21 19:10:13","2016-01-21 19:10:13",,,0
15515,09.0169,"OCP / GP / JORF LASFAR","Projet assistance à la mise en service : Travaux Instrumentation, Electrique et Automatisme ODI 2

Assister les équipes de mise en service avec les travaux Electrique, Instrumentation et Automatisme nécessaires pour le démarrage des installations de l’ODI 2.
Le prestataire doit fournir le matériel, équipements et main d’œuvre nécessaires pour réussir la mise en service et démarrage des installations de l’ODI 2.

","2016-01-20 11:48:46","2015-12-18 18:00:00",4954,"2015-12-23 16:00:00",Dossier_15400,"Projet assistance : Travaux Instrumentation, Electrique et Automatism",http://esuppliers.ocpgroup.org/esop/toolkit/opportunity/opportunityDetail.do?opportunityId=4954,"2016-01-21 19:10:13","2016-01-21 19:10:13",,,0
15516,31.0720,"OCP /AXE CENTRE / SAFI","Floculant pour filtration d’acide phosphorique
Adjuvant de floculation pour traitement d’eau
","2016-01-05 14:05:38","2015-12-29 19:00:00",4958,"2015-12-31 19:00:00",Dossier_15403,"Floculant pour filtration d’acide phosphorique DA- 19288",http://esuppliers.ocpgroup.org/esop/toolkit/opportunity/opportunityDetail.do?opportunityId=4958,"2016-01-21 19:10:13","2016-01-21 19:10:13",,,0
15517,07.0111,"OCP / AXE NORD / KHOURIBGA","RECHANGE TAIM  :
Rechange TAIM pour assurer la révision de l'ensemble des types des réducteurs TAIM ,instalers dans les différents instalations de traitement.","2016-01-13 09:12:07","2015-12-31 18:00:00",5031,"2016-01-07 18:00:00",Dossier_15508,"RECHANGE TAIM TFG",http://esuppliers.ocpgroup.org/esop/toolkit/opportunity/opportunityDetail.do?opportunityId=5031,"2016-01-21 19:10:13","2016-01-21 19:10:13",,,0
15518,15.0338,"OCP/DIRECTION EXECUTIVE OPERATIONS INDUSTRIELLES/GANTOUR ","Acquisition et pose lustres pour mosquée OCP YOUSSOUFIA, pour plus de détails consulter la pièce-jointe "FICHE D'INFORMATION".","2016-01-21 15:38:34","2016-01-05 18:00:00",5030,"2016-01-06 18:00:00",Dossier_15509,"Acquisition et pose lustres pour mosquée OCP YOUSSOUFIA",http://esuppliers.ocpgroup.org/esop/toolkit/opportunity/opportunityDetail.do?opportunityId=5030,"2016-01-21 19:10:13","2016-01-21 19:10:13",,,0
15519,42.1114,"OCP/JORF LASFAR","FOURNITURE DES PIECES DE RECHANGE DE MARQUE TUFLIN pour Jorf Lasfar","2015-12-30 15:53:24","2016-01-13 18:00:00",5102,"2016-01-20 18:00:00",Dossier_15592,"FOURNITURE DES PIECES DE RECHANGE DE MARQUE TUFLIN",http://esuppliers.ocpgroup.org/esop/toolkit/opportunity/opportunityDetail.do?opportunityId=5102,"2016-01-21 19:10:13","2016-01-21 19:10:13",,,0
15520,08.0121,"OCP / AXE CENTRE / SAFI","- POUBELLE METALIQUE. POUBELLE DE GRANDE CONTENANCE AVEC PEDALE  "CLAPET PUSH" EN ACIER INOXYDABLE.  LARGE SOCLE POUR EVITER LE BASCULEMENT.  SEAU INTERIEUR GALVANISE 50 LITRES.  ANNEAU DE SERRAGE POUR SAC POUBELLE. MATIERE : ACIER INOXYDABLE ANTI TRACES. COULEUR : INOX ANTI TRACES. DIMENSIONS : 86X35 CM DE DIAMETRE. POIDS : 9,9;
- CENDRIER METALIQUE. SYSTÈME DE FIXATION AU SOL A 4 VIS. RESERVOIR INTEGRE. VERROUILLAGE DE LA TETE PAR SERRURE. MATIERE : ACIER INOXYDABLE. DIMENSIONS : -HAUTEUR : 113 CM. -LARGEUR : 25 CM. -PROFONDEUR : 20 CM.","2016-01-18 09:29:10","2016-01-06 19:00:00",5033,"2016-01-08 19:00:00",Dossier_15511,"FOURNITURE DES CENDRIERS ET POUBELLES METALIQUES CONCERNANT LA DA 19561",http://esuppliers.ocpgroup.org/esop/toolkit/opportunity/opportunityDetail.do?opportunityId=5033,"2016-01-21 19:10:13","2016-01-21 19:10:13",,,0
15521,40.1033,"OCP/SAFI/AXE CENTRE","Régulation-VEGA ","2016-01-18 11:44:51","2016-01-09 17:00:00",5055,"2016-01-12 17:00:00",Dossier_15539,"Régulation-VEGA  DAX 19558",http://esuppliers.ocpgroup.org/esop/toolkit/opportunity/opportunityDetail.do?opportunityId=5055,"2016-01-21 19:10:13","2016-01-21 19:10:13",,,0
15522,43.1134,"OCP / DIRECTION EXECUTIVE OPERATIONS INDUSTRIELLES GANTOUR","Fourniture des Produits dentaires ","2016-01-04 15:05:49","2015-12-29 18:00:00",5059,"2015-12-31 18:00:00",Dossier_15542,"Fourniture des Produits dentaires ",http://esuppliers.ocpgroup.org/esop/toolkit/opportunity/opportunityDetail.do?opportunityId=5059,"2016-01-21 19:10:13","2016-01-21 19:10:13",,,0
15523,32.0754,"OCP / AXE CENTRE / PHOSBOUCRAA","MATERIEL SUIVANT PLAN","2016-01-08 15:22:24","2015-12-16 23:00:00",4898,"2015-12-18 23:00:00",Dossier_15311," Matériel suivant plan",http://esuppliers.ocpgroup.org/esop/toolkit/opportunity/opportunityDetail.do?opportunityId=4898,"2016-01-21 19:10:13","2016-01-21 19:10:13",,,0
15524,24.0514,"OCP/IND/JORF LASFAR","Détail des prestations :

- La fourniture des tuyauteries et composants de tuyauterie. 
- La préfabrication en atelier suivant isométriques fournies par DSEC (pour DN>50). 
- Le transport, le stockage, le gardiennage, et le montage sur site des lignes préfabriquées. 
- La construction sur site des ligne DN<50 suivant routing indiqué sur chantier. 
- Le stockage et le montage de la robinetterie, accessoires et instrumentation en ligne fournies par DSEC. 
- Les études, la fourniture et le montage des supports de tuyauterie. 
- Le stockage, le gardiennage et l’installation des pompes sur site. 
- La mise en place et l’entretien de moyen de manutention (échafaudage, nacelle télescopique ; etc…) 
- Les tests d’étanchéité et de pression. 
- Le rinçage des tuyauteries 
- La documentation (procédure de raccordement, certificat matière, traçabilité des raccordement,…) et les isométriques as-built 
- Les études, le dimensionnement, la réalisation des plans de fabrication des réservoirs
- L’ensemble de la fourniture des matériaux 
- La fabrication des réservoirs en atelier 
- Les tests requis 
- Le transport des réservoirs à partir de l’atelier du Prestataire jusqu’au Site 
- L’installation des réservoirs sur Site 

Délai de réalisation: 12 mois","2016-01-15 14:57:31","2015-12-28 18:00:00",4962,"2015-12-31 18:00:00",Dossier_15407,"Fourniture et montage de la tuyauterie et réservoirs en FRP pour le projet MAP",http://esuppliers.ocpgroup.org/esop/toolkit/opportunity/opportunityDetail.do?opportunityId=4962,"2016-01-21 19:10:13","2016-01-21 19:10:13",,,0
15525,41.1052,"OCP / AXE NORD / JORF LASFAR","la fourniture de vanne à passage direct série 800 et purgeur thermodynamique ","2016-01-07 10:39:40","2015-12-28 18:00:00",4983,"2016-01-04 18:00:00",Dossier_15438,"la fourniture de vanne à passage direct série 800 et purgeur thermodynamique pou",http://esuppliers.ocpgroup.org/esop/toolkit/opportunity/opportunityDetail.do?opportunityId=4983,"2016-01-21 19:10:13","2016-01-21 19:10:13",,,0
15526,11.0210,"OCP SA -  JORF LASFAR","ACHAT DE MACHINES A COUDRE","2016-01-12 16:04:22","2016-01-05 23:00:00",4995,"2016-01-05 23:00:00",Dossier_15461,"Machines à coudre",http://esuppliers.ocpgroup.org/esop/toolkit/opportunity/opportunityDetail.do?opportunityId=4995,"2016-01-21 19:10:13","2016-01-21 19:10:13",,,0
15527,32.0743,"OCP / AXE CENTRE / SAFI ","FOURNITURE POUR  ACIERS INOX.
","2016-01-20 10:21:23","2016-01-07 23:00:00",5024,"2016-01-08 23:00:00",Dossier_15501,"TOLE ACIERS. ",http://esuppliers.ocpgroup.org/esop/toolkit/opportunity/opportunityDetail.do?opportunityId=5024,"2016-01-21 19:10:13","2016-01-21 19:10:13",,,0
15528,41.1050,"OCP / GP / JORF LASFAr","Projet assistance à la mise en service : Travaux Mécaniques et Tuyauterie ODI 2

Assister les équipes de mise en service avec les travaux mécaniques et tuyauteries nécessaires pour le démarrage des installations de l’ODI 2.
Le prestataire doit fournir le matériel, équipements et main d’œuvre nécessaires pour réussir la mise en service et démarrage des installations de l’ODI 2.
","2016-01-25 09:54:28","2016-01-25 16:00:00",4952,"2016-01-25 16:00:00",Dossier_15397,"Projet assistance à la mise en service : Travaux Mécaniques et Tuyauterie ODI 2",https://esuppliers.ocpgroup.org/esop/toolkit/opportunity/opportunityDetail.do?opportunityId=4952,"2016-01-21 19:10:13","2016-01-21 19:10:13",,,0
15529,50.1253,"OCP / AXE NORD / KHOURIBGA","AMÉNAGEMENT D'UN AUTOCAR ÉDUCATIF
-Remise en état de la chaine cinématique 
-Dépose de tous les organes de l’autocar 
-Travaux de chaudronnerie et d’étanchéité 
-Dépose et pose des glaces 
-Revêtement et aménagement intérieur
-Fourniture et installation des banquettes, strapontins et remise en état de 02 sièges
-Fourniture et installation des équipements électriques
-Fourniture et installation des organes du système de la climatisation et du chauffage
-Décapage, protection et peinture
-Fourniture et installation des moyens de surveillance et de communication
-Équipements de servitude et de sécurité
-Documents de bord

Délai de réalisation : 03 mois
Selon le Brief ci-joint","2016-01-08 11:11:21","2016-01-07 12:00:00",5015,"2016-01-07 12:00:00",Dossier_15480,"AMENAGEMENT D'UN AUTOCAR EDUCATIF ",http://esuppliers.ocpgroup.org/esop/toolkit/opportunity/opportunityDetail.do?opportunityId=5015,"2016-01-21 19:10:13","2016-01-21 19:10:13",,,0
15530,41.1052,"OCP/Jorf Lasfar","Robinetterie et Accessoires pour Khouribga ","2015-12-30 15:49:32","2016-01-13 18:00:00",5107,"2016-01-20 18:00:00",Dossier_15596,"Robinetterie et Accessoires pour Khouribga",http://esuppliers.ocpgroup.org/esop/toolkit/opportunity/opportunityDetail.do?opportunityId=5107,"2016-01-21 19:10:13","2016-01-21 19:10:13",,,0
15531,25.0569,"OCP / GP / LAAYOUNE","Fourniture de deux débourbeurs (Drum Scrubbers) pour le projet de construction de la nouvelle laverie de Laayoune :

Le package comprend la Conception, l'étude, fabrication, Fourniture, supervision de montage et Mise en service de Deux Débourbeurs (Drum Scrubbers) et leurs accessoires (mécaniques, électriques, instrumentation) au niveau de la Laverie Laayoune.
La réalisation du lot Génie Civil et structure principale est hors-scope.
","2016-01-18 11:52:01","2015-12-21 20:00:00",4928,"2015-12-21 20:00:00",Dossier_15368,"DEBOURBEURS (SCRUBBERS) POUR LA LAVERIE LAAYOUNE",http://esuppliers.ocpgroup.org/esop/toolkit/opportunity/opportunityDetail.do?opportunityId=4928,"2016-01-21 19:10:13","2016-01-21 19:10:13",,,0
15532,09.0141,"OCP/SAFI/AXE CENTRE","Appareils de mesure et de contrôle électrique","2016-01-19 13:38:31","2016-01-16 17:00:00",5090,"2016-01-18 17:00:00",Dossier_15576,"Appareils de mesure et de contrôle électrique  DAX 19620",http://esuppliers.ocpgroup.org/esop/toolkit/opportunity/opportunityDetail.do?opportunityId=5090,"2016-01-21 19:10:13","2016-01-21 19:10:13",,,0
15533,01.0005,"OCP/JORF LASFAR","Matériels de laboratoire pour Khouribga","2015-12-30 15:49:02","2016-01-13 18:00:00",5108,"2016-01-20 18:00:00",Dossier_15597,"Matériels de laboratoire pour Khouribga",http://esuppliers.ocpgroup.org/esop/toolkit/opportunity/opportunityDetail.do?opportunityId=5108,"2016-01-21 19:10:13","2016-01-21 19:10:13",,,0
15534,11.0211,"OCP / OPERATIONS INDUSTRIELLES / KHOURIBGA","Fourniture et pose de : 
• Meubles en inox (tables, casiers, armoires, bacs, plonge, … etc.)
• Matériel de cuisine (fours, friteuses, fourneaux, … etc.)
• Matériel de froid (chambre froide, comptoirs réfrigéré)  
• Et autres accessoires nécessaires 

 Délai de réalisation des travaux : 01 mois

Selon le BRIEF Technique joint à la RFI
","2016-01-19 14:06:26","2016-01-18 18:00:00",5109,"2016-01-18 18:00:00",Dossier_15598,"MISE A NIVEAU DES CUISINES DE SITE DE KHOURIBGA",http://esuppliers.ocpgroup.org/esop/toolkit/opportunity/opportunityDetail.do?opportunityId=5109,"2016-01-21 19:10:13","2016-01-21 19:10:13",,,0
15535,15.0336,OCP/CORPORATE/CASA,"Travaux de numérisation des archives du groupe OCP","2016-01-05 09:57:15","2016-01-23 18:00:00",5125,"2016-01-25 16:00:00",Dossier_15618,"Contrat cadre de 3 ans pour la fourniture de scanners professionnels",http://esuppliers.ocpgroup.org/esop/toolkit/opportunity/opportunityDetail.do?opportunityId=5125,"2016-01-21 19:10:13","2016-01-21 19:10:13",,,0
15536,24.0503,"OCP / AXE CENTRE / SAFI","MANCHE POUR FILTRE SUIVANT PLAN : 2H 8839-1","2016-01-04 08:59:35","2016-01-22 19:00:00",5124,"2016-01-25 19:00:00",Dossier_15619,"MANCHE POUR FILTRE CONCERNANT LA DA 19600",http://esuppliers.ocpgroup.org/esop/toolkit/opportunity/opportunityDetail.do?opportunityId=5124,"2016-01-21 19:10:13","2016-01-21 19:10:13",,,0
15537,38.0899,"OCP/achat corporate JORF LASFAR","Acquisition des pièces  de rechange pour pompes ENSIVAL pour le complexe JFC1.Jorf Lasfar","2016-02-02 12:03:39","2016-01-18 12:00:00",5126,"2016-02-09 18:00:00",Dossier_15610,"Acquisition des pièces de rechange pour pompes ENSIVAL pour le complexe JFC1.Jor",https://esuppliers.ocpgroup.org/esop/toolkit/opportunity/opportunityDetail.do?opportunityId=5126,"2016-01-21 19:10:13","2016-01-21 19:10:13",,,0
15538,36.0841,"OCP / AXE CENTRE / SAFI","TUBE NOIR EN CAPSULE EN TEFLON
TUBE EN CPVC SCHEDULE 80
TUBE NOIRE DOUBLE EN TEFLON
TE REDUIT 304 L DOUBLE EN PTFE
TE REDUIT 304 L DOUBLE EN PTFE
TE EGAL 304 L SS 3000LB
BRIDE REDUCTION NOIR DOUBLE EN PTFE
BRIDE REDUIT NOIR DOUBLE EN PTFE
BRIDE REDUIT NOIR DOUBLE EN PTFE
TE DOUBLE EN POLYPROPYLENE
TE REDUIT DOUBLE POLYPROPYLENE
TE REDUIT DOUBLE POLYPROPYLENE
COUDE DOUBLE EN POLYPROPYLENE A 90°
REDUCTION CONCENTRIQUE EN POLYPROPYLENE
REDUCTION EXCENTRIQUE EN POLYPROPYLENE
REDUCTION EXCENTRIQUE EN POLYPROPYLENE
BRIDE EN CPVC 150#F,F
COUDE A 90° CPVC SCHEDULE 80
COUDE A 45° CPVC SCHEDULE 80
REDUCTION CONCENTRIQUE EN 304L
REDUCTION CONCENTRIQUE EN 304L
REDUCTION EXCENTRIQUE EN 304L DOUBLE
TE EN 304L DOUBLE EN PTFE
TE EN 304L DOUBLE EN PTFE
COUDE A 90° EN ACIER INOX 304L EN TEFLON
COUDE A 90° EN ACIER INOX 304L EN TEFLON.
","2016-01-29 16:23:15","2016-01-30 19:00:00",5127,"2016-02-01 19:00:00",Dossier_15621,"CANALISATION ET ACCESSOIRES EN SVR, PVC ET PTFE CONCERNANT LA DA 19592",https://esuppliers.ocpgroup.org/esop/toolkit/opportunity/opportunityDetail.do?opportunityId=5127,"2016-01-21 19:10:13","2016-01-21 19:10:13",,,0
15539,17.0362,"OCP / AXE CENTRE / SAFI","Garnitures Mécaniques  – DA 19298/15
","2016-01-21 09:18:22","2015-12-15 18:00:00",4884,"2015-12-16 19:00:00",Dossier_15295,"Garnitures Mécaniques  – DA 19298/15",http://esuppliers.ocpgroup.org/esop/toolkit/opportunity/opportunityDetail.do?opportunityId=4884,"2016-01-21 19:10:13","2016-01-21 19:10:13",,,0
15540,02.0044,"OCP/Achats Corporate/Casablanca","Aménagement d'un espace de salles de réunions ","2016-01-06 15:53:28","2015-12-23 18:00:00",4895,"2015-12-30 18:00:00",Dossier_15309,"Aménagement d'un espace de salles de réunions",http://esuppliers.ocpgroup.org/esop/toolkit/opportunity/opportunityDetail.do?opportunityId=4895,"2016-01-21 19:10:13","2016-01-21 19:10:13",,,0
15541,02.0029,"OCP / OPERATIONS INDUSTRIELLES / KHOURIBGA","MISE EN PLACE DES CLOTURES DEFENSIVES AU NIVEAU DES STATIONS PIPELINE :

- Etude globale de réalisation
- La préparation de la plateforme (Désherbage et préparation de l’emprise du projet, déblaiement et remblaiement.
- La mise en place d’une clôture défensive en panneaux treillis soudés autour de la station de tête et la station terminale; composée principalement des éléments suivants :Panneaux soudés en acier galvanisé et plastifié, Poteaux en acier galvanisé et plastifié, Bavolets (double), en partie supérieure, inclinés de 45° vers l’extérieur et l’intérieur, Hauteur minimale hors sol de l’ensemble (avec bavolets) 2850 mm, Soubassement en béton enterré, Réseau de protection à lames défensives en acier galvanisé installé en partie supérieure.
- La réalisation d’un mur de clôture défensive en béton armé autour de la Station de tête, PMS1, PMS2, PMS3, VS, et Station terminale composée de rouleaux de lames coupantes en spires entrelacés et de double bavolet à 45°avec trois rangs de rances
- Fourniture et pose de portail coulissant autoportant motorisé de 8 ml,9 ml,12 ml de longueur. 
- Drainage  pour chemin de ronde","2016-01-21 13:39:38","2015-12-21 18:00:00",4903,"2015-12-28 18:00:00",Dossier_15318,"MISE EN PLACE DES CLOTURES DEFENSIVES AU NIVEAU DES STATIONS PIPELINE",http://esuppliers.ocpgroup.org/esop/toolkit/opportunity/opportunityDetail.do?opportunityId=4903,"2016-01-21 19:10:13","2016-01-21 19:10:13",,,0
15542,14.0297,"OCP - AXE CENTRE - PHOSBOUCRAA","Rechanges BUCYRUS ","2015-12-29 16:35:38","2015-12-23 23:00:00",4970,"2015-12-25 23:00:00",Dossier_15415,"Rechanges BUCYRUS",http://esuppliers.ocpgroup.org/esop/toolkit/opportunity/opportunityDetail.do?opportunityId=4970,"2016-01-21 19:10:13","2016-01-21 19:10:13",,,0
15543,41.1052,"OCP/SAFI/AXE CENTRE","Robinetteries industrielles (circuit acide)","2016-01-15 17:10:18","2016-01-09 17:00:00",5051,"2016-01-12 17:00:00",Dossier_15533,"Robinetteries industrielles (circuit acide)  DAX 19522",http://esuppliers.ocpgroup.org/esop/toolkit/opportunity/opportunityDetail.do?opportunityId=5051,"2016-01-21 19:10:13","2016-01-21 19:10:13",,,0
15544,40.1020,"OCP/SAFI/AXE CENTRE","Régulation-ROSEMONT  ","2016-01-14 16:04:48","2016-01-09 17:00:00",5054,"2016-01-12 17:00:00",Dossier_15537,"Régulation-ROSEMONT DAX 19551",http://esuppliers.ocpgroup.org/esop/toolkit/opportunity/opportunityDetail.do?opportunityId=5054,"2016-01-21 19:10:13","2016-01-21 19:10:13",,,0
15545,15.0335,"OCP / DIRECTION EXECUTIVE OPERATIONS INDUSTRIELLES / Gantour","FOURNITURE DES ARTICLES POUR COLONIES DE VACANCES 2016 :
- 5100 Sac à dos pour enfant 
- 5100 Ouvrage éducatif pour enfant 
- 5100 article de divertissement (jeux, article électronique,…)  
Quelques points à respecter :
- Les caractériqtiques techniques et la qualité des articles demandés.
- Les délais de livraison éxigés (Courant de mois de Mars 2016).
- Fournir les quantités demandées. (5100 exemplaire).","2016-01-21 07:15:27","2015-12-31 12:00:00",5058,"2015-12-31 18:00:00",Dossier_15538,"FOURNITURE DES ARTICLES POUR COLONIES DE VACANCES 2016",http://esuppliers.ocpgroup.org/esop/toolkit/opportunity/opportunityDetail.do?opportunityId=5058,"2016-01-21 19:10:13","2016-01-21 19:10:13",,,0
15546,40.1007,"OCP/SAFI/AXE CENTRE/SAFI","REGULATION KROHNE ","2016-01-13 14:50:01","2016-01-09 17:00:00",5057,"2016-01-12 17:00:00",Dossier_15540,"REGULATION KROHNE",http://esuppliers.ocpgroup.org/esop/toolkit/opportunity/opportunityDetail.do?opportunityId=5057,"2016-01-21 19:10:13","2016-01-21 19:10:13",,,0
15547,53.1311,"OCP / AXE NORD / KHOURIBGA","Fourniture des équipements de protection individuelle pour  : 
- Protection des Pieds
- Protection de la tête
- Protection de l’ouïe
- Protection des yeux et du visage
- Protection des mains
- Protection respiratoire
- Protection Antichute
- Protection DCI
- Protection combinée
- Protection du corps

Besoin annuel du Site de Khouribga 

Selon le BRIEF et annexe des Normes attachés à la RFI.
","2016-01-05 19:15:47","2016-01-18 18:00:00",5087,"2016-01-22 12:00:00",Dossier_15568,"Achat des équipements de protection individuelle(EPI) pour Site de Khouribga",http://esuppliers.ocpgroup.org/esop/toolkit/opportunity/opportunityDetail.do?opportunityId=5087,"2016-01-21 19:10:13","2016-01-21 19:10:13",,,0
15548,09.0149,"OCP / AXE CENTRE / SAFI","FOURNITURES ÉLECTRIQUES
","2016-01-19 17:18:02","2016-02-01 19:00:00",5134,"2016-02-02 19:00:00",Dossier_15631,"FOURNITURES ÉLECTRIQUES",http://esuppliers.ocpgroup.org/esop/toolkit/opportunity/opportunityDetail.do?opportunityId=5134,"2016-01-21 19:10:13","2016-01-21 19:10:13",,,0
15549,40.0991,"OCP / AXE CENTRE / SAFI","TRANSMETTEUR DE NIVEAU ","2016-01-19 17:16:06","2016-02-01 19:00:00",5135,"2016-02-02 19:00:00",Dossier_15632,"RÉGULATION-ENDRESS HAUSSER",http://esuppliers.ocpgroup.org/esop/toolkit/opportunity/opportunityDetail.do?opportunityId=5135,"2016-01-21 19:10:13","2016-01-21 19:10:13",,,0
15550,06.0095,"OCP / DIRECTION EXECUTIVE OPERATIONS INDUSTRIELLES / GANTOUR","Fourniture des Rouleaux de parcours","2015-12-31 11:16:13","2015-12-22 18:00:00",4908,"2015-12-23 18:00:00",Dossier_15329,"Fourniture des Rouleaux de parcours",http://esuppliers.ocpgroup.org/esop/toolkit/opportunity/opportunityDetail.do?opportunityId=4908,"2016-01-21 19:10:13","2016-01-21 19:10:13",,,0
15551,98.9985,OCP/CORORATE/CASA,"- Transport et sécurité des invités
- proposition complète d'aménagement et de décoration du lieu choisi par OCP
- Restauration et animations 
","2016-01-19 11:33:23","2016-01-12 10:00:00",5069,"2016-01-12 11:00:00",Dossier_15553,"Organisation d'un évenement  pour 350 personnes ( ARGUS FMB AFRICA 2016) ",http://esuppliers.ocpgroup.org/esop/toolkit/opportunity/opportunityDetail.do?opportunityId=5069,"2016-01-21 19:10:13","2016-01-21 19:10:13",,,0
15552,13.0238,"OCP/AXE CENTRE/PHOSBOUCRAA","Fourniture et assistance à la mise en service d'un manipulateur de pneu","2016-01-20 17:15:14","2015-12-28 15:00:00",5074,"2016-01-08 18:00:00",Dossier_15559,"Fourniture et assistance à la mise en service d'un manipulateur de pneu",http://esuppliers.ocpgroup.org/esop/toolkit/opportunity/opportunityDetail.do?opportunityId=5074,"2016-01-21 19:10:13","2016-01-21 19:10:13",,,0
15553,02.0029,"OCP/Achat Groupe","Aménagement d'un espace à usage bureaux à Sidi Maarouf: Travaux de démolition, revêtement, électricité et éclairage, menuiserie, climatisation, plomberie et sanitaires, DCI, peinture, faux plafonds, cloisons, stores,.....","2016-01-08 18:24:49","2016-01-08 12:00:00",5180,"2016-01-08 15:00:00",Dossier_15687,"Aménagement d'un espace à usage bureaux à Sidi Maarouf",http://esuppliers.ocpgroup.org/esop/toolkit/opportunity/opportunityDetail.do?opportunityId=5180,"2016-01-21 19:10:13","2016-01-21 19:10:13",,,0
15554,37.0858,"OCP\ AXE NORD\ JORF LASFAR","Achat de 10 pompes manuelles de graisse pour la laverie et Adaptation MEA","2016-01-08 16:30:48","2016-01-29 22:00:00",5184,"2016-01-29 22:00:00",Dossier_15690,"Achat de 10 pompes manuelles de graisse pour la laverie et Adaptation MEA",http://esuppliers.ocpgroup.org/esop/toolkit/opportunity/opportunityDetail.do?opportunityId=5184,"2016-01-21 19:10:13","2016-01-21 19:10:13",,,0
15555,55.1344,OCP,"Prestations des études techniques et suivi des travaux nécessaires pour la réhabilitation (Mise à niveau) avec d’éventuelles nouvelles extensions des établissements scolaires existants à Safi.","2016-01-25 17:12:31","2016-01-25 23:50:00",5247,"2016-01-27 23:50:00",Dossier_15770,"BET Réhabilitation et Extension des établissements scolaire du MNEFP à SAFI",https://esuppliers.ocpgroup.org/esop/toolkit/opportunity/opportunityDetail.do?opportunityId=5247,"2016-01-21 19:10:13","2016-01-21 19:10:13",,,0
15556,22.0460,"OCP / AXE NORD / KHOURIBGA","Travaux de gardiennage et d'accueil aux centres d'estivage et colonie de vacances Pont-Blondin à Mohammedia
Les prestations consistent à : 
  - Surveiller les lieux et leurs équipements;
  - Accueillir et contrôler les équipes d’entretien et les sociétés de service;
  - Assurer la sécurité des lieux et des personnes;
  - Consignation des mouvements des visiteurs de service et équipes d’entretien;
  - Contrôler les zones et les équipements; 
  - Accueillir les estivants ou autres personnes qui se présentent au centre;
  - Assurer les opérations de première intervention;
  - Etablissement de rapport mensuel de tous les événements;
  - Reporter tous les mouvements, les horaires de travail de chaque agent sur un registre et le tenir à jour;  
  - Installer un système de contrôle de rondes dans les points sensibles du site à gardienner et en assurer la maintenance et la gestion des informations (les          plannings et les circuits de ronde seront fixés en commun accord entre la société de gardiennage et OCP)

Durée du marché : 12 mois","2016-01-21 14:15:04","2016-02-04 18:00:00",5279,"2016-02-11 18:00:00",Dossier_15800,"Travaux de gardiennage et d'accueil à pont-blondin Mohammedia.",http://esuppliers.ocpgroup.org/esop/toolkit/opportunity/opportunityDetail.do?opportunityId=5279,"2016-01-21 19:10:13","2016-01-21 19:10:13",,,0
15557,51.1283,"OCP/ Direction executive operations industrielles /GANTOUR","Fourniture des Pièces de rechanges IVECO","2016-01-12 10:37:36","2015-12-27 18:00:00",4989,"2015-12-28 18:00:00",Dossier_15445,"Fourniture des Pièces de rechanges IVECO",http://esuppliers.ocpgroup.org/esop/toolkit/opportunity/opportunityDetail.do?opportunityId=4989,"2016-01-21 19:10:13","2016-01-21 19:10:13",,,0
15558,41.1055,"OCP / AXE NORD / JORF LASFAR  ","VANNES TOUT OU RIEN ET REGULATRICES SUIVANT FICHES TECHNIQUES","2016-01-21 10:36:31","2016-01-08 23:00:00",5025,"2016-01-15 23:00:00",Dossier_15502,"VANNES TOUT OU RIEN ET REGULATRICES.",http://esuppliers.ocpgroup.org/esop/toolkit/opportunity/opportunityDetail.do?opportunityId=5025,"2016-01-21 19:10:13","2016-01-21 19:10:13",,,0
15559,09.0141,"OCP / AXE CENTRE / SAFI","- CARTE PROCESSEUR 32MB;
- SWITCH L2-24 PORTS;
- CARTE DE SAUVEGARDE.","2016-01-12 16:38:01","2016-01-05 19:00:00",5032,"2016-01-08 19:00:00",Dossier_15510,"R/YOKOGAWA CONCERNANT LA DA 19541",http://esuppliers.ocpgroup.org/esop/toolkit/opportunity/opportunityDetail.do?opportunityId=5032,"2016-01-21 19:10:13","2016-01-21 19:10:13",,,0
15560,08.0120,"OCP /AXE CENTRE / SAFI","- GOUJONS AVEC 2 ECROUS EN ACIER  24 Cr Mo 5  SUIVANT NORME DIN 2510  / FILETAGE  ISO  DIMENSIONS M 24 X 130 MM   
- GOUJONS AVEC 2 ECROUS EN ACIER  24 Cr Mo 5  SUIVANT NORME DIN 2510  / FILETAGE  ISO  DIMENSIONS M 24 X 140 MM   
- GOUJONS AVEC 2 ECROUS EN ACIER  24 Cr Mo 5  SUIVANT NORME DIN 2510  / FILETAGE  ISO  DIMENSIONS M 27 X 130 MM  
- GOUJONS AVEC 2 ECROUS EN ACIER  24 Cr Mo 5  SUIVANT NORME DIN 2510  / FILETAGE  ISO  DIMENSIONS M 27 X 140 MM  
- GOUJONS AVEC 2 ECROUS EN ACIER  24 Cr Mo 5  SUIVANT NORME DIN 2510  / FILETAGE  ISO  DIMENSIONS M 27 X 150 MM  
- GOUJONS AVEC 2 ECROUS EN ACIER  24 Cr Mo 5  SUIVANT NORME DIN 2510  / FILETAGE  ISO  DIMENSIONS M 27 X 160 MM  
- GOUJONS AVEC 2 ECROUS EN ACIER  24 Cr Mo 5  SUIVANT NORME DIN 2510  / FILETAGE  ISO  DIMENSIONS M 30 X 165 MM  
- GOUJONS AVEC 2 ECROUS EN ACIER  24 Cr Mo 5  SUIVANT NORME DIN 2510  / FILETAGE  ISO  DIMENSIONS M 30 X 200 MM  
- GOUJONS AVEC 2 ECROUS EN ACIER  24 Cr Mo 5  SUIVANT NORME DIN 2510  / FILETAGE  ISO  DIMENSIONS M 33 X 200 MM  
- GOUJONS AVEC 2 ECROUS EN ACIER  24 Cr Mo 5  SUIVANT NORME DIN 2510  / FILETAGE  ISO  DIMENSIONS M 33 X 220 MM  
- GOUJONS AVEC 2 ECROUS EN ACIER  24 Cr Mo 5  SUIVANT NORME DIN 2510  / FILETAGE  ISO  DIMENSIONS M 33 X 250 MM  
- TIGE FILETEE EN ACIER DE HAUTE RESISTANCE  CLASSE 8.8 - NUANCE AFNOR XC42  LONGUEUR = 1 METRE - DIAMETRE = 30 MM - PAS = 3,5  
- TIGE FILETEE EN ACIER A HAUTE RESISTANCE CLASSE 8.8 DIAMETRE M18 LONGUEUR 1METRE PAS 2,5
- TIGE FILETEE EN ACIER A HAUTE RESISTANCE CLASSE 8.8 DIAMETRE M20 LONGUEUR 1METRE PAS 2,5
- TIGE FILETEE EN ACIER A HAUTE RESISTANCE CLASSE 8.8 DIAMETRE M10 LONGUEUR 1METRE PAS 1,5
- TIGE FILETEE EN ACIER A HAUTE RESISTANCE CLASSE 8.8 DIAMETRE M12 LONGUEUR 1METRE PAS 1,75
- TIGE FILETEE EN ACIER A HAUTE RESISTANCE CLASSE 8.8 DIAMETRE M14 LONGUEUR 1METRE PAS 2
- TIGE FILETEE EN ACIER A HAUTE RESISTANCE CLASSE 8.8 DIAMETRE M16 LONGUEUR 1METRE PAS 2
- TIGE FILETEE EN ACIER A HAUTE RESISTANCE CLASSE 8.8 ","2016-01-13 15:35:19","2016-01-06 19:00:00",5039,"2016-01-08 19:00:00",Dossier_15520,"BOULONNERIES : TIGES ET GOUJONS CONCERNANT LA DA 19580",http://esuppliers.ocpgroup.org/esop/toolkit/opportunity/opportunityDetail.do?opportunityId=5039,"2016-01-21 19:10:13","2016-01-21 19:10:13",,,0
15561,23.0474,OCP/CORPORATE/CASA,"Prestations pour l’achat de matériels Apple constituent des MacBook Pro détaillées ci-après: 
(4) iPads Air 2 128 GB / 3G
(4) iPads Pro 128 GB / 3G 
(12) Smart Keyboard –  (8) pour iPad air 2 et (4) pour iPad Pro","2016-01-21 16:15:11","2016-01-07 18:00:00",5079,"2016-01-08 16:00:00",Dossier_15561,"Achat des iPads Air 2 et iPads Pro + accessoires ",http://esuppliers.ocpgroup.org/esop/toolkit/opportunity/opportunityDetail.do?opportunityId=5079,"2016-01-21 19:10:13","2016-01-21 19:10:13",,,0
15562,15.0338,"OCP/ACHAT CORPORATE/JORF LASFAR","Fourniture et installation des rayonnages à tiroirs et étagères pour magasin de JFC1 à Jorf Lasfar ","2016-01-15 14:01:16","2016-01-14 12:00:00",5119,"2016-01-14 12:00:00",Dossier_15611,"Fourniture et installation des rayonnages à tiroirs et étagères pour magasin de ",http://esuppliers.ocpgroup.org/esop/toolkit/opportunity/opportunityDetail.do?opportunityId=5119,"2016-01-21 19:10:13","2016-01-21 19:10:13",,,0
15563,42.1103,"OCP | Jorf Lasfar | OIA/CV ","Fourniture des actionneurs pneumatiques (SARASIN) ","2016-01-14 08:51:34","2016-01-14 18:00:00",5122,"2016-01-21 18:00:00",Dossier_15616,"Fourniture des actionneurs pneumatiques (SARASIN)",http://esuppliers.ocpgroup.org/esop/toolkit/opportunity/opportunityDetail.do?opportunityId=5122,"2016-01-21 19:10:13","2016-01-21 19:10:13",,,0
15564,42.1103,"OCP | Jorf Lasfar | OIA/CV ","Fourniture des actionneurs pneumatiques (RECHANGE SAPAG)","2016-01-14 08:50:00","2016-01-14 18:00:00",5123,"2016-01-21 18:00:00",Dossier_15617,"Fourniture des actionneurs pneumatiques (RECHANGE SAPAG)",http://esuppliers.ocpgroup.org/esop/toolkit/opportunity/opportunityDetail.do?opportunityId=5123,"2016-01-21 19:10:13","2016-01-21 19:10:13",,,0
15565,42.1078,"OCP/ACHAT CORPORATE/JORF LASFAR","Acquisition des filtres ARMSTRONG pour le complexe JFC1 à Jorf Lasfar ","2016-02-02 13:37:49","2016-02-12 12:00:00",5130,"2016-02-16 12:00:00",Dossier_15626,"Acquisition des filtres ARMSTRONG pour le complexe JFC1 à Jorf Lasfar ",https://esuppliers.ocpgroup.org/esop/toolkit/opportunity/opportunityDetail.do?opportunityId=5130,"2016-01-21 19:10:13","2016-01-21 19:10:13",,,0
15566,98.9983,"OCP / DIRECTION EXECUTIVE OPERATIONS INDUSTRIELLES / ACHATS GANTOUR","* Excursions et escapades  programme 2016 (Janvier à Mai 2016).

1) EXCURSIONS A  :

* AGADIR
* OUARZAZATE
* MEKNES
* FES
* BINE ALOUIDANE 
* Tanger :
* MEDIQ :
Dans un hôtel ou club
Effectif prévu 864 pax

2) ESCAPADES A :
* OUKAIMEDAN/OURIKA 
* MARRAKECH /IMLIL:
Avec prestation de restauration .
Effectif prévu 336 pax","2015-12-22 16:56:04","2015-12-15 18:00:00",4934,"2015-12-16 12:00:00",Dossier_15374,"Prestations hôtelière et Escapades pour personnel OCP",http://esuppliers.ocpgroup.org/esop/toolkit/opportunity/opportunityDetail.do?opportunityId=4934,"2016-01-21 19:10:13","2016-01-21 19:10:13",,,0
15567,15.0338,"OCP / JORF LASFAR","Equipement de Bureau ","2015-12-29 13:55:12","2015-12-27 23:00:00",4936,"2015-12-27 23:00:00",Dossier_15376,"Equipement de Bureau",http://esuppliers.ocpgroup.org/esop/toolkit/opportunity/opportunityDetail.do?opportunityId=4936,"2016-01-21 19:10:13","2016-01-21 19:10:13",,,0
15568,24.0510,"OCP / AXE CENTRE / SAFI","Réparation du ROTOR d'un alternateur 6.3 KV ","2016-01-08 10:01:02","2015-12-27 19:00:00",4941,"2015-12-29 19:00:00",Dossier_15382,"Réparation du ROTOR d'un alternateur 6.3 KV",http://esuppliers.ocpgroup.org/esop/toolkit/opportunity/opportunityDetail.do?opportunityId=4941,"2016-01-21 19:10:13","2016-01-21 19:10:13",,,0
15569,25.0594,"OCP / AXE CENTRE / SAFI ","RECHANGE PRAYON","2016-01-21 19:33:21","2015-12-30 23:00:00",4966,"2015-12-31 23:00:00",Dossier_15414,"RECHANGE PRAYON",http://esuppliers.ocpgroup.org/esop/toolkit/opportunity/opportunityDetail.do?opportunityId=4966,"2016-01-21 19:10:13","2016-01-21 19:10:13",,,0
15570,38.0907,"OCP / AXE CENTRE / SAFI ","PDR POUR POMPES HIBON","2016-01-20 10:01:07","2016-01-06 23:00:00",4972,"2016-01-07 23:00:00",Dossier_15422,"PDR POUR POMPES HIBON",http://esuppliers.ocpgroup.org/esop/toolkit/opportunity/opportunityDetail.do?opportunityId=4972,"2016-01-21 19:10:13","2016-01-21 19:10:13",,,0
15571,02.0024,"OCP / AXE CENTRE / SAFI ","VENTILATEURS TOUTES MARQUES. ","2016-01-20 14:28:51","2016-01-11 23:00:00",4975,"2016-01-12 23:00:00",Dossier_15424,"VENTILATEURS TOUTES MARQUES.   ",http://esuppliers.ocpgroup.org/esop/toolkit/opportunity/opportunityDetail.do?opportunityId=4975,"2016-01-21 19:10:13","2016-01-21 19:10:13",,,0
15572,40.1007,OCP,"RECHANGE KROHNE
","2016-01-05 10:37:40","2015-12-30 18:00:00",4944,"2015-12-30 18:00:00",Dossier_15391,"Rechange KROHNE",http://esuppliers.ocpgroup.org/esop/toolkit/opportunity/opportunityDetail.do?opportunityId=4944,"2016-01-21 19:10:13","2016-01-21 19:10:13",,,0
15573,32.0752,"OCP/IND/JORF LASFAR","Détail des prestations:

- La fourniture des tuyauteries et composants de tuyauterie. 
- La préfabrication en atelier suivant isométriques fournies par DSEC (pour DN>50). 
- Le transport, le stockage, le gardiennage, et le montage sur site des lignes préfabriquées. 
- La construction sur site des ligne DN<50 suivant routing indiqué sur chantier. 
- Le stockage et le montage de la robinetterie, accessoires et instrumentation en ligne fournies par DSEC. 
- Les études, la fourniture et le montage des supports de tuyauterie. 
- Le stockage, le gardiennage et l’installation des pompes sur site. 
- Les tests d’étanchéité et de pression. 
- Le rinçage des tuyauteries 
- Fabrication et installation de gaines d’air suivant plans fournis par DSEC 
- La mise en place et l’entretien de moyen de manutention (échafaudage, nacelle télescopique ; etc…) 
- La documentation (procédure de soudage, certificat matière, traçabilité des soudures,…) et les isométriques as-built. 
- Fourniture et Installation d’un réseau de tuyauteries incendie enterrées avec des hydrants et des canons.

Délai de réalisation : 10 mois 
","2016-01-20 14:29:24","2015-12-28 18:00:00",4963,"2015-12-31 18:00:00",Dossier_15409,"Fourniture et montage de la tuyauterie métallique pour le projet MAP",http://esuppliers.ocpgroup.org/esop/toolkit/opportunity/opportunityDetail.do?opportunityId=4963,"2016-01-21 19:10:13","2016-01-21 19:10:13",,,0
15574,38.0937,"OCP / AXE CENTRE / SAFI ","RECHANGES WARMAN. ","2016-01-20 09:32:16","2016-01-03 23:00:00",4976,"2016-01-04 23:00:00",Dossier_15426,"RECHANGES WARMAN. ",http://esuppliers.ocpgroup.org/esop/toolkit/opportunity/opportunityDetail.do?opportunityId=4976,"2016-01-21 19:10:13","2016-01-21 19:10:13",,,0
15575,25.0586,"OCP / AXE NORD / KHOURIBGA","RECHANGES KRUPP
 Rechanges krupp pour:
  -Le remplacement de ceux usés installés sur les extracteurs métalliques ATMOS ESPANOLA.
  -La maintenance et la disponibilité des deux cribles de la laverie EL HALASSA.
  -La maintenance préventive et curative au niveau de la roue à godets des roues pelles RP3 et RP5.
  -Le rechange des buses des cyclones TKF à l’atelier de broyage de la laverie Daoui
","2016-01-13 09:50:32","2016-01-03 18:00:00",5047,"2016-01-11 18:00:00",Dossier_15528,"RECHANGES KRUPP",http://esuppliers.ocpgroup.org/esop/toolkit/opportunity/opportunityDetail.do?opportunityId=5047,"2016-01-21 19:10:13","2016-01-21 19:10:13",,,0
15576,15.0334,"OCP / AXE CENTRE / SAFI","disques dur externes","2016-01-20 09:45:50","2015-12-14 19:00:00",4938,"2015-12-16 12:00:00",Dossier_15378,"disques dur externes",http://esuppliers.ocpgroup.org/esop/toolkit/opportunity/opportunityDetail.do?opportunityId=4938,"2016-01-21 19:10:13","2016-01-21 19:10:13",,,0
15577,09.0141,"OCP / AXE NORD / KHOURIBGA","FOURNITURE DES CAPTEURS DE VIBRATION & SONDES DE TEMPERATURE ","2016-01-12 13:07:38","2015-12-22 18:00:00",4940,"2015-12-29 18:00:00",Dossier_15384,"FOURNITURE DES  CAPTEURS DE VIBRATION & SONDES DE TEMPERATURE",http://esuppliers.ocpgroup.org/esop/toolkit/opportunity/opportunityDetail.do?opportunityId=4940,"2016-01-21 19:10:13","2016-01-21 19:10:13",,,0
15578,14.0293,"OCP / DIRECTION EXECUTIVE OPERATIONS INDUSTRIELLES / Gantour  ","Fourniture Pièces de Rechanges TEREX ( Voir la liste des Articles en pièce jointe)","2016-01-07 07:44:04","2016-01-18 18:00:00",4996,"2016-01-20 18:00:00",Dossier_15462,"Fourniture Pièces de Rechanges TEREX",http://esuppliers.ocpgroup.org/esop/toolkit/opportunity/opportunityDetail.do?opportunityId=4996,"2016-01-21 19:10:13","2016-01-21 19:10:13",,,0
15579,38.0907,"OCP/ACHAT CORPORATE JFC1 Jorf Lasfar","Acquisition des pièces de rechange pour les pompes HIBON pour le complexe JFC1. Jorf Lasfar

","2016-02-02 12:09:17","2016-01-19 12:00:00",5136,"2016-02-09 18:00:00",Dossier_15633,"Acquisition des pièces de rechange pour les pompes HIBON pour le complexe JFC1. ",https://esuppliers.ocpgroup.org/esop/toolkit/opportunity/opportunityDetail.do?opportunityId=5136,"2016-01-21 19:10:13","2016-01-21 19:10:13",,,0
15580,40.1027,"OCP / AXE CENTRE / SAFI","RÉGULATION-SIEMENS
","2016-01-19 17:10:50","2016-02-01 19:00:00",5139,"2016-02-02 19:00:00",Dossier_15636,RÉGULATION-SIEMENS,http://esuppliers.ocpgroup.org/esop/toolkit/opportunity/opportunityDetail.do?opportunityId=5139,"2016-01-21 19:10:13","2016-01-21 19:10:13",,,0
15581,02.0029,"OCP / AXE CENTRE / PHOSBOUCRAA","Travaux d’aménagement et remise en état des bureaux, sol et extérieur des locaux administratifs du foyer des jeunes et foyer féminin à Laâyoune.

 
","2016-01-18 14:56:23","2016-01-13 18:00:00",5140,"2016-01-15 23:59:00",Dossier_15637,"Travaux d’aménagement et remise en état  bureaux, sol et extérieur locaux foyers",http://esuppliers.ocpgroup.org/esop/toolkit/opportunity/opportunityDetail.do?opportunityId=5140,"2016-01-21 19:10:13","2016-01-21 19:10:13",,,0
15582,31.0721,"OCP/AXE NORD/JORF LASFAR","GAZ PROPANE ","2016-01-20 15:54:47","2016-01-15 18:00:00",5146,"2016-01-15 18:00:00",Dossier_15640,"GAZ PROPANE",http://esuppliers.ocpgroup.org/esop/toolkit/opportunity/opportunityDetail.do?opportunityId=5146,"2016-01-21 19:10:13","2016-01-21 19:10:13",,,0
15583,47.1176,"OCP / AXE CENTRE / PHOSBOUCRAA","Travaux de réparation des bandes du système de filtration de l’usine de traitement de PHOSBOUCRAA.","2016-01-13 16:45:44","2016-01-21 18:00:00",5142,"2016-01-23 23:59:00",Dossier_15639,"Travaux de réparation des bandes du système de filtration de l’usine de traiteme",http://esuppliers.ocpgroup.org/esop/toolkit/opportunity/opportunityDetail.do?opportunityId=5142,"2016-01-21 19:10:13","2016-01-21 19:10:13",,,0
15584,25.0545,"OCP / AXE CENTRE / SAFI","Broyeurs MAGUIN","2016-03-24 08:53:04","2016-04-08 18:00:00",5143,"2016-04-11 18:00:00",Dossier_15642,"broyeurs MAGUIN",https://esuppliers.ocpgroup.org/esop/toolkit/opportunity/opportunityDetail.do?opportunityId=5143,"2016-01-21 19:10:13","2016-01-21 19:10:13",,,0
15585,15.0336,OCP/CORPORATE/CASA,"Fourniture et installation d'un scanner de courrier et de colis.","2016-02-15 08:59:00","2016-01-22 18:00:00",5154,"2016-02-24 18:00:00",Dossier_15657,"Fourniture et installation d'un scanner de courrier et de colis",https://esuppliers.ocpgroup.org/esop/toolkit/opportunity/opportunityDetail.do?opportunityId=5154,"2016-01-21 19:10:13","2016-01-21 19:10:13",,,0
15586,38.0911,"OCP\ AXE NORD\ JORF LASFAR","ROUE DE LC600/455+RECHANGE JS","2016-01-07 12:29:46","2016-01-28 22:00:00",5163,"2016-01-28 22:00:00",Dossier_15671,"ROUE DE LC600/455+RECHANGE JS",http://esuppliers.ocpgroup.org/esop/toolkit/opportunity/opportunityDetail.do?opportunityId=5163,"2016-01-21 19:10:13","2016-01-21 19:10:13",,,0
15587,44.1142,"OCP / DIRECTION EXECUTIVE OPERATIONS INDUSTRIELLES  / GANTOUR","Fourniture des panneaux d'évacuation ","2015-12-30 10:40:06","2015-12-22 18:00:00",4907,"2015-12-23 18:00:00",Dossier_15328,"Fourniture des panneaux d'évacuation",http://esuppliers.ocpgroup.org/esop/toolkit/opportunity/opportunityDetail.do?opportunityId=4907,"2016-01-21 19:10:13","2016-01-21 19:10:13",,,0
15588,23.0471,"OCP/ACHATS JV/ JORF LASFAR EL JADIDA MAROC"," IMA-FOURNITURES DES MICROORDINATEURS STANDARDS ET PORTABLES ","2016-01-14 08:48:50","2016-01-21 18:00:00",5155,"2016-01-28 18:00:00",Dossier_15659," IMA-FOURNITURES DES MICROORDINATEURS STANDARDS ET PORTABLES ",http://esuppliers.ocpgroup.org/esop/toolkit/opportunity/opportunityDetail.do?opportunityId=5155,"2016-01-21 19:10:13","2016-01-21 19:10:13",,,0
15589,47.1172,"OCP\ AXE NORD\ JORF LASFAR","0,5 MDH","2016-01-07 12:15:53","2016-01-21 22:00:00",5156,"2016-01-21 22:00:00",Dossier_15664,"Courroies de transmission",http://esuppliers.ocpgroup.org/esop/toolkit/opportunity/opportunityDetail.do?opportunityId=5156,"2016-01-21 19:10:13","2016-01-21 19:10:13",,,0
15590,48.1197,"OCP \ AXE NORD \ JORF LASFAR","Chaîne pour élévateur à godets pas 200","2016-01-07 12:14:59","2016-01-21 22:00:00",5157,"2016-01-21 22:00:00",Dossier_15665,"Chaîne pour élévateur à godets pas 200",http://esuppliers.ocpgroup.org/esop/toolkit/opportunity/opportunityDetail.do?opportunityId=5157,"2016-01-21 19:10:13","2016-01-21 19:10:13",,,0
15591,37.0863,"OCP\ AXE NORD\ JORF LASFAR","Achat de 02 groupes motopompes PP4 et PP3. ","2016-01-07 12:14:15","2016-01-28 22:00:00",5159,"2016-01-28 22:00:00",Dossier_15667,"Achat de 02 groupes motopompes PP4 et PP3. ",http://esuppliers.ocpgroup.org/esop/toolkit/opportunity/opportunityDetail.do?opportunityId=5159,"2016-01-21 19:10:13","2016-01-21 19:10:13",,,0
15592,20.0399,"OCP / AXE NORD / KHOURIBGA","Achat d'outillage:
-Postes de soudure statique 600 A;
-Perceuses Electriques Autonome Capacité 13mm (14 V) -Rechargeable;
-Meuleuses Electriques.
-Perceuses électriques ;
-Aspirateurs de Poussières Industrielles
-Pour réalisation des travaux de soudage –perçage-meulage,
-06 Meuleuses 
-10 Clés à choc pneumatiques","2016-01-11 11:18:34","2016-01-25 18:00:00",5161,"2016-02-01 18:00:00",Dossier_15666,"Achat d'outillage ",http://esuppliers.ocpgroup.org/esop/toolkit/opportunity/opportunityDetail.do?opportunityId=5161,"2016-01-21 19:10:13","2016-01-21 19:10:13",,,0
15593,38.0915,"OCP\ AXE NORD\ JORF LASFAR","Pompes - KRACHT","2016-01-07 12:13:31","2016-01-28 22:00:00",5162,"2016-01-28 22:00:00",Dossier_15670,"Pompes - KRACHT",http://esuppliers.ocpgroup.org/esop/toolkit/opportunity/opportunityDetail.do?opportunityId=5162,"2016-01-21 19:10:13","2016-01-21 19:10:13",,,0
15594,37.0852,"OCP / Direction Achats / Jorf Lasfar","Fourniture des pièces de rechange pour pompes KREBS à Jorf Lasfar.","2016-01-18 17:24:43","2016-02-08 23:00:00",5272,"2016-02-08 23:00:00",Dossier_15794,"Fourniture des pièces de rechange pour pompes KREBS à Jorf Lasfar.",http://esuppliers.ocpgroup.org/esop/toolkit/opportunity/opportunityDetail.do?opportunityId=5272,"2016-01-21 19:10:13","2016-01-21 19:10:13",,,0
15595,17.0362,"OCP / Direction Achats / Jorf Lasfar","Fourniture des garnitures mécaniques JOHN CRANE à Jorf Lasfar","2016-01-18 17:23:35","2016-02-08 23:00:00",5275,"2016-02-08 23:00:00",Dossier_15798,"fourniture des garnitures mécaniques à Jorf Lasfar.",http://esuppliers.ocpgroup.org/esop/toolkit/opportunity/opportunityDetail.do?opportunityId=5275,"2016-01-21 19:10:13","2016-01-21 19:10:13",,,0
15596,41.1055,"OCP / AXE NORD / JORF LASFAR ","Fourniture de pièces de rechange pour vanne à guillotine DN300 ","2016-01-21 11:47:58","2016-01-08 23:00:00",5026,"2016-01-15 23:00:00",Dossier_15486,"Fourniture de pièces de rechange pour vanne à guillotine DN300 ",http://esuppliers.ocpgroup.org/esop/toolkit/opportunity/opportunityDetail.do?opportunityId=5026,"2016-01-21 19:10:13","2016-01-21 19:10:13",,,0
15597,40.0993,"OCP / AXE CENTRE / SAFI","RÉGULATION-FICHER CONTROL","2016-01-20 16:53:00","2015-12-30 20:00:00",5034,"2016-01-01 20:00:00",Dossier_15514,"RÉGULATION-FICHER CONTROL",http://esuppliers.ocpgroup.org/esop/toolkit/opportunity/opportunityDetail.do?opportunityId=5034,"2016-01-21 19:10:13","2016-01-21 19:10:13",,,0
15598,42.1090,"OCP / AXE CENTRE / SAFI","ROBINETTERIES INDUSTRIELLES - LE GRIS","2016-01-21 15:51:13","2015-12-30 20:00:00",5036,"2016-01-01 20:00:00",Dossier_15516,"ROBINETTERIES INDUSTRIELLES - LE GRIS",http://esuppliers.ocpgroup.org/esop/toolkit/opportunity/opportunityDetail.do?opportunityId=5036,"2016-01-21 19:10:13","2016-01-21 19:10:13",,,0
15599,02.0029,"OCP/AXE CENTRE/PHOSBOUCRAA","Travaux de construction d'un château d'eau et réservoirs sous-terrain à la cité minière, Boucraâ","2016-01-19 10:29:58","2016-01-09 23:00:00",5066,"2016-01-11 23:59:00",Dossier_15547,"Travaux de construction d'un château d'eau et réservoirs sous-terrain à la cité ",http://esuppliers.ocpgroup.org/esop/toolkit/opportunity/opportunityDetail.do?opportunityId=5066,"2016-01-21 19:10:13","2016-01-21 19:10:13",,,0
15600,53.1312,"OCP/ DIRECTION EXECUTIVE OPERATIONS INDUSTRIELLES /GANTOUR","Achat des SACS SAPEURS-POMPIERS","2016-01-12 10:35:01","2015-12-27 18:00:00",4987,"2015-12-28 18:00:00",Dossier_15443,"SACS SAPEURS-POMPIERS",http://esuppliers.ocpgroup.org/esop/toolkit/opportunity/opportunityDetail.do?opportunityId=4987,"2016-01-21 19:10:13","2016-01-21 19:10:13",,,0
15601,42.1072,"OCP SA/AXE NORD JORF LASFAR","rechange de la robinetterie de marque GESTRA","2016-01-06 16:35:54","2016-01-04 18:00:00",4998,"2016-01-04 18:00:00",Dossier_15465,"rechange de la robinetterie de marque GESTRA",http://esuppliers.ocpgroup.org/esop/toolkit/opportunity/opportunityDetail.do?opportunityId=4998,"2016-01-21 19:10:13","2016-01-21 19:10:13",,,0
15602,24.0500,"OCP/ACHAT AXE CENTRE/SAFI","A OUVERT-Rechanges MECS ","2016-01-06 15:09:47","2016-01-02 17:00:00",5003,"2016-01-04 17:00:00",Dossier_15466,"Rechanges MECS",http://esuppliers.ocpgroup.org/esop/toolkit/opportunity/opportunityDetail.do?opportunityId=5003,"2016-01-21 19:10:13","2016-01-21 19:10:13",,,0
15603,41.1055,"OCP/ACHAT CORPORATE JORF LASFAR","Acquisition des pièces  de rechange pour vannes de régulation pour le complexe JFC1.","2016-01-14 14:25:04","2016-01-12 12:00:00",5097,"2016-01-12 12:00:00",Dossier_15584,"Acquisition des pièces  de rechange pour vannes de régulation pour le complexe J",http://esuppliers.ocpgroup.org/esop/toolkit/opportunity/opportunityDetail.do?opportunityId=5097,"2016-01-21 19:10:13","2016-01-21 19:10:13",,,0
15604,53.1311,"OCP | Jorf Lasfar | OIA/CV","Fourniture des EPI","2016-01-14 09:03:18","2016-01-14 18:00:00",5121,"2016-01-21 18:00:00",Dossier_15615,"Fourniture des EPI",http://esuppliers.ocpgroup.org/esop/toolkit/opportunity/opportunityDetail.do?opportunityId=5121,"2016-01-21 19:10:13","2016-01-21 19:10:13",,,0
15605,25.0558,"OCP / AXE NORD / JORF LASFAR","Fourniture des pièces de rechange pour compresseur de marque HOWDEN ","2016-01-07 17:07:27","2016-01-21 18:00:00",5170,"2016-01-28 16:00:00",Dossier_15676,"Fourniture des pièces de rechange pour compresseur d'ammoniac",http://esuppliers.ocpgroup.org/esop/toolkit/opportunity/opportunityDetail.do?opportunityId=5170,"2016-01-21 19:10:13","2016-01-21 19:10:13",,,0
15606,25.0570,"OCP/AXE NORD/JORF LASFAR","Fourniture des pièces de rechanges pour la maintenance des CRIBLES COMESSA des unités de production des phosphates","2016-01-07 17:07:55","2016-01-21 18:00:00",5167,"2016-01-28 18:00:00",Dossier_15675,"Fourniture des pièces de rechanges pour la maintenance des CRIBLES COMESSA",http://esuppliers.ocpgroup.org/esop/toolkit/opportunity/opportunityDetail.do?opportunityId=5167,"2016-01-21 19:10:13","2016-01-21 19:10:13",,,0
15607,47.1177,"OCP\ AXE NORD\ JORF LASFAR",ROULEMENTS,"2016-01-07 16:19:51","2016-01-28 22:00:00",5168,"2016-01-28 22:00:00",Dossier_15677,ROULEMENTS,http://esuppliers.ocpgroup.org/esop/toolkit/opportunity/opportunityDetail.do?opportunityId=5168,"2016-01-21 19:10:13","2016-01-21 19:10:13",,,0
15608,48.1206,"OCP\AXE NORD\JORF LASFAR","RGES REDUCTEURS","2016-01-07 16:20:42","2016-01-28 22:00:00",5172,"2016-01-28 22:00:00",Dossier_15678,"RGES REDUCTEURS",http://esuppliers.ocpgroup.org/esop/toolkit/opportunity/opportunityDetail.do?opportunityId=5172,"2016-01-21 19:10:13","2016-01-21 19:10:13",,,0
15609,33.0773,"OCP / AXE CENTRE / PHOSBOUCRAA","Prestations de nettoyage des chariots lors du chargement des navires au wharf","2016-01-19 09:47:35","2016-01-15 18:00:00",5179,"2016-01-17 23:59:00",Dossier_15685,"Prestations de nettoyage des chariots lors du chargement des navires au wharf",http://esuppliers.ocpgroup.org/esop/toolkit/opportunity/opportunityDetail.do?opportunityId=5179,"2016-01-21 19:10:13","2016-01-21 19:10:13",,,0
15610,15.0338,"OCP/Achat Groupe","Ameublement d'un espace à usage bureaux à Sidi Maarouf : mobiliers de bureaux, tables de réunions, fauteuils,....","2016-01-15 16:53:50","2016-01-13 12:00:00",5183,"2016-01-13 16:00:00",Dossier_15689,"Ameublement d'un espace à usage bureaux à Sidi Maarouf",http://esuppliers.ocpgroup.org/esop/toolkit/opportunity/opportunityDetail.do?opportunityId=5183,"2016-01-21 19:10:13","2016-01-21 19:10:13",,,0
15611,02.0024,OCP,"* Fourniture et installation des pièces de rechange;
* Maintenance systématique (préventive) des systèmes de climatisation et de froid;
* Maintenance curative des systèmes de climatisation et de froid.
","2016-01-20 10:11:05","2016-02-02 18:00:00",5281,"2016-02-09 18:00:00",Dossier_15802,"Contrat de maintenance des équipements de froid et climatisation des entités du ",http://esuppliers.ocpgroup.org/esop/toolkit/opportunity/opportunityDetail.do?opportunityId=5281,"2016-01-21 19:10:13","2016-01-21 19:10:13",,,0
15612,24.0510,"OCP / AXE CENTRE / SAFI","RÉPARATION DU ROTOR D'UN ALTERNATEUR ","2016-01-19 17:23:00","2016-02-01 19:00:00",5283,"2016-02-02 19:00:00",Dossier_15807,"RÉPARATION DU ROTOR D'UN ALTERNATEUR ",http://esuppliers.ocpgroup.org/esop/toolkit/opportunity/opportunityDetail.do?opportunityId=5283,"2016-01-21 19:10:13","2016-01-21 19:10:13",,,0
15613,41.1052,"OCP / AXE CENTRE / SAFI","Fourniture d’une vannes à papillon pour acide sulfurique
","2016-01-19 16:59:42","2016-01-31 19:00:00",5287,"2016-02-02 19:00:00",Dossier_15811,"Robinetteries industrielles - circuit acide",http://esuppliers.ocpgroup.org/esop/toolkit/opportunity/opportunityDetail.do?opportunityId=5287,"2016-01-21 19:10:13","2016-01-21 19:10:13",,,0
15614,34.0786,"OCP SA / AXE NORD / KHOURIBGA","Maintenance des palans, des ponts roulants et des monorails des installations et ateliers :
       *Visite annuel des palans (1fois /an palans non sollicités ,2fois/an ceux qui sont sollicités )
       *Réalisation travaux de : nettoyage , graissage, contrôle , inspection, diagnostic ,,,
       *Réparation avec  fourniture des pièces de rechange selon la liste. 
       *Essai de conformité règlementaire des palans.   

","2016-01-20 10:21:57","2016-02-03 18:00:00",5304,"2016-02-10 18:00:00",Dossier_15815,"Maintenance des palans, des ponts roulants et des monorails des installations ",http://esuppliers.ocpgroup.org/esop/toolkit/opportunity/opportunityDetail.do?opportunityId=5304,"2016-01-21 19:10:13","2016-01-21 19:10:13",,,0
15615,04.0072,"OCP /CORPORATE/CASABLANCA","Réalisation de 40 vidéos réparties en 2 lots :
20 vidéos type émission de présentation métiers VF (tournage dans différentes villes)
20 capsules de sensibilisation VF  (vidéos animées), réparties en 2 thématiques :
 10 capsules Hygiène et sécurité
 10 capsules développement durable et environnement


1/ Conception - rédaction :
- Création d’un concept différent pour chaque lot (pour le lot 2, un concept différent par thématique)
- Création d’un branding et naming propre à chaque lot (pour le lot 2,  un branding et naming différent par thématique)
- Création d’une identité visuelle propre à chaque lot et thématique (générique début/fin en 3D, transition, musique, surimp, synthés…)
- Prise en charge du contenu : rédaction du script et réalisation du story board pour chaque vidéo et capsule sur la base des informations transmises, rédaction du texte de la voix off, prise en charge des interviews et de tout le contenu en général
- Adaptation en autres langues 

2/ Production
- Tournage dans différentes villes (pour le lot 1)
- Réalisation d’interviews (pour le lot 1)
- Illustration 2D – 3D (pour le lot 2)
- Production des vidéos et des capsules animées : montage, mixage, calage…
-Enregistrement des voix off

NB : chaque prestataire devra choisir parmi un des lots
","2016-02-02 11:57:33","2016-02-03 23:00:00",5292,"2016-02-05 23:00:00",Dossier_15817,"Conception et production de plusieurs vidéos et capsules (Annulé)",https://esuppliers.ocpgroup.org/esop/toolkit/opportunity/opportunityDetail.do?opportunityId=5292,"2016-01-21 19:10:13","2016-01-21 19:10:13",,,0
15616,16.0350,"OCP/AXE NORD/KHOURIBGA","TRAVAUX D’ENTRETIEN ET DE MAINTENANCE DES ESPACES VERTS DES PARCS PUBLIQUES A KHOURIBGA:
- Fourniture et plantation de nouveau gazon, de fleurs et rosiers, d’arbustes et arbres et de palmiers;
- Arrosage et tonte de gazon de pelouses, arbres, arbustes, massifs…etc;
- Fourniture et épandage de fertilisants, fourniture et traitement contre les parasites et maladies des végétaux;
- Binage, sarclage et désherbage des massifs et cuvettes des arbres, arbustes et palmiers.   

Durée du marché : 36 mois","2016-01-20 17:12:22","2016-02-03 18:00:00",5302,"2016-02-10 18:00:00",Dossier_15820,"Entretien et maintenance des espaces verts des parcs publics à Khouribga",http://esuppliers.ocpgroup.org/esop/toolkit/opportunity/opportunityDetail.do?opportunityId=5302,"2016-01-21 19:10:13","2016-01-21 19:10:13",,,0
15617,09.0157,"OCP / AXE CENTRE / PHOSBOUCRAA","Travaux de la maintenance des installations électriques au WHARF de PHOSBOUCRAA","2016-01-05 14:56:19","2016-01-24 18:00:00",5138,"2016-01-26 23:59:00",Dossier_15635,"Travaux de la maintenance des installations électriques au WHARF de PHOSBOUCRAA",http://esuppliers.ocpgroup.org/esop/toolkit/opportunity/opportunityDetail.do?opportunityId=5138,"2016-01-21 19:10:13","2016-01-21 19:10:13",,,0
15618,32.0748,"OCP/AXE CENTRE/SAFI","Confection suivant plan DA 18875
FONTE SUIVANT PLAN
","2016-01-28 12:13:47","2016-01-28 19:00:00",5255,"2016-01-29 19:00:00",Dossier_15763,"Confection suivant plan DA 18875",https://esuppliers.ocpgroup.org/esop/toolkit/opportunity/opportunityDetail.do?opportunityId=5255,"2016-01-21 19:10:13","2016-01-21 19:10:13",,,0
15619,36.0840,"OCP/AXE CENTRE/SAFI","Confection suivant plan DA 18878
CAOUTCHOUC SUIVANT PLAN","2016-01-25 17:36:00","2016-01-27 19:00:00",5254,"2016-01-27 19:00:00",Dossier_15762,"Confection suivant plan DA 18874",https://esuppliers.ocpgroup.org/esop/toolkit/opportunity/opportunityDetail.do?opportunityId=5254,"2016-01-21 19:10:13","2016-01-21 19:10:13",,,0
15620,33.0771,"OCP / AXE NORD / KHOURIBGA","Prestation des travaux de nettoyage du centre d'estivage pont-blondin à Mohammedia :
- Nettoyage des meubles et équipements bureautique et informatique;
- Nettoyage de la moquette et tapis;
- Nettoyage des murs et sols;
- Nettoyage des portes et fenêtres y compris vitres;
- Elimination des toiles d’araignées;
- Les postes téléphoniques, lampes de bureau et objets divers dépoussiérés avec le plus grand soin, doivent être nettoyés et décontaminés à l’aide d’un produit bactéricide;
- Vidage des poubelles.

Durée du marché : 12 mois","2016-01-19 13:08:13","2016-02-02 18:00:00",5276,"2016-02-09 18:00:00",Dossier_15792,"Prestation des travaux de nettoyage du centre d'estivage à Mohammedia.",http://esuppliers.ocpgroup.org/esop/toolkit/opportunity/opportunityDetail.do?opportunityId=5276,"2016-01-21 19:10:13","2016-01-21 19:10:13",,,0
15621,24.0516,"OCP / AXE CENTRE / SAFI","Achat des équipements de rechange pour la fiabilisation du système HRS de la ligne sulfurique PSIII de Maroc Chimie : 
Evaporateur HRS 
Réchauffeur d’acide HRS 
Dilueur HRS 
 
","2016-01-20 08:44:13","2015-12-31 19:00:00",5049,"2016-01-04 19:00:00",Dossier_15530,"Equipements de rechange pour fiabilisation système HRS ligne sulfurique PSIII.",http://esuppliers.ocpgroup.org/esop/toolkit/opportunity/opportunityDetail.do?opportunityId=5049,"2016-01-21 19:10:13","2016-01-21 19:10:13",,,0
15622,48.1195,"OCP\ AXE NORD\ JORF LASFAR","Fourniture de pièces de rechange P.I.V","2016-01-08 16:29:53","2016-01-29 22:00:00",5188,"2016-01-29 22:00:00",Dossier_15695,"Fourniture de pièces de rechange P.I.V",http://esuppliers.ocpgroup.org/esop/toolkit/opportunity/opportunityDetail.do?opportunityId=5188,"2016-01-21 19:10:13","2016-01-21 19:10:13",,,0
15623,47.1175,"OCP\ AXE NORD\ JORF LASFAR","Fourniture de pièces de rechange réducteurs _ SEW","2016-01-08 16:28:37","2016-01-29 22:00:00",5190,"2016-01-29 22:00:00",Dossier_15696,"Fourniture de pièces de rechange réducteurs _ SEW",http://esuppliers.ocpgroup.org/esop/toolkit/opportunity/opportunityDetail.do?opportunityId=5190,"2016-01-21 19:10:13","2016-01-21 19:10:13",,,0
15624,24.0499,"OCP/AXE NORD/JORF LASFAR","Fourniture Des Pièces De Rechange Tamis Vibreur Rotex","2016-01-08 16:10:56","2016-01-22 18:00:00",5195,"2016-01-29 18:00:00",Dossier_15700,"Fourniture Des Pièces De Rechange Tamis Vibreur Rotex",http://esuppliers.ocpgroup.org/esop/toolkit/opportunity/opportunityDetail.do?opportunityId=5195,"2016-01-21 19:10:13","2016-01-21 19:10:13",,,0
15625,16.0352,"OCP SA/ AXE NORD/ KHOURIBGA","FOURNITURE DES PLANTS DE CAROUBIER,DE L'ARGANIER ET D'OLIVIER EN CONTENEUR:

Selon le Brief technique joint à la RFI","2016-01-25 17:24:00","2016-01-26 18:00:00",5274,"2016-01-26 18:00:00",Dossier_15779,"FOURNITURE DES PLANTS DE CAROUBIER,DE L'ARGANIER ET D'OLIVIER EN CONTENEUR,   ",https://esuppliers.ocpgroup.org/esop/toolkit/opportunity/opportunityDetail.do?opportunityId=5274,"2016-01-21 19:10:13","2016-01-21 19:10:13",,,0
15626,28.0670,"OCP/AXE CENTRE/PHOSBOUCRAA","BESOIN EN LUBRIFIANTS 466-428","2016-01-19 07:54:30","2016-01-30 20:00:00",5273,"2016-02-01 22:00:00",Dossier_15797,"BESOIN EN LUBRIFIANTS 466-428",http://esuppliers.ocpgroup.org/esop/toolkit/opportunity/opportunityDetail.do?opportunityId=5273,"2016-01-21 19:10:13","2016-01-21 19:10:13",,,0
15627,34.0788,"OCP / AXE CENTRE / SAFI"," inverseur de direction ","2016-01-22 11:22:52","2016-02-07 19:00:00",5295,"2016-02-09 19:00:00",Dossier_15823,"inversseur de direction",https://esuppliers.ocpgroup.org/esop/toolkit/opportunity/opportunityDetail.do?opportunityId=5295,"2016-01-21 19:10:13","2016-01-21 19:10:13",,,0
15628,45.1150,"OCP / AXE CENTRE / SAFI","Les directions opérationnelles MPI (OIS/M) et MPII (OIS/D) souhaitent organiser deux  Team Building à Marrakech au profit de leur personnel. Les prestations demandées dans le cadre de ce projet sont :
•	Le transport aller-retour à l’intérieur de Marrakech, entre la résidence OCP Palmeraie et les endroits visités courant le séjour
•	L’organisation et la prise en charge de l’ensemble des participants lors d’un dîner dans un restaurant de qualité
•	L’organisation et l’accompagnement des participants dans des activités de Team Building (ex Paintball, initiation au Golf, etc…)
","2016-01-15 18:37:19","2016-01-14 18:00:00",5192,"2016-01-15 14:30:00",Dossier_15697,"Organisation de TEAM BUILDING",http://esuppliers.ocpgroup.org/esop/toolkit/opportunity/opportunityDetail.do?opportunityId=5192,"2016-01-21 19:10:13","2016-01-21 19:10:13",,,0
15629,38.0926,"OCP\ AXE NORD\ JORF LASFAR","Rechange pompes marque ALSTOM","2016-01-08 16:27:56","2016-01-29 22:00:00",5191,"2016-01-29 22:00:00",Dossier_15698,"Rechange pompes marque ALSTOM",http://esuppliers.ocpgroup.org/esop/toolkit/opportunity/opportunityDetail.do?opportunityId=5191,"2016-01-21 19:10:13","2016-01-21 19:10:13",,,0
15630,17.0362,"OCP - Achats JV - Jorf lasfar","IMACID | Achats des garnitures mécaniques ","2016-01-18 15:21:10","2016-01-29 18:00:00",5248,"2016-02-01 18:00:00",Dossier_15771,"IMACID | Achats des garnitures mécaniques ",http://esuppliers.ocpgroup.org/esop/toolkit/opportunity/opportunityDetail.do?opportunityId=5248,"2016-01-21 19:10:13","2016-01-21 19:10:13",,,0
15631,39.0957,"OCP/AXE CENTRE/SAFI","F.REGULATION DA-19528/15
BESOIN DESTINE AUX DIFFERENTES INSTALATIONS A OIS
","2016-01-15 17:41:49","2016-01-27 19:00:00",5257,"2016-01-27 19:00:00",Dossier_15766,"F.REGULATION DA-19528/15",http://esuppliers.ocpgroup.org/esop/toolkit/opportunity/opportunityDetail.do?opportunityId=5257,"2016-01-21 19:10:13","2016-01-21 19:10:13",,,0
15632,25.0583,"OCP /AXE CENTRE /SAFI","RECHANGES MAHLE.              DA 19639/16
Fournitures de:
RECHANGES POUR FILTRE MAHLE","2016-01-27 16:57:30","2016-01-27 19:00:00",5256,"2016-01-29 19:00:00",Dossier_15765,"RECHANGES MAHLE.              DA 19639/16",https://esuppliers.ocpgroup.org/esop/toolkit/opportunity/opportunityDetail.do?opportunityId=5256,"2016-01-21 19:10:13","2016-01-21 19:10:13",,,0
15633,36.0842,"OCP/AXE CENTRE/SAFI","Confection suivant plan DA 18879
FOURNITURES EN PLASTIQUE SUIVANT PLAN","2016-01-25 17:32:03","2016-01-27 19:00:00",5253,"2016-01-27 19:00:00",Dossier_15761,"Confection suivant plan DA 18879",https://esuppliers.ocpgroup.org/esop/toolkit/opportunity/opportunityDetail.do?opportunityId=5253,"2016-01-21 19:10:13","2016-01-21 19:10:13",,,0
15634,32.0745,"OCP/AXE CENTRE/SAFI","Confection suivant plan DA 18874
CHAUDRONNERIE INOX SUIVANT PLAN","2016-01-25 17:28:55","2016-01-27 19:00:00",5252,"2016-01-27 19:00:00",Dossier_15760,"Confection suivant plan DA 18874",https://esuppliers.ocpgroup.org/esop/toolkit/opportunity/opportunityDetail.do?opportunityId=5252,"2016-01-21 19:10:13","2016-01-21 19:10:13",,,0
15635,23.0473,OCP/Corporate/Casablanca,"AO Ouvert-Fourniture, installation, mise en service et maintenance d'une solution réseau de communication sans fil dans les sites du Groupe OCP 
Il s'agit d'un réseau numérique basé sur une technologie WIFI ou TETRA offrant les services Données et Voix au niveau des sites industriels OCP (Mine,..)","2016-01-15 18:58:58","2016-01-22 10:00:00",5249,"2016-01-22 10:00:00",Dossier_15775,"Mise en place d'une solution réseau de communication sans fil ",http://esuppliers.ocpgroup.org/esop/toolkit/opportunity/opportunityDetail.do?opportunityId=5249,"2016-01-21 19:10:13","2016-01-21 19:10:13",,,0
15636,38.0937,"OCP/ACHAT CORPATE JORF LASFAR","Acquisition des pièces de rechange WARMAN pour le complexe JFC1.Jorf Lasfar","2016-01-19 12:49:15","2015-12-18 12:00:00",4935,"2015-12-18 12:00:00",Dossier_15377,"Acquisition des pièces de rechange WARMAN pour le complexe JFC1.Jorf Lasfar",http://esuppliers.ocpgroup.org/esop/toolkit/opportunity/opportunityDetail.do?opportunityId=4935,"2016-01-21 19:10:13","2016-01-21 19:10:13",,,0
15637,32.0745,"OCP/AXE NORD/JORF LASFAR","Fourniture de puits pour décanteur de stockage suivant plans","2016-01-08 16:13:29","2016-01-22 18:00:00",5187,"2016-01-29 18:00:00",Dossier_15692,"Fourniture de puits pour décanteur de stockage suivant plans",http://esuppliers.ocpgroup.org/esop/toolkit/opportunity/opportunityDetail.do?opportunityId=5187,"2016-01-21 19:10:13","2016-01-21 19:10:13",,,0
15638,24.0504,"OCP / OPERATIONS INDUSTRIELLES / JORF LASFAR","BETON REFRACTAIRE SUIVANT FICHE TECHNIQUE","2016-01-08 10:31:53","2016-01-22 18:00:00",5185,"2016-01-29 16:00:00",Dossier_15693,"Fourniture de béton réfractaire",http://esuppliers.ocpgroup.org/esop/toolkit/opportunity/opportunityDetail.do?opportunityId=5185,"2016-01-21 19:10:13","2016-01-21 19:10:13",,,0
15639,47.1170,"OCP\ AXE NORD\ JORF LASFAR",accouplements,"2016-01-08 16:27:10","2016-01-29 22:00:00",5194,"2016-01-29 22:00:00",Dossier_15699,accouplements,http://esuppliers.ocpgroup.org/esop/toolkit/opportunity/opportunityDetail.do?opportunityId=5194,"2016-01-21 19:10:13","2016-01-21 19:10:13",,,0
15640,02.0029,"OCP / AXE CENTRE / SAFI","1 – OBJECTIF DU PROJET : 
ABRIS FUMEURS SONT DESTINES POUR OFFRIR AUX FUMEURS UN ESPACE COUVERT, A L'ABRI DES INTEMPERIES
2 - DESCRIPTION DU PROJET
FOURNITURE ET MISE EN PLACE DE 60 ABRIS FUMEURS A LA PLATEFORME D’OCP SAFI.
","2016-01-21 17:02:45","2016-01-14 18:00:00",5197,"2016-01-15 18:00:00",Dossier_15702,"Fourniture et mise en place de 60 abris fumeurs à la plateforme d’OCP SAFI",http://esuppliers.ocpgroup.org/esop/toolkit/opportunity/opportunityDetail.do?opportunityId=5197,"2016-01-21 19:10:13","2016-01-21 19:10:13",,,0
15641,04.0073,"OCP / GP / JORF LASFAR","Approbation des notes de calcul et des plans d’exécution, contrôle des travaux de génie civil, charpente métallique
","2016-01-25 12:05:21","2016-02-01 16:00:00",5268,"2016-01-28 16:00:00",Dossier_15788,"Projet nouvelle ligne sulfurique",https://esuppliers.ocpgroup.org/esop/toolkit/opportunity/opportunityDetail.do?opportunityId=5268,"2016-01-21 19:10:13","2016-01-21 19:10:13",,,0
15642,24.0503,"OCP/ACHAT CORPORATE/JORF LASFAR","Acquisition des rechanges pour filtre PRAYON pour le complexe JFC1 à Jorf Lasfar","2016-01-08 09:31:23","2015-12-18 12:00:00",4915,"2015-12-18 12:00:00",Dossier_15336,"Acquisition des rechanges pour filtre PRAYON pour le complexe JFC1 à Jorf Lasfar",http://esuppliers.ocpgroup.org/esop/toolkit/opportunity/opportunityDetail.do?opportunityId=4915,"2016-01-21 19:10:13","2016-01-21 19:10:13",,,0
15643,09.0149,"OCP / AXE NORD / KHOURIBGA","Fourniture des résistances de démarrage destinés pour portiques soufre, combinés et avertisseurs destinés pour les installations portuaires 
Voir BRIEF TECHNIQUE ci-joint.","2016-01-11 11:26:37","2015-12-22 18:00:00",4930,"2015-12-29 18:00:00",Dossier_15343,"Fourniture des résistances de démarrage, combinés et avertisseurs",http://esuppliers.ocpgroup.org/esop/toolkit/opportunity/opportunityDetail.do?opportunityId=4930,"2016-01-21 19:10:13","2016-01-21 19:10:13",,,0
15644,40.0998,"OCP / AXE CENTRE /PHOSBOUCRAA","Voir la fich technique ci-joint.","2015-12-28 14:00:22","2015-12-22 23:00:00",4922,"2015-12-24 23:00:00",Dossier_15361,"RECHANGE HARTMANN ET BRAUN",http://esuppliers.ocpgroup.org/esop/toolkit/opportunity/opportunityDetail.do?opportunityId=4922,"2016-01-21 19:10:13","2016-01-21 19:10:13",,,0
15645,23.0471,"OCP/DIRECTION EXECUTIVE OPERATIONS INDUSTRIELLES/GANTOUR","Le présent projet a pour objectif de répondre au besoin de la zone en matière de micro-ordinateurs fixes et portables. Les types concernés sont :
•	Micro-ordinateurs portables ultra légers, 
•	Micro-ordinateurs portables standards très performants, 
•	Micro-ordinateurs portables standards de type Workstation, 
•	Micro-ordinateurs fixes très performants, 
•	Micro-ordinateurs fixes de type Workstation.

Il est à noter que l’ensemble de ce matériel doit être garanti 3 ans pièces et main d’œuvre sur site à Youssoufia et Benguerir.
","2015-12-29 08:32:10","2015-12-14 10:00:00",4924,"2015-12-14 10:00:00",Dossier_15360,"Acquisition des micro ordinateurs fixes et portables",http://esuppliers.ocpgroup.org/esop/toolkit/opportunity/opportunityDetail.do?opportunityId=4924,"2016-01-21 19:10:13","2016-01-21 19:10:13",,,0
15646,24.0513,"OCP/IND/JORF LASFAR","Détail des prestations:

- La fourniture des matériaux : revêtement caoutchouc pré vulcanisé, colle, briques anti-usure, mortier, etc… 
- Le transport et le stockage sur site de l’ensemble de la fourniture ci dessus 
- La réception des équipements chaudronnés avec le fabricant des réservoirs 
- Le sablage et tous travaux préparatoires pour garantir une bonne adhésion du revêtement 
- Les travaux d’installation du revêtement et des briques anti-usure 
- La vulcanisation et la mise à disposition des équipements et accessoires nécessaires à cette opération 
- Les divers tests requis 
- Les moyens de manutention et d’accès (échafaudage, etc…) nécessaires 
","2016-01-19 11:09:20","2015-12-28 18:00:00",4964,"2015-12-31 18:00:00",Dossier_15411,"Fourniture et application du revêtement antiacide des bacs CS pour le Projet MAP",http://esuppliers.ocpgroup.org/esop/toolkit/opportunity/opportunityDetail.do?opportunityId=4964,"2016-01-21 19:10:13","2016-01-21 19:10:13",,,0
15647,55.1344,OCP,"AMI "Bureau d’étude confirmé pour une mission d’assistance à la maitrise d’ouvrage dans le domaine de l’Eco-durabilité/Eco-quartier à l’échelle d’une technopole de 126 ha."","2016-01-28 12:08:37","2016-02-05 23:50:00",5147,"2016-02-08 23:50:00",Dossier_15644,"BET mission d’assistance à l’Eco-durabilité/Eco-quartier Technoploe Laayoune",https://esuppliers.ocpgroup.org/esop/toolkit/opportunity/opportunityDetail.do?opportunityId=5147,"2016-01-21 19:10:13","2016-01-21 19:10:13",,,0
15648,06.0090,"OCP/AXE CENTRE / PHOSBOUCRAA","Outillages de jonction ","2016-01-06 16:53:14","2016-01-18 22:00:00",5152,"2016-01-20 22:00:00",Dossier_15653,"Outillages de jonction",http://esuppliers.ocpgroup.org/esop/toolkit/opportunity/opportunityDetail.do?opportunityId=5152,"2016-01-21 19:10:13","2016-01-21 19:10:13",,,0
15649,38.0921,"OCP / Direction Achats / Jorf Lasfar.","Fourniture des rechanges Pomperie destinés pour des hydrocyclones à Khouribga.","2016-01-21 10:36:59","2016-02-10 23:00:00",5300,"2016-02-10 23:00:00",Dossier_15828,"fourniture des rechanges Pomperie destinés pour la maintenance des hydrocyclones",http://esuppliers.ocpgroup.org/esop/toolkit/opportunity/opportunityDetail.do?opportunityId=5300,"2016-01-21 19:10:13","2016-01-21 19:10:13",,,0
15650,30.0698,"OCP / DIRECTION EXECUTIVE OPERATIONS INDUSTRIELLES / GANTOUR","Fourniture des rechanges REXROTH SIGMA (voir pièce joint)","2016-01-04 15:25:23","2016-01-18 18:00:00",5011,"2016-01-20 18:00:00",Dossier_15451,"REXROTH SIGMA",http://esuppliers.ocpgroup.org/esop/toolkit/opportunity/opportunityDetail.do?opportunityId=5011,"2016-01-21 19:10:13","2016-01-21 19:10:13",,,0
15651,17.0360,"OCP / DIRECTION EXECUTIVE OPERATIONS INDUSTRIELLES / GANTOUR","Fourniture des joints (voir pièce jointe)","2016-01-04 15:23:30","2016-01-18 18:00:00",5014,"2016-01-20 18:00:00",Dossier_15452,"Fourniture d'étanchèité",http://esuppliers.ocpgroup.org/esop/toolkit/opportunity/opportunityDetail.do?opportunityId=5014,"2016-01-21 19:10:13","2016-01-21 19:10:13",,,0
15652,25.0556,"OCP / DIRECTION EXECUTIVE OPERATIONS INDUSTRIELLES / GANTOUR","Fourniture des rechanges ATLAS COPCO pour la sondeuse PV275 (voir pièce jointe)","2016-01-04 15:18:55","2016-01-18 18:00:00",5017,"2016-01-20 18:00:00",Dossier_15454,"Rechanges ATLAS COPCO",http://esuppliers.ocpgroup.org/esop/toolkit/opportunity/opportunityDetail.do?opportunityId=5017,"2016-01-21 19:10:13","2016-01-21 19:10:13",,,0
15653,25.0572,"OCP / DIRECTION EXECUTIVE OPERATIONS INDUSTRIELLES / GANTOUR","Fourniture de rechanges de crible :
* Pulvérisateurs d'arrosage crible et les grilles de crible.
* Barre d'usure.
* Barre NOCKING d'adaptation.
* Plaque de terminaison.
NB : Voir pièce jointe.","2016-01-04 15:16:48","2016-01-18 18:00:00",5018,"2016-01-20 18:00:00",Dossier_15455,"Rechanges CRIBLE",http://esuppliers.ocpgroup.org/esop/toolkit/opportunity/opportunityDetail.do?opportunityId=5018,"2016-01-21 19:10:13","2016-01-21 19:10:13",,,0
15654,20.0402,"OCP / DIRECTION EXECUTIVE OPERATIONS INDUSTRIELLES / GANTOUR","Fourniture des GICLEURS INDUSTRIELS (voir pièce jointe)","2016-01-04 15:14:30","2016-01-18 18:00:00",5020,"2016-01-20 18:00:00",Dossier_15456,"GICLEUR INDUSTRIEL",http://esuppliers.ocpgroup.org/esop/toolkit/opportunity/opportunityDetail.do?opportunityId=5020,"2016-01-21 19:10:13","2016-01-21 19:10:13",,,0
15655,09.0149,"OCP /AXE CENTRE/ PHOSBOUCRAA","* 20323.07228 Démarreurs progressifs ALISTRAT		 Reference ATS48C14Q
* 20323.07227 Démarreurs progressifs ALISTRAT		Reference ATS48D62Q
* 20323.00073 Démarreurs progressifs ALISTRAT		Reference ATS48C11Q
* 20323.07254 Module de communication ;		Module de communication ; Réf : 499 NOH 10510
","2016-01-16 10:42:49","2016-01-27 23:00:00",5259,"2016-01-29 23:00:00",Dossier_15782,"Pièces de rechanges télémécanique",http://esuppliers.ocpgroup.org/esop/toolkit/opportunity/opportunityDetail.do?opportunityId=5259,"2016-01-21 19:10:13","2016-01-21 19:10:13",,,0
15656,27.0660,"OCP / AXE NORD / KHOURIBGA","Travaux pour le compte de l'Unité Géologie Zone Nord - Khouribga :  
- Accompagnement des équipes de géomètres pour l’implantation, levé et nivellement des puits dans le cadre de la campagne de fonçage de puits du bassin des Oulad Abdoun;
- Assistance des équipes de prospecteurs pour la Coupe lithologique et échantillonnage des puits du bassin des Oulad Abdoun;
- Assistance des équipes de géomètres et prospecteurs dans les travaux de la préservation des gisements du bassin des Oulad Abdoun;
- Assistance des équipes de prospecteurs dans la réfection des margelles de sécurité des puits et toisé des puits des différents gisements du bassin des Oulad Abdoun;
- Accompagnement des équipes de prospecteurs et géomètres dans les travaux d’exploration géophysique des gisements du bassin des Oulad Abdoun;
- Transport du personnel jusqu'au lieu du travail.

Durée du marché : 12 mois","2016-02-01 17:30:25","2016-02-04 18:00:00",5263,"2016-02-05 18:00:00",Dossier_15767,"Prestation de service : Travaux pour le compte de l'Unité Géologie à Khouribga.",https://esuppliers.ocpgroup.org/esop/toolkit/opportunity/opportunityDetail.do?opportunityId=5263,"2016-01-21 19:10:13","2016-01-21 19:10:13",,,0
15657,15.0334,OCP/CORPORATE/CASABLANCA,"Acquisition des Cartouches de sauvegarde : LTO Ultrium 6 Data Cartridge :

- Cartouche de sauvegarde: LTO Ultrium 6 Data Cartridge 
- Compatibity  :   LTO Ultrium 6 Drives		
- Capacity    : 2500/6250 GB			
- Tape Length     :  2776 ft / 876 m
- Quantitié : 250.	
","2016-01-18 12:08:23","2016-02-04 18:00:00",5265,"2016-02-05 15:00:00",Dossier_15785,"Acquisition des Cartouches de sauvegarde : LTO Ultrium 6 Data Cartridge ",http://esuppliers.ocpgroup.org/esop/toolkit/opportunity/opportunityDetail.do?opportunityId=5265,"2016-01-21 19:10:13","2016-01-21 19:10:13",,,0
15658,02.0024,"OCP - Achats JV - Jorf lasfar","IMA | ACHAT D'UN MOTO VENTILATEUR DE DEGAZAGE POUR IMACID ","2016-01-18 15:17:30","2016-02-01 18:00:00",5264,"2016-02-08 18:00:00",Dossier_15786,"IMA | ACHAT D'UN MOTO VENTILATEUR DE DEGAZAGE POUR IMACID",http://esuppliers.ocpgroup.org/esop/toolkit/opportunity/opportunityDetail.do?opportunityId=5264,"2016-01-21 19:10:13","2016-01-21 19:10:13",,,0
15659,13.0232,"OCP SA/AXE CENTRE/SAFI","Rechanges pour Elévateurs à godet","2016-01-19 15:00:27","2016-01-01 18:00:00",4889,"2016-01-04 18:00:00",Dossier_15300,"Rechanges pour Elévateurs à godet DA N°19320",http://esuppliers.ocpgroup.org/esop/toolkit/opportunity/opportunityDetail.do?opportunityId=4889,"2016-01-21 19:10:13","2016-01-21 19:10:13",,,0
15660,39.0957,"OCP SA/AXE CENTRE/SAFI","Rechanges pour Doseur ","2016-01-19 10:49:51","2016-01-01 18:00:00",4890,"2016-01-04 18:00:00",Dossier_15301,"Rechanges pour Doseur DA 19314",http://esuppliers.ocpgroup.org/esop/toolkit/opportunity/opportunityDetail.do?opportunityId=4890,"2016-01-21 19:10:13","2016-01-21 19:10:13",,,0
15661,47.1176,"OCP / DIRECTION EXECUTIVE OPERATIONS INDUSTRIELLES / GANTOUR  ","Le présent dossier consiste à la révision générale du réducteur COMELOR 
selon les travaux :

? Changement des pièces usées ( arrêts d’huile, roulements frettes flasques) ;
? Remise en état des portées des roulements de carter ovalisé,
? Confection des pignons CTR et arbres endommagés ;
? Changement d’huile ,
? Montage et essai
","2016-01-05 16:03:56","2016-01-02 23:00:00",4990,"2016-01-04 18:00:00",Dossier_15446,"REVISION GENERALE DU REDUCTEUR COMELOR",http://esuppliers.ocpgroup.org/esop/toolkit/opportunity/opportunityDetail.do?opportunityId=4990,"2016-01-21 19:10:13","2016-01-21 19:10:13",,,0
15662,11.0210,"OCP/achat corporate JORF LASFAR","Acquisitions des plaques chauffantes pour le complexe JFC1.Jorf Lasfar

","2016-01-19 11:14:21","2016-01-18 12:00:00",5129,"2016-01-18 12:00:00",Dossier_15623,"Acquisitions des plaques chauffantes pour le complexe JFC1.Jorf Lasfar",http://esuppliers.ocpgroup.org/esop/toolkit/opportunity/opportunityDetail.do?opportunityId=5129,"2016-01-21 19:10:13","2016-01-21 19:10:13",,,0
15663,33.0771,"OCP/AXE NORD/KHOURIBGA","Les travaux de nettoyage consistent à la réalisations des tâches suivantes :

- Nettoyage du sols  des bureaux, salles de réunions, halls et couloirs, blocs sanitaires;
- Nettoyage des miroirs, des vitres, vidange des poubelles, des portes d’entrées;
- Nettoyage du mobilier des bureaux;
- Détartrage des appareils sanitaires, le brossage, débouchage des toilettes et siphon des lavabos;
- Dégagement des déchets des poubelles;
 
Les travaux en question, concernent les locaux sur Khouribga -boulannoir-Boujniba-Hattane et Oued Zem :

- Nombre des bureaux  : 203
- Nombre des salles de réunion : 07
- Nombre des sanitaires : 71
- Nombre des couloires : 62
- Nombre des réfectoires : 07
- Nombre des escaliers : 33
- Nombre Salles d’attentes :18
- Nombre des Chambres accueil (EX Economat) : 03
- Nombre des Buvettes: 03
- Nombre des Cuisines :15
- Nombre des Salles d’archives :03
- Nombre des Salles de prières :10
- Nombre des vestiaires:14
- Nombre des Chambres HAMMAM :18
- Nombre des Salles de présentation:06 

Durée du marché : 24 mois


","2016-01-21 17:57:02","2016-02-01 18:00:00",5289,"2016-02-04 18:00:00",Dossier_15805,"Travaux de nettoyage des établissements sociaux du site e Khouribga",http://esuppliers.ocpgroup.org/esop/toolkit/opportunity/opportunityDetail.do?opportunityId=5289,"2016-01-21 19:10:13","2016-01-21 19:10:13",,,0
15664,08.0122,"OCP / AXE CENTRE / SAFI","- LINGUETS DE SECURITE 900L005 SERIE 710 AVEC RESSORD ET BOULON.LONGUEUR DE L'AXE DU TROU : 72 MM. LARGEUR DU LINGUET : 19 MM. DIAMETRE DE L'OREILLETTE DU LINGUETTE : 21 MM. DIAMETRE DU TROU D'ASSEMBLAGE : 6 MM. ECARTEMENT DU RESSORD DE RAPPEL : 9 MM. MATIERE : ACIER ZINGUE. LINGUETS DE SECURITE 900L005 SERIE 710 AVEC RESSORD ET BOULON.LONGUEUR DE L'AXE DU TROU : 72 MM. LARGEUR DU LINGUET : 19 MM. DIAMETRE DE L'OREILLETTE DU LINGUETTE : 21 MM. DIAMETRE DU TROU D'ASSEMBLAGE : 6 MM. ECARTEMENT DU RESSORD DE RAPPEL : 9 MM. MATIERE : ACIER ZINGUE.
- LINGUETS DE SECURITE 900L006 SERIE 710 AVEC RESSORD ET BOULON. LONGUEUR DE L'AXE DU TROU : 84 MM. LARGEUR DU LINGUET : 19 MM. DIAMETRE DE L'OREILLETTE DU LINGUETTE : 21 MM. DIAMETRE DU TROU D'ASSEMBLAGE : 6 MM. ECARTEMENT DU RESSORD DE RAPPEL : 9 MM. MATIERE : ACIER ZINGUE.
- LINGUETS DE SECURITE 900L007 SERIE 710 AVEC RESSORD ET BOULON. LONGUEUR DE L'AXE DU TROU : 102 MM. LARGEUR DU LINGUET : 24 MM. DIAMETRE DE L'OREILLETTE DU LINGUETTE : 30 MM. DIAMETRE DU TROU D'ASSEMBLAGE : 8 MM. ECARTEMENT DU RESSORD DE RAPPEL : 14 MM. MATIERE : ACIER ZINGUE.","2016-01-19 17:05:39","2016-02-04 19:00:00",5284,"2016-02-05 19:00:00",Dossier_15808,"LINGUET DE SECURITE CONCERNANT LA DA 19593",http://esuppliers.ocpgroup.org/esop/toolkit/opportunity/opportunityDetail.do?opportunityId=5284,"2016-01-21 19:10:13","2016-01-21 19:10:13",,,0
15665,24.0497,"OCP/axe nord/ocp","changement des pièces et sous-ensembles du compresseur d'air ATLAS COPCO","2016-01-21 16:34:12","2016-01-21 18:00:00",5321,"2016-02-05 18:00:00",Dossier_15818,"changement des pièces et sous-ensembles du compresseur d'air ATLAS COPCO",http://esuppliers.ocpgroup.org/esop/toolkit/opportunity/opportunityDetail.do?opportunityId=5321,"2016-01-21 19:10:13","2016-01-21 19:10:13",,,0
15666,09.0144,"OCP/AXE CENTRE/SAFI","Câbles électriques et accessoires  ","2016-01-19 17:02:29","2016-01-31 17:00:00",5112,"2016-02-02 17:00:00",Dossier_15605,"Câbles électriques et accessoires  DAX 19616",http://esuppliers.ocpgroup.org/esop/toolkit/opportunity/opportunityDetail.do?opportunityId=5112,"2016-01-21 19:10:13","2016-01-21 19:10:13",,,0
15667,23.0471,OCP/CORPORATE/CASABLANCA,"Acquisition de 35 imprimantes :
- Individuelle ;
- Multifonction N&B A4
- Multifonction couleur A4","2016-03-08 15:41:24","2016-03-11 16:00:00",5250,"2016-03-11 16:00:00",Dossier_15776,"Acquisition de 35 imprimantes ",https://esuppliers.ocpgroup.org/esop/toolkit/opportunity/opportunityDetail.do?opportunityId=5250,"2016-01-21 19:10:13","2016-01-21 19:10:13",,,0
15668,98.9983,"OCP/ AXE CENTRE/ SAFI","Organisation et assistance d’une sortie à Marrakech programmée par OCP SA Safi 
   -Organisation d’une sortie avec animation 
   -Assistance et encadrement des participants 
","2016-01-18 09:42:29","2016-01-22 11:30:00",5266,"2016-01-22 11:30:00",Dossier_15787,"Organisation et assistance d’une sortie à Marrakech programmée par OCP SA Safi ",http://esuppliers.ocpgroup.org/esop/toolkit/opportunity/opportunityDetail.do?opportunityId=5266,"2016-01-21 19:10:13","2016-01-21 19:10:13",,,0
15669,02.0042,OCP,"MOQUETTE POUR MOSQUEE DE TRES BONNE QUALITE","2016-01-07 12:05:27","2015-12-24 18:00:00",4960,"2015-12-31 18:00:00",Dossier_15404,MOQUETTE,http://esuppliers.ocpgroup.org/esop/toolkit/opportunity/opportunityDetail.do?opportunityId=4960,"2016-01-21 19:10:13","2016-01-21 19:10:13",,,0
15670,15.0339,"OCP /AXE CENTRE / SAFI","- CADRE EN ALUMINIUM   ''ECO CLIC ''                                                                                             DIMENSIONS : 307X444  MM                                                                                                                                MATIERE : ALUMINIUM                                                                                                                          ADAPTER AUX CHANGEMENTS FREQUENTS D'INFORMATION                                                          UTILISATION SIMPLE PAR PIVOTEMENT DES PROFILES                                                                    FEUILLES DE PROTECTION EN PLASTIQUE SOUPLE 1 MM                                                                    FINITION : ANODISE ARGEN;
- CADRE EN ALUMINIUM DIMENSION : 210X297 MM AVEC PLEXIGLASS ANTI-REFLET IDEAL POUR LES CONSIGNES DE SECURITE ET PLANS D'EVACUATION BAGUETTE EN ALUMINIUM PROFIL 9X14MM.","2016-01-19 16:42:46","2016-01-13 19:00:00",5041,"2016-01-15 19:00:00",Dossier_15522,"CADRES EN ALIMINIUM CONCERNANT LA DA 19570",http://esuppliers.ocpgroup.org/esop/toolkit/opportunity/opportunityDetail.do?opportunityId=5041,"2016-01-21 19:10:13","2016-01-21 19:10:13",,,0
15671,32.0750,"OCP / AXE CENTRE / SAFI","    MATÉRIELS ET ACCESSOIRES POUR VOIE FERRÉE
","2016-02-08 09:57:33","2016-02-11 00:00:00",5258,"2016-02-12 19:00:00",Dossier_15778,"MATÉRIELS ET ACCESSOIRES POUR VOIE FERRÉE  DA 18881",https://esuppliers.ocpgroup.org/esop/toolkit/opportunity/opportunityDetail.do?opportunityId=5258,"2016-01-21 19:10:13","2016-01-21 19:10:13",,,0
15672,03.0062,"OCP/AXE CENTRE/SAFI","Rechanges KKK – DA 19444-15
Rechanges KKK
","2016-01-15 17:48:04","2016-01-27 19:00:00",5251,"2016-01-27 19:00:00",Dossier_15780,"Rechanges KKK – DA 19444-15",http://esuppliers.ocpgroup.org/esop/toolkit/opportunity/opportunityDetail.do?opportunityId=5251,"2016-01-21 19:10:13","2016-01-21 19:10:13",,,0
15673,16.0352,"OCP / JORF LASFAR","Acquisition des pots square anthracite en polypropylène pour le centre R&D","2016-01-20 10:48:02","2016-02-11 23:00:00",5291,"2016-02-11 23:00:00",Dossier_15795,"Acquisition des pots square anthracite en polypropylène pour le centre R&D",http://esuppliers.ocpgroup.org/esop/toolkit/opportunity/opportunityDetail.do?opportunityId=5291,"2016-01-21 19:10:13","2016-01-21 19:10:13",,,0
15674,53.1311,"OCP/ DIRECTION EXECUTIVE OPERATIONS INDUSTRIELLES /GANTOUR","Achat des gants isolants spéciaux pour électriciens, Casques pompiers F2,Lampe XP LED rechargeable avec chargeur et Support de lampe pour casque pompier F1 et F2
","2016-01-12 10:40:33","2015-12-27 18:00:00",4986,"2015-12-28 18:00:00",Dossier_15442,EPI,http://esuppliers.ocpgroup.org/esop/toolkit/opportunity/opportunityDetail.do?opportunityId=4986,"2016-01-21 19:10:13","2016-01-21 19:10:13",,,0
15675,24.0500,"OCP/AXE CENTRE/SAFI","AO OUVERT - RECHANGE MONSANTO ","2016-01-06 16:21:30","2016-01-02 17:00:00",4997,"2016-01-04 17:00:00",Dossier_15460,"RECHANGE MONSANTO",http://esuppliers.ocpgroup.org/esop/toolkit/opportunity/opportunityDetail.do?opportunityId=4997,"2016-01-21 19:10:13","2016-01-21 19:10:13",,,0
15676,23.0470,"OCP | Jorf Lasfar | OIA/CV","Acquisition et mise en place d’une solution d'archivage et de gestion électronique de la documentation à Indo Maroc Phosphore (IMACID) à Jorf Lasfar (El JADIDA) - Maroc","2016-01-15 14:53:51","2015-12-28 18:00:00",5010,"2015-12-31 18:00:00",Dossier_15481,"Acquisition et mise en place d’une solution d'archivage et de gestion électroniq",http://esuppliers.ocpgroup.org/esop/toolkit/opportunity/opportunityDetail.do?opportunityId=5010,"2016-01-21 19:10:13","2016-01-21 19:10:13",,,0
15677,40.1008,"OCP / AXE NORD / JORF LASFAR","VANNES ET RECHANGES MASONEILAN","2016-01-21 14:30:59","2016-01-08 23:00:00",5027,"2016-01-15 23:00:00",Dossier_15503,"VANNES ET RECHANGES MASONEILAN",http://esuppliers.ocpgroup.org/esop/toolkit/opportunity/opportunityDetail.do?opportunityId=5027,"2016-01-21 19:10:13","2016-01-21 19:10:13",,,0
15678,53.1311,"OCP/AXE CENTRE /PHOSBOUCRAA",EPI,"2016-01-16 10:43:48","2016-01-25 22:00:00",5260,"2016-01-26 22:00:00",Dossier_15783," EPI",http://esuppliers.ocpgroup.org/esop/toolkit/opportunity/opportunityDetail.do?opportunityId=5260,"2016-01-21 19:10:13","2016-01-21 19:10:13",,,0
15679,53.1311,"OCP/AXE CENTRE / PHOSBOUCRAA",EPI,"2016-01-16 10:45:17","2016-01-25 22:00:00",5261,"2016-01-27 22:00:00",Dossier_15784,EPI,http://esuppliers.ocpgroup.org/esop/toolkit/opportunity/opportunityDetail.do?opportunityId=5261,"2016-01-21 19:10:13","2016-01-21 19:10:13",,,0
15680,23.0470,OCP/Corporate/Casablanca,"Souscription au support OPEN (Redhat Entreprise Linux, Oracle Linux, Zabbix :

- 2 x Support Oracle Entreprise Linux de type « Oracle Linux Basic Limited Support »
- 2 x Support Oracle Entreprise Linux de type « Oracle Linux Premier Support »
- 3 x Red Hat Entreprise Linux de type « Red Hat Entreprise Linux Standard »
- 1 x Red Hat Entreprise Linux de type «Red Hat Entreprise Linux Premium Support »
- 1x Support du produit Zabbix Entreprise
- Des Jours homme d’Expert de prestation d’assistance sur les produits open sources ( 25 JH par an)
","2016-01-18 12:14:59","2016-02-04 18:00:00",5269,"2016-02-05 15:00:00",Dossier_15789,"Souscription au support OPEN (Redhat Entreprise Linux, Oracle Linux, Zabbix",http://esuppliers.ocpgroup.org/esop/toolkit/opportunity/opportunityDetail.do?opportunityId=5269,"2016-01-21 19:10:13","2016-01-21 19:10:13",,,0
15681,38.0911,"OCP SA/AXE CENTRE/SAFI","Systèmatiques 2016","2016-02-01 08:22:54","2016-01-29 18:00:00",5267,"2016-02-08 18:00:00",Dossier_15791,"Systèmatique 2016 DA N°18920",https://esuppliers.ocpgroup.org/esop/toolkit/opportunity/opportunityDetail.do?opportunityId=5267,"2016-01-21 19:10:13","2016-01-21 19:10:13",,,0
15682,02.0029,"OCP/GP/JORF LASFAR","Ce lot consiste à:

Réalisation de l’ensemble des bâtiments de la nouvelle direction JPH en tout corps d’état ,
Réalisation des travaux de VRD et aménagement paysager,

 
","2016-02-26 16:25:03","2016-02-15 10:00:00",5271,"2016-03-07 10:00:00",Dossier_15793,"CONSTRUCTION DE LA NOUVELLE DIRECTION JPH A JORF LASFAR",https://esuppliers.ocpgroup.org/esop/toolkit/opportunity/opportunityDetail.do?opportunityId=5271,"2016-01-21 19:10:13","2016-01-21 19:10:13",,,0
15683,48.1191,"OCP / AXE CENTRE / SAFI ","RECHANGES "HYDRAUFLOW". ","2016-01-18 16:28:00","2016-01-04 23:00:00",4978,"2016-01-05 23:00:00",Dossier_15427,"RECHANGES "HYDRAUFLOW". ",http://esuppliers.ocpgroup.org/esop/toolkit/opportunity/opportunityDetail.do?opportunityId=4978,"2016-01-21 19:10:13","2016-01-21 19:10:13",,,0
15684,38.0924,"OCP / AXE CENTRE / SAFI ","POMPE A PALLETTE ","2016-01-20 15:18:37","2016-01-05 23:00:00",4980,"2016-01-06 23:00:00",Dossier_15430,"POMPE A PALLETTE ",http://esuppliers.ocpgroup.org/esop/toolkit/opportunity/opportunityDetail.do?opportunityId=4980,"2016-01-21 19:10:13","2016-01-21 19:10:13",,,0
15685,02.0027,"OCP / GP / JORF LASFAR","Projet assistance à la mise en service : Travaux Echaffaudage ODI 2

Assister les équipes de mise en service avec les travaux d’Echaffaudage nécessaires pour le démarrage des installations de l’ODI 2.
Le prestataire doit fournir le matériel, équipements et main d’œuvre nécessaires pour réussir la mise en service et démarrage des installations de l’ODI 2.
","2016-01-20 10:50:58","2015-12-23 18:00:00",4981,"2015-12-25 15:00:00",Dossier_15429,"Projet assistance à la mise en service : Travaux Echaffaudage ODI 2",http://esuppliers.ocpgroup.org/esop/toolkit/opportunity/opportunityDetail.do?opportunityId=4981,"2016-01-21 19:10:13","2016-01-21 19:10:13",,,0
15686,04.0074,"OCP / Corporate / Casablanca","Mise en place d’un nouveau portail intranet contenant:
Des fonctionnalités de type portail 
Des fonctionnalités de type gestion de contenus (CMS) 
Des fonctionnalités transverses 

Le nouvel intranet sera décliné en application mobile
","2016-01-25 11:22:52","2016-01-29 12:00:00",5094,"2016-01-29 12:00:00",Dossier_15579,"Mise en place d’un nouveau portail intranet et déclinaison en application mobile",https://esuppliers.ocpgroup.org/esop/toolkit/opportunity/opportunityDetail.do?opportunityId=5094,"2016-01-21 19:10:13","2016-01-21 19:10:13",,,0
15687,29.0681,"OCP / AXE NORD / KHOURIBGA","Réparation de 04 vérins de la stabilisation et 04 vérins d'extension de la grue:
Changement des kits, changement des limiteurs,..........","2016-01-21 10:44:01","2016-01-13 18:00:00",5093,"2016-01-20 18:00:00",Dossier_15578,"Réparation de 04 vérins de la stabilisation et 04 vérins d'extension de la grue ",http://esuppliers.ocpgroup.org/esop/toolkit/opportunity/opportunityDetail.do?opportunityId=5093,"2016-01-21 19:10:13","2016-01-21 19:10:13",,,0
15688,41.1053,"OCP/ JORF LASFAR","Robinetterie industrielle pour Khouribga","2015-12-30 15:49:59","2016-01-13 18:00:00",5106,"2016-01-20 18:00:00",Dossier_15594,"Robinetterie industrielle pour Khouribga",http://esuppliers.ocpgroup.org/esop/toolkit/opportunity/opportunityDetail.do?opportunityId=5106,"2016-01-21 19:10:13","2016-01-21 19:10:13",,,0
15689,53.1312,"OCP / AXE CENTRE / SAFI","SAC SAPEUR POMPIER AVEC LOGO OCP TISSU HAUTE RESISTANCE ENDUCTION INTERIEUR ET FOND RENFORCE    RESISTANCE EXTREME A L'ABRASION ET AUX DECHIRURES  -TEST A LA CHARGE 204 KG 4 POCHES LATERALES DONT : - 1 POCHE AVEC FILET D'AERATION PLASTIFIE     -1 POCHE AVEC PORTE -NOM  TOUTES AVEC FERMETURES A GLISSIERE  OUVERTURE GRANDE LARGEUR SUR LE DESSUS DU SAC PAR FERMETURE A GLISSIERE      PORT POSITION SAC-A-DOS AVEC SANGLES REGLABLES ET COTE-DOS REMBOURRE POUR UN MEILLEUR CONFORT   SANGLE DE TRANSPORT AMOVIBLE   BANDES REFLECHISSANTES SUR LES 2 LARGEURS DU SAC DIMENSIONS :  LARGEUR : 78 CM    HAUTEUR :  37 CM    PROFONDEUR :  37 CM   COULEUR : A PRECISER   
","2016-01-04 17:30:40","2016-01-22 19:00:00",5128,"2016-01-25 19:00:00",Dossier_15622,"SAC SAPEUR POMPIER AVEC LOGO OCP CONCERNANT LA DA 19599",http://esuppliers.ocpgroup.org/esop/toolkit/opportunity/opportunityDetail.do?opportunityId=5128,"2016-01-21 19:10:13","2016-01-21 19:10:13",,,0
15690,15.0332,OCP/CORPORATE/CASA," Fournitures et pose de Stores des établissements IPSE","2016-01-21 09:28:54","2015-12-29 12:00:00",4920,"2015-12-30 12:00:00",Dossier_15351," Fournitures et pose de Stores des établissements IPSE",http://esuppliers.ocpgroup.org/esop/toolkit/opportunity/opportunityDetail.do?opportunityId=4920,"2016-01-21 19:10:13","2016-01-21 19:10:13",,,0
15691,26.0640,OCP,"AMI"Réalisation des études d’impact sur l’environnement des projets miniers "","2015-12-28 10:06:04","2015-12-21 18:00:00",4932,"2015-12-21 18:00:00",Dossier_15372,"Réalisation des études d’impact sur l’environnement des projets miniers ",http://esuppliers.ocpgroup.org/esop/toolkit/opportunity/opportunityDetail.do?opportunityId=4932,"2016-01-21 19:10:13","2016-01-21 19:10:13",,,0
15692,45.1150,"OCP SA/AXE NORD/ KHOURIBGA","Prestation de restauration dans les colonies de vacances OCP SA exercice 2016 : 
- Restauration collective d'environ 1500 couverts/jour en continu dans quatre colonies de vacance pour les petits colons et pour le personnel encadrant; 
- Gestion globale des 4 restaurants depuis l’achat des denrées alimentaires jusqu’au service des repas; 
- Respect d’hygiène de sécurité alimentaire, des locaux et des normes en vigueur;
- Suivi des différents paramètres de production des repas;
- Approvisionnement des différentes denrées alimentaires dans les normes en vigueur.

Durée de la prestation : 02 mois 
","2016-01-05 20:07:03","2016-01-18 18:00:00",5060,"2016-01-25 18:00:00",Dossier_15541,"Prestation de restauration dans les colonies de vacances OCP S.A. exercice 2016",http://esuppliers.ocpgroup.org/esop/toolkit/opportunity/opportunityDetail.do?opportunityId=5060,"2016-01-21 19:10:13","2016-01-21 19:10:13",,,0
15693,13.0244,"OCP / AXE NORD / KHOURIBGA","Fourniture des pneus génie civil:
Besoin destiné pour assurer le remplacement des pneus usagés.","2016-01-21 10:45:33","2016-01-13 18:00:00",5089,"2016-01-20 18:00:00",Dossier_15574,"Fourniture des pneus génie civil",http://esuppliers.ocpgroup.org/esop/toolkit/opportunity/opportunityDetail.do?opportunityId=5089,"2016-01-21 19:10:13","2016-01-21 19:10:13",,,0
15694,25.0593,"OCP AXE CENTRE / SAFI","Toile filtrantes pour filtre RAYON","2016-01-22 13:24:30","2016-01-26 19:00:00",5091,"2016-01-28 19:00:00",Dossier_15575,"Toile filtrantes pour filtre PRAYON concernant la DA 6332",https://esuppliers.ocpgroup.org/esop/toolkit/opportunity/opportunityDetail.do?opportunityId=5091,"2016-01-21 19:10:13","2016-01-21 19:10:13",,,0
15695,98.9985,"OCP SA / JORF LASFAR","la prestation de restauration du Centre de Compétences Industrielles Jorf Lasfar: il s'agit de la sous-traitance de la préparation, et de la livraison des repas à emporter (lunch box) pour le déjeuner concernant un effectif qui varie entre 100 et 400 repas par jour avec une quantité globale d'environs 25 000 plats type (Lunch Box). ","2016-01-21 09:33:27","2016-01-12 12:00:00",5092,"2016-01-12 12:00:00",Dossier_15577,"la prestation de restauration du Centre de Compétences Industrielles Jorf Lasfar",http://esuppliers.ocpgroup.org/esop/toolkit/opportunity/opportunityDetail.do?opportunityId=5092,"2016-01-21 19:10:13","2016-01-21 19:10:13",,,0
15696,34.0786,"OCP / AXE NORD / KHOURIBGA","Fourniture, installation et mise en service d'un pont roulant:
Fourniture, installation et mise en service d’un pont roulant équipé par un palan électrique de manutention 5T à l’atelier de maintenance des sous ensembles électriques. ","2016-01-21 10:42:24","2016-01-13 18:00:00",5100,"2016-01-20 18:00:00",Dossier_15580,"Fourniture, installation et mise en service d'un pont roulant",http://esuppliers.ocpgroup.org/esop/toolkit/opportunity/opportunityDetail.do?opportunityId=5100,"2016-01-21 19:10:13","2016-01-21 19:10:13",,,0
15697,40.1027,"OCP / AXE CENTRE / PHOSBOUCRAA","20211.04555  ARRET URGENCE TIR.A CABLE               3SJ10 30-1AA
* 20211.00213  DETECTEUR DEPORT BANDE (R) 
3SE7 310-1AE00 
* 20211.02812  ALIMENTATION 24 VDC/5A 
6EP1 333-2BA00
","2016-01-08 15:42:05","2015-12-20 23:00:00",4910,"2015-12-22 23:00:00",Dossier_15333,"RECHANGES SIEMENS",http://esuppliers.ocpgroup.org/esop/toolkit/opportunity/opportunityDetail.do?opportunityId=4910,"2016-01-21 19:10:13","2016-01-21 19:10:13",,,0
15698,15.0338,"OCP Bengeurir","Acquisition du matériel de décoration pour club de tir à Benguerir","2015-12-30 11:16:44","2015-12-28 12:00:00",4918,"2015-12-28 18:00:00",Dossier_15331,"Acquisition du matériel de décoration pour club de tir à Benguerir",http://esuppliers.ocpgroup.org/esop/toolkit/opportunity/opportunityDetail.do?opportunityId=4918,"2016-01-21 19:10:13","2016-01-21 19:10:13",,,0
15699,02.0037,OCP,"* Le remplacement des tôles endommagées de la couverture des stocks secs A et B (tôles genre NERVESCO),
* La remise en place de la tôle de couverture (calorifugeage) de la jonction des éléments 3 et 4 située à 28 m du sol de la cheminée du four N° 3
* Le remplacement du capotage des convoyeurs à bande SA, DA2 et DB2.
* La fabrication et le montage des passerelles au niveau du tunnel  de l’atelier de séchage
* La fabrication et le montage des échelles d’accès aux plates formes des cribles (atelier de séchage)
* La fabrication et l’installation des colonnes de récupération du produit issu des cyclones 
","2016-01-07 11:30:56","2015-12-22 18:00:00",4937,"2015-12-29 18:00:00",Dossier_15380,"Rénovation du bardage et des modules chaudronnés des installations au COZ",http://esuppliers.ocpgroup.org/esop/toolkit/opportunity/opportunityDetail.do?opportunityId=4937,"2016-01-21 19:10:13","2016-01-21 19:10:13",,,0
15700,09.0157,"OCP/ACHAT CORPORAT/JORF LASFAR","la maintenance du DCS de l’unité de stockage d’ammoniac à JFC1","2015-12-30 09:32:46","2015-12-21 14:00:00",4959,"2015-12-21 14:00:00",Dossier_15406,"la maintenance du DCS de l’unité de stockage d’ammoniac à JFC1 ",http://esuppliers.ocpgroup.org/esop/toolkit/opportunity/opportunityDetail.do?opportunityId=4959,"2016-01-21 19:10:13","2016-01-21 19:10:13",,,0
15701,15.0339,"OCP / DIRECTION EXECUTIVE OPERATIONS INDUSTRIELLES / GANTOUR","Fourniture des articles de pavoisement ","2015-12-15 15:44:47","2015-12-10 18:00:00",4894,"2015-12-11 12:00:00",Dossier_15308,"Fourniture des articles de pavoisement",http://esuppliers.ocpgroup.org/esop/toolkit/opportunity/opportunityDetail.do?opportunityId=4894,"2016-01-21 19:10:13","2016-01-21 19:10:13",,,0
15702,36.0844,"OCP / AXE CENTRE / SAFI ","Externalisation des travaux de maintenance de la tuyauterie et des équipements en plastique à OIS ","2016-01-20 09:14:50","2016-01-07 23:00:00",4897,"2016-01-15 23:00:00",Dossier_15310,"Externalisation des travaux de maintenance de la tuyauterie et des équipements e",http://esuppliers.ocpgroup.org/esop/toolkit/opportunity/opportunityDetail.do?opportunityId=4897,"2016-01-21 19:10:13","2016-01-21 19:10:13",,,0
15703,24.0499,"OCP / axe centre / safi","Renouvellement de deux cribles de l’atelier TPB I de Maroc-Chimie.
Le présent besoin consiste en la définition des modalités du renouvellement en lieu et place de deux cribles chauvin 8m2 (FA 038 & FA 039) installés au niveau de l’atelier de traitement et broyage de phosphate de Phosphorique I à la direction Maroc-Chimie","2016-01-14 14:31:32","2015-12-27 19:00:00",4931,"2015-12-29 19:00:00",Dossier_15371,"Renouvellement de deux cribles de l’atelier TPB I de Maroc-Chimie DA 19246.",http://esuppliers.ocpgroup.org/esop/toolkit/opportunity/opportunityDetail.do?opportunityId=4931,"2016-01-21 19:10:13","2016-01-21 19:10:13",,,0
15704,53.1310,"OCP/DIRECTION EXECUTIVE OPERATIONS INDUSTRIELLES / Gantour","Fourniture d'habillement pour colonies de vacances :
• Espadrille
• Claquet
• Survêtement de sport
• Polo demi manche 
• Pantacourts
","2016-01-12 10:12:57","2015-12-22 12:00:00",4965,"2015-12-23 12:00:00",Dossier_15412,"Fourniture d'habillement pour colonies de vacances",http://esuppliers.ocpgroup.org/esop/toolkit/opportunity/opportunityDetail.do?opportunityId=4965,"2016-01-21 19:10:13","2016-01-21 19:10:13",,,0
15705,02.0029,"OCP / GP / JORF LASFAR","Le scope de ce lot couvre: 

1. La réalisation des études complémentaires, des approvisionnements et de la construction des 3 airs de stockage OSBL suivants: 
Unit 111: Sulfur Storage Area, 
Unit 126: Gasoil Storage Area, 
Unit 125: Water & Storage Area  

2. Le montage des équipements mécanique. 

","2016-01-18 16:17:47","2015-12-25 20:00:00",4984,"2015-12-28 16:00:00",Dossier_15440,"LOT PARC DE STOCKAGE",http://esuppliers.ocpgroup.org/esop/toolkit/opportunity/opportunityDetail.do?opportunityId=4984,"2016-01-21 19:10:13","2016-01-21 19:10:13",,,0
15706,53.1314,"OCP / AXE NORD / KHOURIBGA","Fourniture de Couvertures, Draps et Oreillers :
-Drap Coton Blan 160X110;
-Couverture 175X220CM 2FCE;
-Oreiller Beige 65X55CM;
-Taie oreiller 65X55CM.

Délai de livraison : 20 jours","2016-01-19 17:25:23","2015-12-23 18:00:00",4985,"2015-12-28 12:00:00",Dossier_15441,"Fourniture de Couvertures, Draps et Oreillers.",http://esuppliers.ocpgroup.org/esop/toolkit/opportunity/opportunityDetail.do?opportunityId=4985,"2016-01-21 19:10:13","2016-01-21 19:10:13",,,0
15707,24.0498,"OCP / AXE CENTRE / SAFI","Supervision des travaux de réhabilitation des broyeurs de l’atelier phosphorique ","2016-01-14 15:13:43","2016-01-02 19:00:00",4991,"2016-01-05 19:00:00",Dossier_15447,"Supervision des travaux de réhabilitation des broyeurs de l’atelier phosphorique",http://esuppliers.ocpgroup.org/esop/toolkit/opportunity/opportunityDetail.do?opportunityId=4991,"2016-01-21 19:10:13","2016-01-21 19:10:13",,,0
15708,98.9986,"OCP SA - JORF LASFAR","Prestation pour l’organisation des journées sports et loisirs en faveur des agents OCP et leurs familles pour une durée de 12 mois
","2016-03-18 08:45:51","2016-01-05 23:00:00",4992,"2016-03-28 11:00:00",Dossier_15439,"Organisation des journées sports et loisirs",https://esuppliers.ocpgroup.org/esop/toolkit/opportunity/opportunityDetail.do?opportunityId=4992,"2016-01-21 19:10:13","2016-01-21 19:10:13",,,0
15709,23.0473,"OCP/AXE NORD/JORF LASFAR","RECHANGES HIRSCHMANN ","2016-01-21 09:58:10","2015-12-28 18:00:00",4993,"2016-01-04 18:00:00",Dossier_15458,"RECHANGES HIRSCHMANN",http://esuppliers.ocpgroup.org/esop/toolkit/opportunity/opportunityDetail.do?opportunityId=4993,"2016-01-21 19:10:13","2016-01-21 19:10:13",,,0
15710,13.0247,"OCP / AXE CENTRE / PHOSBOUCRAA","Travaux d'expertise des deux pelles éléctriques 195B à la mine de Boucraâ ","2015-12-31 08:44:42","2015-12-21 18:00:00",4994,"2015-12-23 23:59:00",Dossier_15457,"Travaux d'expertise des deux pelles éléctriques 195B à la mine de Boucraâ ",http://esuppliers.ocpgroup.org/esop/toolkit/opportunity/opportunityDetail.do?opportunityId=4994,"2016-01-21 19:10:13","2016-01-21 19:10:13",,,0
15711,24.0512,"OCP / GP / JORF LASFAR","PRESTATION DE LA PEINTURE DES INSTALLATIONS DE SECHAGE AU PROJET DOWNSTREAM

Prestation de peinture de charpente pour les installations séchage du projet Downstream. Cette prestation n’inclut pas la peinture des équipements
","2016-01-04 10:10:56","2015-12-28 18:00:00",5021,"2015-12-30 16:00:00",Dossier_15498,"PRESTATION DE LA PEINTURE DES INSTALLATIONS DE SECHAGE AU PROJET DOWNSTREAM",http://esuppliers.ocpgroup.org/esop/toolkit/opportunity/opportunityDetail.do?opportunityId=5021,"2016-01-21 19:10:13","2016-01-21 19:10:13",,,0
15712,13.0244,"OCP -AXE CENTRE - PHOSBOUCRAA ","Pneus tubless pour la chargeuse 994 ","2015-12-28 14:29:28","2015-12-23 23:00:00",4971,"2015-12-25 23:00:00",Dossier_15420,"Pneus tubless pour la chargeuse 994",http://esuppliers.ocpgroup.org/esop/toolkit/opportunity/opportunityDetail.do?opportunityId=4971,"2016-01-21 19:10:13","2016-01-21 19:10:13",,,0
15713,14.0293,"OCP- AXE CENTRE - PHOSBOUCRAA","Rechanges pour camion TEREX ","2015-12-29 16:30:05","2015-12-23 23:00:00",4973,"2015-12-25 23:00:00",Dossier_15421,"Rechanges pour camion TEREX",http://esuppliers.ocpgroup.org/esop/toolkit/opportunity/opportunityDetail.do?opportunityId=4973,"2016-01-21 19:10:13","2016-01-21 19:10:13",,,0
15714,45.1150,"OCP/AXE CENTRE/SAFI","Prestations de restauration au site de Safi
               Préparation et organisation d’un déjeuner, pause café et un dîner animé en faveur du personnel courant le Mois de Décembre; 
 
Ces prestations seront réalisés selon la demande du client et selon les détails qualitatifs et quantitatifs du cahier des charges
Le soumissionnaire doit prendre en charge tous les moyens humains et matériels pour la réalisation des prestations  à savoir : 
  Moyens matériels : Cuisine pour préparation, chaises, tapis, tables avec couverts, serviettes, décoration florale par table, tentes caïdales, moyens de transport du personnel et des denrées alimentaires, camions frigorifique, habillement du personnel, Animation…etc..
            -Moyens humains : Cuisiniers, commis, serveurs…etc
Lieu d’organisation : à préciser,
","2016-01-14 08:19:38","2016-01-22 19:00:00",4979,"2015-12-21 19:00:00",Dossier_15428,"Prestations de restauration au site de Safi,",http://esuppliers.ocpgroup.org/esop/toolkit/opportunity/opportunityDetail.do?opportunityId=4979,"2016-01-21 19:10:13","2016-01-21 19:10:13",,,0
15715,47.1175,"OCP/ DIRECTION ACHAT JV/ JORF LASAFAR","AO OUVERT - EMAP - Acquisition de quatre motoréducteurs pour agitateurs d'EMAPHOS. ","2016-01-14 08:06:54","2016-01-15 18:00:00",4977,"2016-01-22 18:00:00",Dossier_15410,"EMAP - Acquisition de quatre motoréducteurs pour agitateurs d'EMAPHOS.",http://esuppliers.ocpgroup.org/esop/toolkit/opportunity/opportunityDetail.do?opportunityId=4977,"2016-01-21 19:10:13","2016-01-21 19:10:13",,,0
15716,02.0035,OCP,"Besoin pour les engins de l’axe EL HALASAA et  atelier, sous ensemble et installation électrique de SIDI CHENNANNE et MRAH
","2016-01-21 15:33:57","2015-12-21 18:00:00",4906,"2015-12-28 18:00:00",Dossier_15327,Peinture,http://esuppliers.ocpgroup.org/esop/toolkit/opportunity/opportunityDetail.do?opportunityId=4906,"2016-01-21 19:10:13","2016-01-21 19:10:13",,,0
15717,09.0146,"OCP / AXE NORD / KHOURIBGA","Achat de trois booster Batterie :
Fourniture des booster de batteries.


 
","2016-01-14 09:19:32","2015-12-21 18:00:00",4909,"2015-12-28 18:00:00",Dossier_15325,"Achat de 3 bosters de batteries",http://esuppliers.ocpgroup.org/esop/toolkit/opportunity/opportunityDetail.do?opportunityId=4909,"2016-01-21 19:10:13","2016-01-21 19:10:13",,,0
15718,02.0029,"OCP/ AXE CENTRE/SAFI","Fourniture et installation des stores scéens enrouleurs","2016-01-12 10:25:18","2016-01-05 00:00:00",5067,"2016-01-07 19:00:00",Dossier_15549,"Fourniture et installation des stores screens enrouleurs.",http://esuppliers.ocpgroup.org/esop/toolkit/opportunity/opportunityDetail.do?opportunityId=5067,"2016-01-21 19:10:13","2016-01-21 19:10:13",,,0
15719,53.1312,"OCP/ACHAT CORPORATE JFC1 JORF LASFAR","ACQUISITION DU MATERIEL DES TRAVAUX EN HAUTEUR ET VENTILATEURS POUR JFC1 à Jorf Lasfar","2016-01-07 13:44:33","2016-01-06 12:00:00",5072,"2016-01-06 12:00:00",Dossier_15550,"ACQUISITION DU MATERIEL DES TRAVAUX EN HAUTEUR ET VENTILATEURS POUR JFC1 à Jorf ",http://esuppliers.ocpgroup.org/esop/toolkit/opportunity/opportunityDetail.do?opportunityId=5072,"2016-01-21 19:10:13","2016-01-21 19:10:13",,,0
15720,32.0745,OCP/Jorf,"fourniture des gaines de liaison suivant plan. ","2016-01-21 12:21:44","2016-01-07 18:00:00",5104,"2016-01-12 18:00:00",Dossier_15590,"fourniture des gaines de liaison suivant plan.",http://esuppliers.ocpgroup.org/esop/toolkit/opportunity/opportunityDetail.do?opportunityId=5104,"2016-01-21 19:10:13","2016-01-21 19:10:13",,,0
15721,27.0660,"OCP / AXE CENTRE / SAFI"," Poste 1 : Déclarations douanières
 Poste 2 : Gestion et suivi de traitement des factures de Marsa Maroc et déchargement du soufre.
","2016-01-12 14:35:14","2016-01-26 18:00:00",5213,"2016-01-28 18:00:00",Dossier_15652,"Déclarations douanières au port Safi",http://esuppliers.ocpgroup.org/esop/toolkit/opportunity/opportunityDetail.do?opportunityId=5213,"2016-01-21 19:10:13","2016-01-21 19:10:13",,,0
15722,33.0773,"OCP / AXE CENTRE / SAFI","Les prestations demandées portent sur le nettoyage :

?	des réacteurs : cuves d’attaque, cuve de passage, cristalliseurs, digesteurs, prémélangeurs, fosses de récupération  et bassins ;
?	des bacs de stockage d’acide phosphorique et décanteurs ;
?	des bouilleurs du flash cooler aux ateliers phosphoriques de Maroc chimie.

Les travaux en question seront réalisés dans les quatre directions : Maroc Chimie, Maroc Phosphore I, Maroc Phosphore II et Infrastructures portuaires de Safi, le PRESTATAIRE sera appelé à gérer simultanément les quatre chantiers.
","2016-01-08 08:19:54","2016-01-26 18:00:00",5169,"2016-01-28 18:00:00",Dossier_15668,"Externalisation des travaux de nettoyage des réacteurs et bac de stockage à OIS",http://esuppliers.ocpgroup.org/esop/toolkit/opportunity/opportunityDetail.do?opportunityId=5169,"2016-01-21 19:10:13","2016-01-21 19:10:13",,,0
15723,55.1347,"OCP / SADV / BENGUERIR","PRESTATIONS DE CONTROLE TOPOGRAPHIQUE, IMPLANTATIONS TOPOGRAPHIQUES ET CALCUL DE CUBATURES DE LA VILLE VERTE MOHAMMED VI","2016-01-20 17:08:02","2016-01-04 18:00:00",5001,"2016-01-04 22:00:00",Dossier_15469,"PRESTATIONS TOPOGRAPHE ET CALCUL DE CUBATURES A LA VILLE VERTE MOHAMMED VI",http://esuppliers.ocpgroup.org/esop/toolkit/opportunity/opportunityDetail.do?opportunityId=5001,"2016-01-21 19:10:13","2016-01-21 19:10:13",,,0
15724,42.1103,"OCP / AXE NORD / JORF LASFAR","VANNE A POINTEAU U 63 & 163 ","2016-01-21 15:22:47","2016-01-08 23:00:00",5037,"2016-01-15 23:00:00",Dossier_15515,"VANNE A POINTEAU U 63 & 163",http://esuppliers.ocpgroup.org/esop/toolkit/opportunity/opportunityDetail.do?opportunityId=5037,"2016-01-21 19:10:13","2016-01-21 19:10:13",,,0
15725,50.1252,"OCP / AXE CENTRE / Phosboucraâ","Pneus pour des véhicules utilitaires:
* PNEU TUBLESS 205/75 R17.5
* PNEU 195/75 R16.
* PNEU 205 R16 P/PAJERO 4X4.
Voir Scope ci-dessous.","2016-01-21 16:57:39","2015-12-28 18:00:00",5042,"2016-01-02 17:00:00",Dossier_15519,"Pneus pour véhicules utilitaires",http://esuppliers.ocpgroup.org/esop/toolkit/opportunity/opportunityDetail.do?opportunityId=5042,"2016-01-21 19:10:13","2016-01-21 19:10:13",,,0
15726,98.9989,"OCP SA/ AXE NORD/ KHOURIBGA","Le présent projet a pour objet l’achat des produits alimentaires suivant le Brief technique joint à la RFI.

DELAI DE LIVRAISON :  20 JOURS

","2016-01-14 12:21:59","2016-02-01 18:00:00",5043,"2016-02-04 18:00:00",Dossier_15524,"ACHAT DES PRODUITS ALIMENTAIRES",http://esuppliers.ocpgroup.org/esop/toolkit/opportunity/opportunityDetail.do?opportunityId=5043,"2016-01-21 19:10:13","2016-01-21 19:10:13",,,0
15727,24.0513,"OCP / AXE CENTRE / SAFI","Remise en état du revêtement anti-acide de cuve d’attaque et de cuve de passage de la ligne F de OIS/M : Prise en charge de toutes les prestations liées à l’activité de revêtement anti-acide, briquetage, sablage, dégarnissage, démontage et remontage des accessoires….)

","2016-01-20 11:42:50","2015-12-21 19:00:00",4968,"2015-12-22 19:00:00",Dossier_15417,"Remise en état du revêtement anti-acide de cuve d’attaque et de cuve de passage ",http://esuppliers.ocpgroup.org/esop/toolkit/opportunity/opportunityDetail.do?opportunityId=4968,"2016-01-21 19:10:13","2016-01-21 19:10:13",,,0
15728,53.1313,"OCP / DIRECTION EXECUTIVE OPERATIONS INDUSTRIELLES / Gantour","Fourniture des Casquettes et pyjamas pour colonies de vacances ","2016-01-04 10:00:11","2015-12-22 12:00:00",4967,"2015-12-23 12:00:00",Dossier_15416,"Fourniture des Casquettes et pyjamas pour colonies de vacances",http://esuppliers.ocpgroup.org/esop/toolkit/opportunity/opportunityDetail.do?opportunityId=4967,"2016-01-21 19:10:13","2016-01-21 19:10:13",,,0
15729,04.0071,"OCP /CORPORATE/ CASA","Souscription par OCP d’une assurance Tous Risques Chantier/Montage/Essais pour les 3 projets :
- Réalisation d’une unité de 100KT/an de MAP Soluble à JORF LASFAR
- Réalisation de 04 nouveaux Echelons Concentration Phosphorique d’une capacité unitaire de 500T P2O5/jour à JORF LASFAR
- Travaux d'Assainissement des anciennes unités d’engrais de JORF LASFAR
","2016-01-20 15:40:13","2016-01-08 18:00:00",5013,"2016-01-08 23:00:00",Dossier_15491,"Assurance Tous Risques Chantier/Montage",http://esuppliers.ocpgroup.org/esop/toolkit/opportunity/opportunityDetail.do?opportunityId=5013,"2016-01-21 19:10:13","2016-01-21 19:10:13",,,0
15730,53.1314,"OCP / DIRECTION EXECUTIVE OPERATIONS INDUSTRIELLES / Gantour","Fourniture des serviettes invitées pour colonies de vacances","2016-01-04 09:23:51","2015-12-22 12:00:00",4969,"2015-12-23 12:00:00",Dossier_15419,"Fourniture des serviettes invitées pour colonies de vacances",http://esuppliers.ocpgroup.org/esop/toolkit/opportunity/opportunityDetail.do?opportunityId=4969,"2016-01-21 19:10:13","2016-01-21 19:10:13",,,0
15731,15.0334,"OCP / AXE CENTRE / SAFI","DISQUE DUR EXTERNE 2,5 POUCES USB 3.0 CAPACITE 500 GO TYPE DE PRODUIT: DISQUE DUR EXTERNE PORTABLE  FACTEUR DE FORME : 2,5 POUCES  DIMENSIONS : LARGEUR : 13 CMS, PROFONDEUR : 7,7 CMS, HAUTEUR : 1,8 CMS POIDS : 259G CAPACITÉ DE STOCKAGE : 500 GO  VITESSE DE ROTATION: 5400 TR/MN MEMOIRE CACHE: 8 MO ALIMENTATION : S'AUTOALIMENTE VIA L'USB FOURNI CONNECTIVITE : USB3.0 / USB2.0                                                                                                             GENRE : LACIE PORSCHE DESIGN 9220, WESTERN DIGITAL MY PASSPORT OU EQUIVALENT ACCESSOIRE(S) FOURNI(S): CABLE USB 3.0 (COMPATIBLE USB 2.0), SACOCHE PROTECTRICE PROTEGEANT A LA FOIS LE DISQUE ET PERMETTANT LE RANGEMENT DU CABLE FOURNI, LOGICIEL(S): SUITE LOGICIELLE (SAUVEGARDE AUTOMATIQUE, PROTECTION DES DONNEES PAR MOT DE PASSE, ASSISTANT SAUVEGARDE AUTOMATIQUE DU DISQUE POUR EVITER TOUTE PERTE DE DONNEES)    ","2015-12-17 10:07:58","2015-12-25 19:00:00",4982,"2015-12-28 19:00:00",Dossier_15435,"DISQUE DUR EXTERNE 500 GO CONCERNANT LA DA 19512",http://esuppliers.ocpgroup.org/esop/toolkit/opportunity/opportunityDetail.do?opportunityId=4982,"2016-01-21 19:10:13","2016-01-21 19:10:13",,,0
15732,13.0247,"OCP / AXE CENTRE / PHOSBOUCRAA","Travaux de réparation d'un chariot élevateur de 10 Tonne à la mine de Boucraâ ","2016-01-06 15:53:29","2015-12-26 23:59:00",5002,"2015-12-28 23:59:00",Dossier_15464,"Travaux de réparation d'un chariot élevateur de 10 Tonne à la mine de Boucraâ ",http://esuppliers.ocpgroup.org/esop/toolkit/opportunity/opportunityDetail.do?opportunityId=5002,"2016-01-21 19:10:13","2016-01-21 19:10:13",,,0
15733,55.1345,"OCP / PSI / KHOURIBGA","MISSION DE CONTRÔLE TECHNIQUE DES ETUDES ET TRAVAUX DE LA SALLE COUVERTE ET INFRASTRUCTURE SPORTIVE DE KHOURIBGA ","2016-01-20 15:53:06","2016-01-04 18:00:00",5005,"2016-01-04 22:00:00",Dossier_15471,"CONTRÔLE TECHNIQUE DES ETUDES ET TRAVAUX DE LA SALLE SPORTIVE A KHOURIBGA",http://esuppliers.ocpgroup.org/esop/toolkit/opportunity/opportunityDetail.do?opportunityId=5005,"2016-01-21 19:10:13","2016-01-21 19:10:13",,,0
15734,40.1030,"OCP / ACHAT / AXE CENTRE","O OUVERT-RECHANGES STEIN INDUSTRIE","2016-05-18 14:11:47","2016-03-07 17:00:00",5006,"2016-05-30 07:00:00",Dossier_15472,"Rechanges STEIN INDUSTRIE DAX 19578",https://esuppliers.ocpgroup.org/esop/toolkit/opportunity/opportunityDetail.do?opportunityId=5006,"2016-01-21 19:10:13","2016-01-21 19:10:13",,,0
15735,01.0005,"OCP/ACHAT/AXE CENTRE"," Achat d'un spectrophotomètre UV-visible","2015-12-30 14:21:29","2015-12-23 17:00:00",5007,"2015-12-24 17:00:00",Dossier_15474,"Achat d'un spectrophotomètre UV-visible. ",http://esuppliers.ocpgroup.org/esop/toolkit/opportunity/opportunityDetail.do?opportunityId=5007,"2016-01-21 19:10:13","2016-01-21 19:10:13",,,0
15736,01.0005,"OCP/ACHAT/AXE CENTRE","ao ouvert-Achat d'une centrifugeuse de paillasse pour laboratoire ","2015-12-29 14:58:44","2015-12-23 17:00:00",5008,"2015-12-24 17:00:00",Dossier_15475,"Achat d'une centrifugeuse de paillasse pour laboratoire",http://esuppliers.ocpgroup.org/esop/toolkit/opportunity/opportunityDetail.do?opportunityId=5008,"2016-01-21 19:10:13","2016-01-21 19:10:13",,,0
15737,98.9983,"OCP SA JORF LASFAR","Excursions en faveur du personnel du Site Jorf Lasfar 2016 :il s'agit de prestation d’organisation et des excursions aux différentes destinations touristiques pendant les weekends pour une durée de 03 jours dans des clubs ou hôtels 4* ou 5*,
","2016-01-12 11:01:11","2016-01-11 23:00:00",5056,"2016-01-11 23:00:00",Dossier_15536,"Excursions en faveur du personnel du Site Jorf Lasfar 2016",http://esuppliers.ocpgroup.org/esop/toolkit/opportunity/opportunityDetail.do?opportunityId=5056,"2016-01-21 19:10:13","2016-01-21 19:10:13",,,0
15738,32.0752,"OCP SA/AXE CENTRE/SAFI","TUBES EN ACIER","2016-01-19 16:31:36","2016-01-01 18:00:00",5061,"2016-01-05 18:00:00",Dossier_15544,"TUBES EN ACIER DA N°19383",http://esuppliers.ocpgroup.org/esop/toolkit/opportunity/opportunityDetail.do?opportunityId=5061,"2016-01-21 19:10:13","2016-01-21 19:10:13",,,0
15739,49.1230,OCP,"Relevé géométrique avant démontage pour chaque machine
Fourniture des tiges de fixation et les cales de réglage du niveau des machines.
Implantation des tiges de fixation à l’aide du béton armé dans les fondations où bien des goujons à cheville chimique.
Débranchement des câbles d’alimentation et les armoires électriques. 
Démontage des machines avec soin.
Manutention et transport des machines
Montage et réglage des machines sur les ateliers du point B
","2016-01-26 07:51:48","2016-02-05 18:00:00",5063,"2016-02-05 18:00:00",Dossier_15543,"Transfert des machines des ateliers centraux Khouribga vers les ateli de point B",https://esuppliers.ocpgroup.org/esop/toolkit/opportunity/opportunityDetail.do?opportunityId=5063,"2016-01-21 19:10:13","2016-01-21 19:10:13",,,0
15740,24.0491,"OCP SA/AXE CENTRE/SAFI","Rechanges Pour Agitateurs","2016-01-20 15:51:55","2016-01-01 18:00:00",5064,"2016-01-05 18:00:00",Dossier_15546,"Rechanges Pour Agitateurs DA N°19480",http://esuppliers.ocpgroup.org/esop/toolkit/opportunity/opportunityDetail.do?opportunityId=5064,"2016-01-21 19:10:13","2016-01-21 19:10:13",,,0
15741,32.0743,"OCP / AXE CENTRE / SAFI ","FOURNITURE POUR  BARRE EN ACIER ACABAR 90 DESTINE POUR LE BROYAGE DU PHOSPHATE  MP2","2016-01-20 10:00:53","2016-01-12 23:00:00",5065,"2016-01-13 23:00:00",Dossier_15548,"BARRE EN ACIER ACABAR 90. ",http://esuppliers.ocpgroup.org/esop/toolkit/opportunity/opportunityDetail.do?opportunityId=5065,"2016-01-21 19:10:13","2016-01-21 19:10:13",,,0
15742,53.1311,"OCP/Achats groupe corporate Casa","Un accord-cadre de 3 ans de fourniture des équipements de protection individuelle (EPI), conformes aux normes reconnues en la matière.
","2016-01-20 15:45:50","2016-01-22 15:00:00",5045,"2016-01-22 17:00:00",Dossier_15527,"Accord cadre pour la fourniture EPI sans essai pour une durée 3ans",http://esuppliers.ocpgroup.org/esop/toolkit/opportunity/opportunityDetail.do?opportunityId=5045,"2016-01-21 19:10:13","2016-01-21 19:10:13",,,0
15743,29.0681,"OCP / AXE NORD / KHOURIBGA","Achat de 07 vérins à piston creux:
- 02 Vérins à piston creux de 13 tonnes
- 02 Vérins à piston creux de 20 tonnes
- 02 Vérins à piston creux de 30 tonnes
- 01 Vérins à piston creux de 60 tonnes
","2016-01-21 15:16:43","2016-01-13 18:00:00",5101,"2016-01-20 18:00:00",Dossier_15588,"Achat de 07 vérins à piston creux",http://esuppliers.ocpgroup.org/esop/toolkit/opportunity/opportunityDetail.do?opportunityId=5101,"2016-01-21 19:10:13","2016-01-21 19:10:13",,,0
15744,54.1320,"OCP/AXE NORD/KHOURIBGA","- Soudage des brides sur les conduites DN 350 de 12 mètres de longueur et toutes sujétions comprises
- Mise à poste des supports des conduites DN 350 et toutes sujétions comprises
- Mise à poste des conduites bridées DN 350 de 12 mètres de longueurs sur les supports et assemblage des conduites par boulons M20x100 et toutes sujétions comprises
- Montage des coudes DN350 (90°,45° etc...) et toutes sujétions comprises","2016-01-07 16:12:18","2016-01-20 18:00:00",5144,"2016-01-27 18:00:00",Dossier_15602,"Montage des conduites des digues d'épandage DN 350 d’évacuation des boues et de ",http://esuppliers.ocpgroup.org/esop/toolkit/opportunity/opportunityDetail.do?opportunityId=5144,"2016-01-21 19:10:13","2016-01-21 19:10:13",,,0
15745,02.0023,"OCP/AXE NORD KHOURIBGA ","-	Désignation                        : Chauffe-eau
-	Marque et modèle              : a préciser par le fournisseur
-	Capacité                              : 100 Litres ;
-	Couleur 	                      : Blanche ;
-	Cuve                                   : galvanisé à chaud 25/10 mm
-	Electrique vertical mural avec groupe de sécurité.
-	Alimentation électrique	 : 220V/50Hz ;
-	Pression d’épreuve               : à 15 kg/cm2
-	Pression normale de service : 6 kg/cm2
-	Calorifugeage granulé de liège 
-	Température normale de fonctionnement : 45°C à 90°C
-	Résistance électrique par thermoplongeur 
-	Thermostat assurant la régulation de température et la sécurité graduée en degré Celsius de 45°C à 90°C
-	Protection contre la corrosion interne par anode au magnésium
-	La jaquette extérieure est en acier émaillé blanc
-	Le chauffe-eau est muni de pattes supports pour fixation standard 
-	Tube d’entrée d’eau froide et de sortie d’eau chaude ayant le même diamètre à l’intérieur et à l’extérieur,	Groupe de sécurité à nous fournir       
","2016-01-15 12:07:10","2016-01-14 18:00:00",5165,"2016-01-14 18:00:00",Dossier_15673,"Achat de vingt (20) chauffe-eaux pour les blocs sanitaire de Béni-Idir",http://esuppliers.ocpgroup.org/esop/toolkit/opportunity/opportunityDetail.do?opportunityId=5165,"2016-01-21 19:10:13","2016-01-21 19:10:13",,,0
15746,23.0474,"OCP / CORPORATE / CASABLANCA","Contrat cadre pour le choix d’une agence digital pour la production de vidéos et design graphique web et réseaux sociaux :

Consiste à l’accompagnement de l’Entité E-communication & E-réputation de la Direction Exécutive Affaires Publiques et Communication Groupe dans la production de vidéos destinées au web, vidéos destinées aux réseaux sociaux, conception d’infographies et maquettes graphiques web et réseaux sociaux, et rédaction de contenu ( Arabe, Français, Anglais) pour les canaux digitaux sur une période d’un an. La production sera faite à partir de cahiers de charges et briefs sur des thématiques particulières.


","2016-01-12 17:04:39","2016-01-29 18:30:00",5171,"2016-02-01 12:00:00",Dossier_15672,"Choix d’une agence digital pour la production de vidéos et design graphique web ",http://esuppliers.ocpgroup.org/esop/toolkit/opportunity/opportunityDetail.do?opportunityId=5171,"2016-01-21 19:10:13","2016-01-21 19:10:13",,,0
15747,32.0749,"OCP/Axe Nord/Jorf Lasfar","Fournitures des tôles en duralinox AG5 ","2016-01-20 13:36:52","2016-01-19 18:00:00",5166,"2016-01-19 18:00:00",Dossier_15674,"Fournitures des tôles en duralinox AG5",http://esuppliers.ocpgroup.org/esop/toolkit/opportunity/opportunityDetail.do?opportunityId=5166,"2016-01-21 19:10:13","2016-01-21 19:10:13",,,0
15748,35.0807,"OCP / AXE CENTRE / SAFI","Rechanges FREDENHAGEN : Fourniture d'ARBRE ET TOURTEAU.
","2016-01-19 10:21:06","2016-01-04 19:00:00",4999,"2016-01-05 19:00:00",Dossier_15468,"Rechanges FREDENHAGEN.",http://esuppliers.ocpgroup.org/esop/toolkit/opportunity/opportunityDetail.do?opportunityId=4999,"2016-01-21 19:10:13","2016-01-21 19:10:13",,,0
15749,25.0570,"OCP/ACHAT/AXE CENTRE","Rechanges SKAKO","2016-01-06 08:33:23","2016-01-02 17:00:00",5004,"2016-01-04 17:00:00",Dossier_15470,"Rechanges SKAKO",http://esuppliers.ocpgroup.org/esop/toolkit/opportunity/opportunityDetail.do?opportunityId=5004,"2016-01-21 19:10:13","2016-01-21 19:10:13",,,0
15750,04.0071,"OCP / CORPORATE / CASABLANCA ","Souscription par OCP d’une assurance Responsabilité Civile Décennale pour le projet :
Ecole préscolaire IPSE à Youssoufia – Tranche 1
","2016-01-20 15:40:56","2016-01-08 18:00:00",5012,"2016-01-08 23:00:00",Dossier_15488,"Assurance Responsabilité Civile Décennale",http://esuppliers.ocpgroup.org/esop/toolkit/opportunity/opportunityDetail.do?opportunityId=5012,"2016-01-21 19:10:13","2016-01-21 19:10:13",,,0
15751,15.0335,"OCP / AXE CENTRE  / SAFI ","Description longue
FOURNITURES ET MATERIEL POUR LE BUREAU   *CACHET  GENRE"TRODAT" OU SIMILAIRE  .  REFERENCE : 4911  . SUIVANT DESCRIPTIF OU MODELE CI-JOINT  
FOURNITURES ET MATERIEL POUR LE BUREAU  *CACHET  GENRE"TRODAT" OU SIMILAIRE  .  REFERENCE : 4912  . SUIVANT DESCRIPTIF OU MODELE CI-JOINT  
FOURNITURES ET MATERIEL POUR LE BUREAU  -*CACHET  GENRE"TRODAT" OU SIMILAIRE  .  REFERENCE : 4913  . SUIVANT DESCRIPTIF OU MODELE CI-JOINT  
FOURNITURES ET MATERIEL POUR LE BUREAU  -*CACHET  GENRE"TRODAT" OU SIMILAIRE  .  REFERENCE : R30 (ROND)  . SUIVANT DESCRIPTIF OU MODELE CI-JOINT  
","2016-01-21 17:16:42","2015-12-28 19:00:00",5019,"2015-12-30 19:00:00",Dossier_15495,"CONFECTION DES CACHETS",http://esuppliers.ocpgroup.org/esop/toolkit/opportunity/opportunityDetail.do?opportunityId=5019,"2016-01-21 19:10:13","2016-01-21 19:10:13",,,0
15752,15.0337,OCP/CORPORATE/CASA,"MASSICOT ELECTRIQUE 4860 MARQUE IDEAL ou équivalent sera destiné aux travaux de finition.
","2016-01-13 16:15:21","2016-01-05 18:00:00",5029,"2016-01-06 18:00:00",Dossier_15505,"ACQUISITION D’UN MASSICOT ELECTRIQUE 4860 MARQUE IDEAL ou équivalent",http://esuppliers.ocpgroup.org/esop/toolkit/opportunity/opportunityDetail.do?opportunityId=5029,"2016-01-21 19:10:13","2016-01-21 19:10:13",,,0
15753,16.0352,"OCP SA/ AXE NORD/ KHOURIBGA","Le présent projet a pour objet l’achat des pots diamants destinés au service de SIDI CHENNANE / KHOURIBGA:

* pot complet diamante 40
* pot complet rondo 40
* pot complet delta 40

Voir Brief technique joint au RFI","2016-01-14 12:02:20","2016-02-01 18:00:00",5050,"2016-02-04 18:00:00",Dossier_15531,"ACHAT DES POTS DIAMANTE",http://esuppliers.ocpgroup.org/esop/toolkit/opportunity/opportunityDetail.do?opportunityId=5050,"2016-01-21 19:10:13","2016-01-21 19:10:13",,,0
15754,48.1199,"OCP / DIR ECTION EXECUTIVE OPERATION INDUSTRIELLES / GANTOUR","Le présent dossier consiste de nous approvisionner en pièces de rechange nécessaires pour les travaux de révision des réducteurs de relais de l’installation fixe telle que les réducteurs de la bande flèche stacker, la bande T1, T8, T10 – T12, T13 , T14A+T14B et T15, les pièces sollicitées telles que les couples conique, les pignons arbres, les roues dentées.
A titre indicatif vous trouverez ci-après  la marque et le N° de série. Marque : KOCH
?N° de Série stacker KOCH : A1200X16/36 CA 1400 T/H
","2016-01-15 16:57:56","2016-01-11 18:00:00",5068,"2016-01-13 18:00:00",Dossier_15551,"RECHANGE COMELOR",http://esuppliers.ocpgroup.org/esop/toolkit/opportunity/opportunityDetail.do?opportunityId=5068,"2016-01-21 19:10:13","2016-01-21 19:10:13",,,0
15755,14.0300,"OCP / DIR ECTION EXECUTIVE OPERATION INDUSTRIELLES / GANTOUR","Le présent dossier consiste de nous approvisionner en différentes pièces de rechanges destinées pour réviser les éléments usés de la ligne outil  et le circuit hydraulique de la sondeuse SKF 11 CAT. ","2016-01-18 08:53:09","2016-01-11 18:00:00",5073,"2016-01-13 18:00:00",Dossier_15557,"RECHANGE REDRILL",http://esuppliers.ocpgroup.org/esop/toolkit/opportunity/opportunityDetail.do?opportunityId=5073,"2016-01-21 19:10:13","2016-01-21 19:10:13",,,0
15756,25.0561,"OCP / AXE CENTRE / SAFI","Huile pour compresseur KAESER","2016-01-21 08:23:18","2016-01-25 19:00:00",5080,"2016-01-27 19:00:00",Dossier_15565,"Huile pour compresseur KAESER concernant la DA 6416",http://esuppliers.ocpgroup.org/esop/toolkit/opportunity/opportunityDetail.do?opportunityId=5080,"2016-01-21 19:10:13","2016-01-21 19:10:13",,,0
15757,40.0986,"OCP / AXE CENTRE / SAFI","RÉGULATION-CONTROLE BAILEY
","2016-01-19 17:20:49","2016-01-25 19:00:00",5132,"2016-02-02 19:00:00",Dossier_15629,"RÉGULATION-CONTROLE BAILEY",http://esuppliers.ocpgroup.org/esop/toolkit/opportunity/opportunityDetail.do?opportunityId=5132,"2016-01-21 19:10:13","2016-01-21 19:10:13",,,0
15758,22.0460,"OCP / AXE CENTRE / SAFI","Travaux demandés :
Dans le cadre du respect de la législation et en particulier la réglementation relative aux activités de gardiennage et de la réglementation du travail ainsi que dans le cadre du respect des procédures et règles internes, le PRESTATAIRE doit garantir le contrôle d’accès, l’accueil des visiteurs, la protection des biens et du patrimoine de l’OCP avec toute la confidentialité nécessaire relative aux informations gérées.

Le site étant soumis à plusieurs menaces potentielles qu’on peut résumer comme suit :

-	Intrusion pour différents motifs ;
-	Vols d’équipements, ferraille, câbles électriques et téléphoniques ;
-	Vols au niveau des wagons ONCF ;
-	Actes de malveillance interne ou externe : coupures de câbles, détérioration des équipements, destruction des arbres de la ceinture verte,… ;
-	Terrorisme.
","2016-01-21 10:54:10","2016-01-16 18:00:00",5182,"2016-01-18 17:00:00",Dossier_15688,"Externalisation de l'activité de gardiennage à OIS",http://esuppliers.ocpgroup.org/esop/toolkit/opportunity/opportunityDetail.do?opportunityId=5182,"2016-01-21 19:10:13","2016-01-21 19:10:13",,,0
15759,24.0514,"OCP / AXE CENTRE /SAFI","Convention d'entretien courant à OCP/SAFI 
Prise en charge de toutes les prestations liées à l’activité de chaudronnerie, soudure et travaux mécaniques,
","2016-01-13 09:19:27","2016-01-20 19:00:00",5181,"2016-01-22 19:00:00",Dossier_15651,"Convention d'entretien courant à OCP/SAFI",http://esuppliers.ocpgroup.org/esop/toolkit/opportunity/opportunityDetail.do?opportunityId=5181,"2016-01-21 19:10:13","2016-01-21 19:10:13",,,0
15760,43.1130,"OCP / DIRECTION EXECUTIVE OPERATIONS INDUSTRIELLES / GANTOUR  ","Le présent dossier consiste à l’entretien et la réparation de trois appareils médicaux selon les travaux :
• Désignation 		 : Electrocardiographie
• Marque	 		 : CARDIPIA
• Type 	   		 : 400 TRISMED  
Travaux à réaliser :
* Mise à jour de l’appareil ;
* Changement de la batterie ;
• Désignation 		 : Moniteur de surveillance
• Marque	 		 : BM
• Type 	   		 : 9000  S

Travaux à réaliser :
* Changement du câble ;
* Changement de la batterie ;

• Désignation 		 : Moniteur de surveillance
• Marque	 		 : DRAGER
• Type 	   		 : INFIGNITY VISTA  

Travaux à réaliser :

* Mise à jour de l’appareil .
","2016-04-26 15:03:02","2016-04-27 22:00:00",5193,"2016-04-29 11:00:00",Dossier_15691,"ENTRETIEN ET REPARATION DE TROIS APPAREILS MEDICAUX",https://esuppliers.ocpgroup.org/esop/toolkit/opportunity/opportunityDetail.do?opportunityId=5193,"2016-01-21 19:10:13","2016-01-21 19:10:13",,,0
15761,09.0157,"OCP / AXE CENTRE","Remise en état d'éclairage des stations de la liaison des convoyeurs de PHOSBOUCRAA","2016-01-20 17:27:14","2016-01-18 23:59:00",5189,"2016-01-19 23:59:00",Dossier_15694,"Remise en état d'éclairage des stations liaison des convoyeurs de PHOSBOUCAA.",http://esuppliers.ocpgroup.org/esop/toolkit/opportunity/opportunityDetail.do?opportunityId=5189,"2016-01-21 19:10:13","2016-01-21 19:10:13",,,0
15762,23.0474,"OCP SA / Benguerir","Réalisation du câblage téléphonique du lotissement ALFATH ","2015-12-18 09:35:13","2015-12-11 16:00:00",4885,"2015-12-14 08:00:00",Dossier_15294,"Réalisation du câblage téléphonique du lotissement ALFATH ",http://esuppliers.ocpgroup.org/esop/toolkit/opportunity/opportunityDetail.do?opportunityId=4885,"2016-01-21 19:10:13","2016-01-21 19:10:13",,,0
15763,42.1080,"OCP / AXE CENTRE / SAFI","Fourniture des vannes à sièges oblique et à soupape pour vapeur HP
","2016-01-21 10:50:53","2016-01-16 19:00:00",5084,"2016-01-18 19:00:00",Dossier_15569,"Vannes à sièges oblique et à soupape DA 19608",http://esuppliers.ocpgroup.org/esop/toolkit/opportunity/opportunityDetail.do?opportunityId=5084,"2016-01-21 19:10:13","2016-01-21 19:10:13",,,0
15764,06.0095,"OCP / AXE CENTRE / SAFI","ROULEAUX DE PARCOURS POUR CONVOYEURS À BANDE","2016-01-20 13:07:23","2016-01-16 19:00:00",5085,"2016-01-18 19:00:00",Dossier_15570,"ROULEAUX DE PARCOURS–DA-19390",http://esuppliers.ocpgroup.org/esop/toolkit/opportunity/opportunityDetail.do?opportunityId=5085,"2016-01-21 19:10:13","2016-01-21 19:10:13",,,0
15766,24.0512,"OCP / OPERATIONS INDUSTRIELLES / KHOURIBGA ","Refection de la Peinture de la Dragline 8400M "grande machine d'excavation  et de décapage des phosphates" : 
-Nettoyage
-Dégraissage
-Piquage
-Peinture","2016-01-18 11:26:59","2016-01-11 18:00:00",5096,"2016-01-15 12:00:00",Dossier_15583,"La Refection de la Peinture de la Dragline 8400M ",http://esuppliers.ocpgroup.org/esop/toolkit/opportunity/opportunityDetail.do?opportunityId=5096,"2016-01-21 19:10:13","2016-01-21 19:10:13",,,0
15767,98.9983,OCP/CORPORATE/CASA,"Prise en charge de toutes les prestations liées aux excursions et la réalisation des prestations demandées dans les règles de l’art.","2016-01-15 13:38:07","2016-01-18 10:00:00",5103,"2016-01-18 18:00:00",Dossier_15591,"Organisation d'Excursions au Maroc  ",http://esuppliers.ocpgroup.org/esop/toolkit/opportunity/opportunityDetail.do?opportunityId=5103,"2016-01-21 19:10:13","2016-01-21 19:10:13",,,0
15768,32.0754,"OCP/JORF LASFAR","Bigues de drapeau et Barriere galvanisée
","2016-01-14 11:47:05","2016-01-12 12:00:00",5110,"2016-01-12 12:00:00",Dossier_15589,"Bigues de drapeaux et barrières galvanisées",http://esuppliers.ocpgroup.org/esop/toolkit/opportunity/opportunityDetail.do?opportunityId=5110,"2016-01-21 19:10:13","2016-01-21 19:10:13",,,0
15769,24.0503,"OCP / GP / LAAYOUNE","Fourniture de 5 Filtres à Bande pour le projet de construction de la nouvelle laverie de Laayoune :

Le package comprend les études, la fourniture et la livraison sur site de 5 filtres a bande et leurs accessoires (mécaniques, électriques, instrumentation) ainsi que la prestation de supervision du montage et la mise en service.
La réalisation du lot Génie Civil et les travaux de montage sont hors-scope.","2016-01-22 18:05:32","2016-01-25 11:00:00",5120,"2016-01-25 11:00:00",Dossier_15614,"FILTRES A BANDES",https://esuppliers.ocpgroup.org/esop/toolkit/opportunity/opportunityDetail.do?opportunityId=5120,"2016-01-21 19:10:13","2016-01-21 19:10:13",,,0
15770,40.0995,"OCP / AXE CENTRE / SAFI","POSITIONNEUR NUMERIQUE.","2016-01-19 17:19:36","2016-02-01 19:00:00",5133,"2016-02-02 19:00:00",Dossier_15630,RÉGULATION-FOXBORO,http://esuppliers.ocpgroup.org/esop/toolkit/opportunity/opportunityDetail.do?opportunityId=5133,"2016-01-21 19:10:13","2016-01-21 19:10:13",,,0
15771,40.0990,"OCP/ACHAT CORPORATE/JORF LASFAR","Acquisition des pièces de rechange ECKARDT pour le complexe JFC1 à Jorf Lasfar","2016-01-08 08:53:00","2016-01-21 12:00:00",5176,"2016-01-21 12:00:00",Dossier_15682,"Acquisition des pièces de rechange ECKARDT pour le complexe JFC1 à Jorf Lasfar",http://esuppliers.ocpgroup.org/esop/toolkit/opportunity/opportunityDetail.do?opportunityId=5176,"2016-01-21 19:10:13","2016-01-21 19:10:13",,,0
15772,47.1177,"OCP/ACHAT CORPORATE JORF LASFAR","Acquisition des roulements pour le complexe JFC1.Jorf Lasfar","2016-01-21 12:18:02","2016-01-21 12:00:00",5177,"2016-01-21 12:00:00",Dossier_15683,"Acquisition des roulements pour le complexe JFC1.Jorf Lasfar",http://esuppliers.ocpgroup.org/esop/toolkit/opportunity/opportunityDetail.do?opportunityId=5177,"2016-01-21 19:10:13","2016-01-21 19:10:13",,,0
15773,25.0556,"OCP/Axe Nord/Jorf Lasfar","Fourniture des filtres (à air et à huile) pour compresseurs- ATLAS COPCO pour les installations DOWNSTREAM","2016-01-08 09:15:32","2016-01-21 18:00:00",5178,"2016-01-28 18:00:00",Dossier_15684,"Fourniture des filtres pour compresseurs- ATLAS COPCO",http://esuppliers.ocpgroup.org/esop/toolkit/opportunity/opportunityDetail.do?opportunityId=5178,"2016-01-21 19:10:13","2016-01-21 19:10:13",,,0
15774,09.0162,"OCP / DIRECTION EXECUTIVE OPERATIONS INDUSTRIELLES / GANTOUR  ","Le présent dossier consiste à la révision générale de deux groupes motopompes selon les travaux :
• Marque       : CAPRARI
• Type             : E85X57/12M 
• N° de série  : 373923/1 
LISTE DES TRAVAUX A REALISER : 
Partie moteur :
- Rebobinage à l’identique du stator. 
- Fourniture et équipement du moteur avec disque et patin de butée
- Fourniture et montage d'une jonction thermo tractable

Partie pompe :

- Confection à l’identique de l’arbre de la pompe.

• Marque       : CAPRARI
• Type             : E85X57/12M 
• N° de série  : 373920/1 

 LISTE DES TRAVAUX A REALISER : 
Partie moteur :

- Rebobinage à l’identique du stator. 
- Fourniture et équipement du moteur avec disque et patin de butée
- Extraction du coussinet (du palier arrière) coincé sur coté arrière du rotor 
- Changement du coussinet du palier arrière 
- Remplissage du moteur immergé avec l’eau distillé 
- Fourniture et montage d'une jonction thermo tractable

Partie pompe :

Confection à l’identique de l’arbre de la pompe.

","2016-01-27 11:52:29","2016-01-27 23:00:00",5196,"2016-01-29 12:00:00",Dossier_15701,"REVISION GENERALE DE DEUX GROUPES MOTOPOMPES CAPRARI",https://esuppliers.ocpgroup.org/esop/toolkit/opportunity/opportunityDetail.do?opportunityId=5196,"2016-01-21 19:10:13","2016-01-21 19:10:13",,,0
15775,09.0149,"OCP / AXE NORD / KHOURIBGA","Pièce de rechange électrique:
Fourniture de pièces de rechange électriques de marque: TELEMECANIQUE, ALLEN BRADLEY, OKK et ABB.  
","2016-01-20 10:05:20","2016-02-03 18:00:00",5201,"2016-02-10 18:00:00",Dossier_15706,"PIECES DE RECHANGE ELECTRIQUE",http://esuppliers.ocpgroup.org/esop/toolkit/opportunity/opportunityDetail.do?opportunityId=5201,"2016-01-21 19:10:13","2016-01-21 19:10:13",,,0
15776,09.0149,"OCP / AXE NORD / KHOURIBGA","Fourniture éléctrique pour:
- Assurer la maintenance des équipements électriques
- Assurer le rechange des actuateurs et servomoteurs installés sur les différentes installations du PIPELINE Khouribga
- les installations des unités de l’extraction, séchage et lavage des phosphates
","2016-01-11 11:30:10","2016-01-25 18:00:00",5205,"2016-02-01 18:00:00",Dossier_15711,"Fourniture éléctrique ",http://esuppliers.ocpgroup.org/esop/toolkit/opportunity/opportunityDetail.do?opportunityId=5205,"2016-01-21 19:10:13","2016-01-21 19:10:13",,,0
15777,09.0149,"OCP / AXE NORD / KHOURIBGA","Rechange télémécanique","2016-01-11 11:35:52","2016-01-25 18:00:00",5206,"2016-02-01 18:00:00",Dossier_15713,"Rechange télémécénique",http://esuppliers.ocpgroup.org/esop/toolkit/opportunity/opportunityDetail.do?opportunityId=5206,"2016-01-21 19:10:13","2016-01-21 19:10:13",,,0
15778,14.0270,"OCP SA / AXE NORD/KHOURIBGA","la fourniture des filtres marque FLEETGUARD, destinés pour assurer l’entretien systématique des sondeuses SANDVIK et ATLAS COPCO DML, du PAY Caterpillar , des niveleuses CASE et des brises roches POCLINS CASE.","2016-01-13 10:40:59","2016-01-26 18:00:00",5209,"2016-02-02 18:00:00",Dossier_15715,FILTRES,http://esuppliers.ocpgroup.org/esop/toolkit/opportunity/opportunityDetail.do?opportunityId=5209,"2016-01-21 19:10:13","2016-01-21 19:10:13",,,0
15779,55.1347,"OCP / AXE CENTRE / SAFI","Le présent projet a pour objet de définir et de préciser les conditions techniques suivantes lesquelles le fournisseur doit être engagé à l’égard de l’OCP pour :
- La prestation de couverture des photos et vidéos pour la communication interne OCP Site de Safi. 
- Des clés USB pleines des photos. 
- Des clés USB portants des vidéos.
- Impression de photos avec cadre en bois.
","2016-01-19 08:48:45","2016-01-26 18:00:00",5244,"2016-01-28 18:00:00",Dossier_15757,"Couverture des photos et vidéos pour la communication interne OCP SAFI  ",http://esuppliers.ocpgroup.org/esop/toolkit/opportunity/opportunityDetail.do?opportunityId=5244,"2016-01-21 19:10:13","2016-01-21 19:10:13",,,0
15780,02.0036,"OCP / OPERATIONS INDUSTRIELLES / KHOURIBGA","Les travaux objet de cette réquisition comprennent :

* Equipements :
- Dépose de matériels vétustes ;
- Fourniture et pose des pompes ;
- Fourniture et pose des filtre ;
- Rénovation du circuit hydraulique et électriques.

* Travaux de construction de la bâche en BA.
","2016-01-21 14:52:17","2016-01-20 18:00:00",5245,"2016-01-20 18:00:00",Dossier_15758,"TRAVAUX D’INSTALLATION DES EQUIPEMENTS TECHNIQUES DE LA PISCINE STATUTAIRE A KHO",http://esuppliers.ocpgroup.org/esop/toolkit/opportunity/opportunityDetail.do?opportunityId=5245,"2016-01-21 19:10:13","2016-01-21 19:10:13",,,0
15781,55.1344,OCP,"Prestations des études techniques et suivi des travaux nécessaires pour la réhabilitation (Mise à niveau) avec d’éventuelles nouvelles extensions des établissements scolaires existants à El Jadida.","2016-01-25 17:12:02","2016-01-24 23:50:00",5246,"2016-01-27 23:50:00",Dossier_15769,"BET Réhabilitation et Extension des établissements scolaire du MNEFP à EL JADIDA",https://esuppliers.ocpgroup.org/esop/toolkit/opportunity/opportunityDetail.do?opportunityId=5246,"2016-01-21 19:10:13","2016-01-21 19:10:13",,,0
15782,38.0911,"OCP/ACHAT CORPORATE/JORF LASFAR","l’acquisition des pièces de rechange pour les pompes FLOWSERVE pour le complexe JFC1 à Jorf Lasfar","2016-01-14 11:07:26","2016-01-26 12:00:00",5215,"2016-01-26 12:00:00",Dossier_15725,"Acquisition des pièces de rechange pour les pompes FLOWESERVE ",http://esuppliers.ocpgroup.org/esop/toolkit/opportunity/opportunityDetail.do?opportunityId=5215,"2016-01-21 19:10:13","2016-01-21 19:10:13",,,0
15783,09.0149,"OCP/axe centre /PHOSBOUCRAA","Nécessaire pour la révision de la DRAGLINE W2 ","2016-01-13 14:29:01","2016-01-25 22:00:00",5217,"2016-01-27 22:00:00",Dossier_15726," Nécessaire pour la révision de la DRAGLINE W2 ",http://esuppliers.ocpgroup.org/esop/toolkit/opportunity/opportunityDetail.do?opportunityId=5217,"2016-01-21 19:10:13","2016-01-21 19:10:13",,,0
15784,32.0754,"OCP / OPERATIONS INDUSTRIELLES / JORF LASFAR","LOT 1 : Besoin destine pour:
* Assurer la maintenance des fours sécheurs du COZ
* Améliorer la disponibilité et la fiabilité des différentes installations de la laverie DAOUI
* Assurer le remplacement des citernes des gasoils installées sur les camions Renault 1&2 
LOT 2 : Besoin nécessaire pour assurer la maintenance des différente installations d’OIK","2016-01-12 15:48:59","2016-01-26 18:00:00",5216,"2016-02-02 16:00:00",Dossier_15727,"Fourniture de pièces de rechange chaudronnées suivant plan",http://esuppliers.ocpgroup.org/esop/toolkit/opportunity/opportunityDetail.do?opportunityId=5216,"2016-01-21 19:10:13","2016-01-21 19:10:13",,,0
15785,26.0640,OCP,"AMI"Réalisation des études conceptuelles des mines de phosphate à ciel à ouvert du site de Gantour 
","2016-01-15 10:56:39","2016-01-22 18:00:00",4929,"2016-01-24 18:00:00",Dossier_15345,"Réalisation des études conceptuelles des mines de phosphate à ciel à ouvert ",http://esuppliers.ocpgroup.org/esop/toolkit/opportunity/opportunityDetail.do?opportunityId=4929,"2016-01-21 19:10:13","2016-01-21 19:10:13",,,0
15786,41.1050,"OCP/ DIRECTION EXECUTIVE OPERATIONS INDUSTRIELLES /GANTOUR","Fourniture des accessoires de canalisation","2015-12-30 10:20:46","2015-12-22 18:00:00",4923,"2015-12-23 18:00:00",Dossier_15364,"Fourniture des accessoires de canalisation",http://esuppliers.ocpgroup.org/esop/toolkit/opportunity/opportunityDetail.do?opportunityId=4923,"2016-01-21 19:10:13","2016-01-21 19:10:13",,,0
15787,53.1311,"OCP/ Achats groupe corporate.Casa","Un accord-cadre de 3 ans pour fourniture des équipements de protection individuelle (EPI), conformes aux normes reconnues en la matière.","2016-01-29 13:58:10","2016-01-22 18:00:00",5044,"2016-02-05 14:00:00",Dossier_15525,"Accord cadre pour la fourniture EPI avec essai pour une durée3 ans",https://esuppliers.ocpgroup.org/esop/toolkit/opportunity/opportunityDetail.do?opportunityId=5044,"2016-01-21 19:10:13","2016-01-21 19:10:13",,,0
15788,20.0395,"OCP / AXE NORD / KHOURIBGA","-Achat d'un tour vertical conventionnel.
-Achat d'une scie à ruban semi automatique
-Achat d'appareil d'aerogommage ","2016-01-12 14:49:53","2015-12-30 18:00:00",5046,"2016-01-04 18:00:00",Dossier_15526,"Achat tour vertical conventionnel, scie à ruban et appareil d'aerogommage",http://esuppliers.ocpgroup.org/esop/toolkit/opportunity/opportunityDetail.do?opportunityId=5046,"2016-01-21 19:10:13","2016-01-21 19:10:13",,,0
15789,31.0719,"OCP / AXE CENTRE /SAFI","Fleur de chaux pour neutralisation d’acide sulfurique libre contenu dans le soufre solide 
","2016-01-18 16:26:36","2016-01-10 19:00:00",5076,"2016-01-12 19:00:00",Dossier_15558,"Fleur de chaux pour neutralisation d’acide sulfurique libre DA 19287",http://esuppliers.ocpgroup.org/esop/toolkit/opportunity/opportunityDetail.do?opportunityId=5076,"2016-01-21 19:10:13","2016-01-21 19:10:13",,,0
15790,23.0471,"OCP/ACHATS-CORPORATE/JORF -LASFAR","Fourniture et installation de systèmes Visio-Conférence dans les salles de réunion","2016-01-21 13:05:31","2016-01-10 18:00:00",5082,"2016-01-11 18:00:00",Dossier_15567,"Fourniture et installation de  systèmes Visio-Conférence dans les salles de réun",http://esuppliers.ocpgroup.org/esop/toolkit/opportunity/opportunityDetail.do?opportunityId=5082,"2016-01-21 19:10:13","2016-01-21 19:10:13",,,0
15791,33.0773,"OCP/ACHAT CORPORATE/JORF LASFAR","Prestation de nettoyage au niveau de l’atelier Engrais à  JFC1 à Jorf Lasfar","2016-01-12 17:13:33","2016-02-02 14:00:00",5214,"2016-02-02 14:00:00",Dossier_15724,"Prestation de nettoyage au niveau de l’atelier Engrais à  JFC1 à Jorf Lasfar",http://esuppliers.ocpgroup.org/esop/toolkit/opportunity/opportunityDetail.do?opportunityId=5214,"2016-01-21 19:10:13","2016-01-21 19:10:13",,,0
15792,52.1300,"OCP / AXE CENTRE / SAFI","? Elaboration des gammes de démantèlement des équipements critiques en tenant considération des risques envisageables ;
? Démolition, dans les conditions sécuritaires, des installations proposées à la vente ;
? Enlèvement et évacuation des matières et articles démontés (détail sera porté sur le descriptif technique) ;
? Démolition des massifs en génie civil ;
? Nettoyage du chantier après fin des travaux…
? N.B : l’adjudicateur aura à sa charge l’obtention des autorisations nécessaires.","2016-01-13 11:00:33","2016-01-20 18:00:00",5221,"2016-01-21 18:00:00",Dossier_15729,"Vente du matériel et immobilisation de l'atelier de menuiserie",http://esuppliers.ocpgroup.org/esop/toolkit/opportunity/opportunityDetail.do?opportunityId=5221,"2016-01-21 19:10:13","2016-01-21 19:10:13",,,0
15793,02.0045,OCP,"AMI "ETUDES TOPOGRAPHIQUES POUR LE PROJET SLURRY PIPELINE GANTOUR - SAFI"","2016-01-13 16:27:51","2016-01-26 18:00:00",5219,"2016-01-28 18:00:00",Dossier_15730," ETUDES TOPOGRAPHIQUES POUR LE PROJET SLURRY PIPELINE GANTOUR - SAFI ",http://esuppliers.ocpgroup.org/esop/toolkit/opportunity/opportunityDetail.do?opportunityId=5219,"2016-01-21 22:42:01","2016-01-21 22:42:01",,,0
15794,04.0074,OCP/CORPORATE/CASA,"Lot 1 :
•Proposition d’une stratégie de commercialisation des actifs dans les villes de : Casablanca, El Jadida, Safi, Youssoufia et Khouribga et ce, en fonction de leur nature, emplacement et zoning ;
•Etude des marchés locaux ;
•Etude de risques : fiscaux, sociaux, marché…au regard de l’objet social d’OCP SA et d’autres paramètres ;
•Proposition de démarche(s) de cession adossée à un planning avec prévision de ventes ; 
•Proposition d’alternatives à la cession pour des biens jugés spécifiques ; 

Lot 2 : 
•Mise en place des actions de démarchage en vue de capter des clients potentiels qui seraient intéressés par l’acquisition des biens suivant la démarche concertée et validée par OCP.
•Veiller à la concrétisation des ventes et au suivi des formalités jusqu’au transfert de la propriété des biens aux acquéreurs.","2016-01-15 18:37:34","2016-02-03 18:00:00",5218,"2016-02-05 16:00:00",Dossier_15731," Étude préalable à des cessions d’actifs immobiliers et commeriale",http://esuppliers.ocpgroup.org/esop/toolkit/opportunity/opportunityDetail.do?opportunityId=5218,"2016-01-21 22:42:01","2016-01-21 22:42:01",,,0
15795,26.0640,"OCP/Achat corporate Jorf Lasfar","Maintenance du tour de refroidissement HAMON de l’atelier phosphorique de JFC ","2016-03-21 08:59:22","2016-01-28 12:00:00",5224,"2016-03-25 18:00:00",Dossier_15734,"Maintenance du tour de refroidissement HAMON de l’atelier phosphorique de JFC jo",https://esuppliers.ocpgroup.org/esop/toolkit/opportunity/opportunityDetail.do?opportunityId=5224,"2016-01-21 22:42:01","2016-01-21 22:42:01",,,0
15796,32.0754,"OCP / Axe centre / Safi","Usinage et chaudronnerie suivant plan: Couronne dentée, galet translation portique et brûleur à souffre.","2015-12-04 17:48:23","2015-12-23 19:00:00",4899,"2015-12-25 19:00:00",Dossier_15313,"Couronne dentée, galet translation portique et bruleur à souffre (suivant plan).",http://esuppliers.ocpgroup.org/esop/toolkit/opportunity/opportunityDetail.do?opportunityId=4899,"2016-01-21 22:42:01","2016-01-21 22:42:01",,,0
15797,04.0070,"OCP /CHI / ELJADIDA","AO_Ouvert : Missions Architecturales de réhabilitation et d’extension d’établissments scolaires existants à EL JADIDA ","2016-01-14 15:28:23","2016-01-04 10:00:00",4902,"2016-01-04 12:00:00",Dossier_15315,"Missions Architecturales de réhabilitation et extension d'écoles à EL JADIDA",http://esuppliers.ocpgroup.org/esop/toolkit/opportunity/opportunityDetail.do?opportunityId=4902,"2016-01-21 22:42:01","2016-01-21 22:42:01",,,0
15798,98.9980,"OCP/ AXE CENTRE/ SAFI","Prestations d’organisation des Matinées Enfantines, Spectacle variétés, Pièce théâtrale, Kermesse sur le site de Safi en faveur du personnel et familles selon les lots suivants :
 Lot 01 : Matinée enfantine;  - Lot 02 :  Spectacle de variétés,
 Lot 03 :  Pièce théâtrale …etc,  
Ces prestations seront réalisés selon la demande du client et selon les détails qualitatifs et quantitatifs du cahier des charges
 Le soumissionnaire doit prendre en charge tous les moyens humains et matériels pour la réalisation des prestations à savoir : 
- Moyens matériels : Moyens de transport du personnel, camions, habillement du personnel, sonorisation de haute qualité
, Mascotte, jeux de Kermesse, structure gonflable…etc
Moyens humains : Animateurs, clowns, commis, techniciens, Troupe d’animation…etc
Lieu d’organisation : Cinéma Atlantide …etc
Hébergement, Transport et restauration à la charge du prestataire,
L’adjudication de l’AO relatif à ce projet se fera par lot. 
","2016-01-12 08:56:11","2016-01-25 19:00:00",5210,"2016-01-27 19:00:00",Dossier_15718,"Prestations d’animation au site de Safi,",http://esuppliers.ocpgroup.org/esop/toolkit/opportunity/opportunityDetail.do?opportunityId=5210,"2016-01-21 22:42:01","2016-01-21 22:42:01",,,0
15799,39.0957,"OCP/ACHATS-CORPORATE/JORF LASFAR","Acquisition des vannes FLOWSERVE pour le complexe de JFC1 ","2016-01-19 13:43:06","2016-01-22 14:00:00",5225,"2016-01-22 14:00:00",Dossier_15735,"Acquisition des vannes FLOWSERVE pour le complexe de JFC1 ",http://esuppliers.ocpgroup.org/esop/toolkit/opportunity/opportunityDetail.do?opportunityId=5225,"2016-01-21 22:42:01","2016-01-21 22:42:01",,,0
15800,34.0786,"OCP / AXE NORD / KHOURIBGA","Achat de 06 échelles, 13 pulls-lift et 04 palans manuels à chaine: 
- Achat de 06 échelles en aluminium; 
- Achat de 13 pulls-lift à chaîne à rouleaux de capacité 1,5T, 3T et 5T;
- Achat de 04 plans manuels à chaîne de 2T.","2016-01-13 17:25:26","2016-01-27 18:00:00",5228,"2016-02-03 18:00:00",Dossier_15736,"Achat de 06 échelles, 13 pulls-lift et 04 palans manuels à chaine",http://esuppliers.ocpgroup.org/esop/toolkit/opportunity/opportunityDetail.do?opportunityId=5228,"2016-01-21 22:42:01","2016-01-21 22:42:01",,,0
15801,15.0340,"OCP/ACHAT CORPORATE","fourniture et installation des Panneaux Forex (PHOTOS) à JFC1 JORF LASFAR","2016-02-02 10:15:27","2016-02-11 12:00:00",5290,"2016-02-11 12:00:00",Dossier_15738,"fourniture et installation des Panneaux Forex (PHOTOS) à JFC1 JORF LASFAR..",https://esuppliers.ocpgroup.org/esop/toolkit/opportunity/opportunityDetail.do?opportunityId=5290,"2016-01-21 22:42:01","2016-01-21 22:42:01",,,0
15802,31.0721,"OCP/AXE CENTRE/SAFI","ARGON N48 ET ARGON LIQUEFIE A TRES BASSE TEMPERATURE AR 5.0-19550
Gaz utilisé pour le contrôle qualité des éléments de trace par l’ICP simultané et séquentiel","2016-01-15 17:47:10","2016-02-01 19:00:00",5229,"2016-02-03 19:00:00",Dossier_15741,"ARGON N48 ET ARGON LIQUEFIE A TRES BASSE TEMPERATURE AR 5.0-19550",http://esuppliers.ocpgroup.org/esop/toolkit/opportunity/opportunityDetail.do?opportunityId=5229,"2016-01-21 22:42:01","2016-01-21 22:42:01",,,0
15803,13.0247,"OCP / AXE NORD / KHOURIBGA","L'expertise des Draglines d'occasion aux USA proposées pour la vente:
- Expertise mécanique et électrique des sous-ensembles de la dragline;
- Expertise des pièces des machines Dragline (Dimensionnel, qualitatif et quantitatif etc);
- Utilisation des méthodes de CND ( Ultrason, Radiographie etc) pour l'expertise;
- Evaluer l'état des pièces constituant la Dragline et proposition des recommandations;
- Présentation d'un rapport détaillé d'expertise et un plan d'action pour transfert au Maroc avec remise en état des Draglines;
- Evaluation budgétaire du Projet de transfert de ces Draglines au Maroc avec remise en état 

Le délai global des travaux ne devra pas dépasser 02 semaines par Dragline","2016-01-21 10:13:42","2016-01-26 18:00:00",5230,"2016-01-28 18:00:00",Dossier_15742,"Prestation d'expertise des Draglines d'occasion aux USA",http://esuppliers.ocpgroup.org/esop/toolkit/opportunity/opportunityDetail.do?opportunityId=5230,"2016-01-21 22:42:01","2016-01-21 22:42:01",,,0
15804,26.0640,"OCP / AXE CENTRE / PHOSBOUCRAA"," Rénovation électrique de la portique DAVIT des vedettes d'embarquement de PHOSBOUCRAA. ","2016-01-14 11:07:12","2016-01-22 23:59:00",5231,"2016-01-24 23:59:00",Dossier_15740,"Rénovation électrique de portique DAVIT des vedettes embarquement de PHOSBOUCRAA",http://esuppliers.ocpgroup.org/esop/toolkit/opportunity/opportunityDetail.do?opportunityId=5231,"2016-01-21 22:42:01","2016-01-21 22:42:01",,,0
15805,43.1134,"OCP SA - SITE DE JORF LASFAR","achat de : 
médicaments / produits pharmaceutiques / matériels médicales","2015-12-30 11:09:44","2016-01-20 23:00:00",5114,"2016-01-20 23:00:00",Dossier_15604,"achat de produits pharmaceutiques et matériels médicales",http://esuppliers.ocpgroup.org/esop/toolkit/opportunity/opportunityDetail.do?opportunityId=5114,"2016-01-21 22:42:01","2016-01-21 22:42:01",,,0
15806,01.0005,"OCP / DIRECTION EXECUTIVE OPERATIONS INDUSTRIELLES / GANTOUR  ","Le présent dossier consiste à l’entretien et le ré étalonnage de deux spectrophotomètres SHIMADZU selon les travaux :
• Examen interne du spectrophotomètre ;
• Démontage et nettoyage du bruleur ;
• Examen des tuyaux de gaz ;
• Examen du système optique et des filtres à air et d’acétylène ;
• Examen du porte échantillon et des pompes péristaltiques ;
• Réinitialisation de l’appareil ;
• Examen des lampes D2 et tungstène ;
• Test de conformité.
N.B. GARANTIE EXIGEE : 6 MOIS
","2016-01-07 10:33:12","2016-01-05 18:00:00",4988,"2016-01-05 18:00:00",Dossier_15444,"ENTRETIEN ET REETALONNAGE DE DEUX SPECTROPHOTOMETRES SHIMADSU ",http://esuppliers.ocpgroup.org/esop/toolkit/opportunity/opportunityDetail.do?opportunityId=4988,"2016-01-21 22:42:01","2016-01-21 22:42:01",,,0
15807,37.0853,"OCP / GP / JORF LASFAR","Achat de pompes d’évacuation des eaux pluviales

5 pompes submersibles pour l’ évacuation des eaux pluviales des salles électriques vers les plus proches regards en cas d’urgences
","2016-01-04 10:34:54","2015-12-28 18:00:00",5022,"2015-12-30 16:00:00",Dossier_15499,"Achat de pompes d’évacuation des eaux pluviales",http://esuppliers.ocpgroup.org/esop/toolkit/opportunity/opportunityDetail.do?opportunityId=5022,"2016-01-21 22:42:01","2016-01-21 22:42:01",,,0
15808,25.0591,"OCP /AXE CENTRE / SAFI","  RECHANGES "INTENSIV FILTER".- DAX N°19462-15.
","2016-01-15 17:43:43","2016-01-11 19:00:00",5077,"2016-01-22 19:00:00",Dossier_15563,"RECHANGES "INTENSIV FILTER".- DAX N°19462-15.",http://esuppliers.ocpgroup.org/esop/toolkit/opportunity/opportunityDetail.do?opportunityId=5077,"2016-01-21 22:42:01","2016-01-21 22:42:01",,,0
15809,25.0561,"OCP/ Direction executive operations industrielles/Gantour","Compresseures - KAEZER","2016-01-14 14:22:27","2016-01-11 18:00:00",5078,"2016-01-12 18:00:00",Dossier_15562,"Compresseurs - KAESER",http://esuppliers.ocpgroup.org/esop/toolkit/opportunity/opportunityDetail.do?opportunityId=5078,"2016-01-21 22:42:01","2016-01-21 22:42:01",,,0
15810,13.0247,"OCP/AXE NORD/KHOURIBGA","Révision générale du moteur thermique MAN type : D0836LFL10, N° de série : 6DBG08752 du camion à benne MAN.
 Les travaux demandés consistent au :
 • contrôle et mise en rond de la line d’arbre.
 • Contrôle des jeux fonctionnels.
 • Changement des pièces usagées.","2016-01-21 16:32:26","2016-01-13 18:00:00",5113,"2016-01-20 18:00:00",Dossier_15603,"Révision générale du moteur thermique MAN",http://esuppliers.ocpgroup.org/esop/toolkit/opportunity/opportunityDetail.do?opportunityId=5113,"2016-01-21 22:42:01","2016-01-21 22:42:01",,,0
15811,30.0695,"OCP/AXE NORD/KHOURIBGA","Fourniture en pièces de rechanges JOUCOMATIC destinées pour le rechange des électrodistributeurs, installés au niveau des décanteurs de l’unité adaptation de la laverie MEA du site khouribga","2016-01-21 15:01:13","2016-01-13 18:00:00",5116,"2016-01-20 18:00:00",Dossier_15606,"Rechange Hydrauliques - JOUCOMATIC",http://esuppliers.ocpgroup.org/esop/toolkit/opportunity/opportunityDetail.do?opportunityId=5116,"2016-01-21 22:42:01","2016-01-21 22:42:01",,,0
15812,02.0045,OCP,"ETUDES TOPOGRAPHIQUES PROJET PARC SOTREG – RECETTE 2 KHOURIBGA 
","2016-01-19 12:15:37","2016-01-12 18:00:00",5115,"2016-01-13 18:00:00",Dossier_15607,"ETUDES TOPOGRAPHIQUES PROJET PARC SOTREG – RECETTE 2 KHOURIBGA",http://esuppliers.ocpgroup.org/esop/toolkit/opportunity/opportunityDetail.do?opportunityId=5115,"2016-01-21 22:42:01","2016-01-21 22:42:01",,,0
15813,02.0045,OCP,"ETUDES TOPOGRAPHIQUES DE LA SALLE COUVERTE ET INFRASTRUCTURE SPORTIVE KHOURIBGA 
","2016-01-19 13:41:27","2016-01-12 18:00:00",5117,"2016-01-13 18:00:00",Dossier_15608,"ETUDES TOPOGRAPHIQUES DE LA SALLE COUVERTE ET INFRASTRUCTURE SPORTIVE KHOURIBGA",http://esuppliers.ocpgroup.org/esop/toolkit/opportunity/opportunityDetail.do?opportunityId=5117,"2016-01-21 22:42:01","2016-01-21 22:42:01",,,0
15814,14.0293,"OCP/AXE NORD/KHOURIBGA","Fourniture en pièces de rechanges TEREX destinées pour assurer l’entretien des grues TEREX type RC30,AC40 et la SONDEUSE TEREX type SKF.","2016-01-21 11:49:18","2016-01-13 18:00:00",5118,"2016-01-20 18:00:00",Dossier_15609,"Rechanges TEREX",http://esuppliers.ocpgroup.org/esop/toolkit/opportunity/opportunityDetail.do?opportunityId=5118,"2016-01-21 22:42:01","2016-01-21 22:42:01",,,0
15815,44.1141,"OCP/ DIRECTION EXECUTIVE OPERATIONS INDUSTRIELLES /GANTOUR","Fourniture des absorbants PETROCAPTOR (DCI).","2016-01-21 17:05:33","2016-01-06 18:00:00",4914,"2016-01-07 18:00:00",Dossier_15339,"Fourniture des absorbants PETROCAPTOR (DCI).",http://esuppliers.ocpgroup.org/esop/toolkit/opportunity/opportunityDetail.do?opportunityId=4914,"2016-01-21 22:42:01","2016-01-21 22:42:01",,,0
15816,09.0141,"OCP/ACHAT CORPORATE JORF LASFAR","Acquisition des appareils de mesure et de contrôle électrique pour le complexe JFC1. A Jorf Lasfar","2015-12-22 11:30:30","2015-12-18 12:00:00",4917,"2015-12-18 12:00:00",Dossier_15341,"Acquisition des appareils de mesure et de contrôle électrique pour le complexe J",http://esuppliers.ocpgroup.org/esop/toolkit/opportunity/opportunityDetail.do?opportunityId=4917,"2016-01-21 22:42:01","2016-01-21 22:42:01",,,0
15817,14.0280,"OCP/ Axe Centre/ PHOSBOUCRAA ","AO Ouvert Balais marqueGE ","2016-01-21 12:15:07","2016-01-05 00:00:00",5009,"2016-01-07 23:59:00",Dossier_15363,"Balais marqueGE ",http://esuppliers.ocpgroup.org/esop/toolkit/opportunity/opportunityDetail.do?opportunityId=5009,"2016-01-21 22:42:01","2016-01-21 22:42:01",,,0
15818,09.0149,"OCP /AXE NORD / KHOURIBGA","Fourniture des pièces de rechange pour matériel et équipements électriques.
Fourniture des pièces de rechange pour commande et protection du matériel et équipements électriques selon les spécifications techniques demandées.
","2016-01-12 11:15:14","2015-12-25 18:00:00",4949,"2016-01-08 18:00:00",Dossier_15389,"Fourniture des pièces de rechange pour matériel et équipements électriques. ",http://esuppliers.ocpgroup.org/esop/toolkit/opportunity/opportunityDetail.do?opportunityId=4949,"2016-01-21 22:42:01","2016-01-21 22:42:01",,,0
15819,13.0230,"OCP / AXE CENTRE /PHOSBOUCRAA","Voir la fiche technique ci-joint.","2016-01-21 16:53:42","2015-12-22 23:00:00",4951,"2015-12-24 23:00:00",Dossier_15396,"CABLES METALLIQUES EN ACIER",http://esuppliers.ocpgroup.org/esop/toolkit/opportunity/opportunityDetail.do?opportunityId=4951,"2016-01-21 22:42:01","2016-01-21 22:42:01",,,0
15820,06.0090,"OCP / AXE NORD / KHOURIBGA","Fourniture des articles de vulcanisation :
- pour convoyeurs à bande.
- pour assurer la maintenance des installations","2016-01-20 10:06:18","2016-02-03 18:00:00",5198,"2016-02-10 18:00:00",Dossier_15703,"Fourniture des accessoires pour convoyeurs à bande",http://esuppliers.ocpgroup.org/esop/toolkit/opportunity/opportunityDetail.do?opportunityId=5198,"2016-01-21 22:42:01","2016-01-21 22:42:01",,,0
15821,14.0278,"OCP / AXE NORD / KHOURIBGA","Fourniture de pièces de rechange de marque MAN:
Besoin destiné pour les 03 camions à benne (MAN) N° série: 
 -DFSMA6LBZ9C000158 ; 
 -DFSMA6LBZ9C000163 ; 
 -DFSMA6LBZ9C000165","2016-01-13 10:39:35","2016-01-26 18:00:00",5211,"2016-02-02 18:00:00",Dossier_15722,"Fourniture de pièces de rechange de marque MAN",http://esuppliers.ocpgroup.org/esop/toolkit/opportunity/opportunityDetail.do?opportunityId=5211,"2016-01-21 22:42:01","2016-01-21 22:42:01",,,0
15822,06.0092,"OCP/ACHAT CORPORATE/JORF LASFAR","Acquisition des bavettes de rives en caoutchouc et courroie transporteuse pour convoyeur du complexe JFC1 à Jorf Lasfar","2016-01-14 12:30:57","2016-01-27 14:00:00",5234,"2016-01-27 14:00:00",Dossier_15744,"Acquisition des bavettes de rives en caoutchouc et courroie transporteuse pour c",http://esuppliers.ocpgroup.org/esop/toolkit/opportunity/opportunityDetail.do?opportunityId=5234,"2016-01-21 22:42:01","2016-01-21 22:42:01",,,0
15823,13.0248,"OCP/AXE NORD/KHOURIBGA","Pièces de vulcanisation pour section pneumatique (ORING POUR JANTE, BOITE DE TRESSE,PISTOLET, BANDE DE VULCANISATION ....)","2016-02-03 17:43:14","2016-02-10 18:00:00",5232,"2016-02-10 18:00:00",Dossier_15743,"PIECES DE VULCANISATION POUR SECTION PNEUMATIQUE ",https://esuppliers.ocpgroup.org/esop/toolkit/opportunity/opportunityDetail.do?opportunityId=5232,"2016-01-21 22:42:01","2016-01-21 22:42:01",,,0
15824,41.1055,"OCP/ACHAT/AXE CENTRE","Vannes de régulation","2016-01-19 17:14:05","2016-02-01 17:00:00",5233,"2016-02-02 17:00:00",Dossier_15745,"Vanne de régulation DAX 19566",http://esuppliers.ocpgroup.org/esop/toolkit/opportunity/opportunityDetail.do?opportunityId=5233,"2016-01-21 22:42:01","2016-01-21 22:42:01",,,0
15825,48.1194,"OCP/ DIRECTION EXECUTIVE OPERATIONS INDUSTRIELLES /GANTOUR","Fourniture des Pièces de rechanges pour  COUPLEURS hydrauliques VOITH","2015-12-30 11:44:33","2015-12-22 18:00:00",4926,"2015-12-23 18:00:00",Dossier_15367,"Fourniture des Pièces de rechanges pour COUPLEURS hydrauliques  VOITH",http://esuppliers.ocpgroup.org/esop/toolkit/opportunity/opportunityDetail.do?opportunityId=4926,"2016-01-21 22:42:01","2016-01-21 22:42:01",,,0
15826,50.1254,"OCP / AXE CENTRE / SAFI","- CABLE DE DEMARRAGE AVEC PINCES EN LAITON MODELE: PROFESSIONNELLONGUEUR : 3 METRESSECTION : 25 MM2 CALIBRE : 500A DESTINATION : POIDS LOURDS.
- CABLE DE DEMARRAGE AVEC PINCES EN LAITON MODELE: PROFESSIONNELLONGUEUR : 5 METRESSECTION : 50 MM2 CALIBRE : 1000A DESTINATION : POIDS LOURDS.","2016-01-18 17:09:17","2016-01-13 19:00:00",5023,"2016-01-15 19:00:00",Dossier_15500,"CABLES DE DEMARRAGE DES ENGINS ET VEHICULS CONCERNANT LA DA 19417",http://esuppliers.ocpgroup.org/esop/toolkit/opportunity/opportunityDetail.do?opportunityId=5023,"2016-01-21 22:42:01","2016-01-21 22:42:01",,,0
15827,02.0029,"OCP/ DIRECTION EXECUTIVE OPERATIONS INDUSTRIELLES / GANTOUR","CONSISTANCE DES TRAVAUX:
-Terrasement et dalage du sol
-Murs en béton armé coupe feu
-Pose des caniveaux et tampons
-Maçonnerie
-Peinture","2015-12-20 12:51:23","2016-01-05 12:00:00",5028,"2016-01-07 17:00:00",Dossier_15504,"REALISATION DES MURS COUPE FEU ET DALLAGE AUX POSTES ELECTRIQUES A BENGUERIR",http://esuppliers.ocpgroup.org/esop/toolkit/opportunity/opportunityDetail.do?opportunityId=5028,"2016-01-21 22:42:01","2016-01-21 22:42:01",,,0
15828,32.0740,"OCP SA/AXE CENTRE/SAFI","TOLES LISSES EN ACIER","2016-01-19 12:41:05","2016-01-01 18:00:00",5062,"2016-01-05 18:00:00",Dossier_15545,"TOLES LISSES EN ACIER DA N°19425",http://esuppliers.ocpgroup.org/esop/toolkit/opportunity/opportunityDetail.do?opportunityId=5062,"2016-01-21 22:42:01","2016-01-21 22:42:01",,,0
15829,32.0752,"OCP / AXE CENTRE / SAFI","TUBES EN INOX ","2016-01-18 15:35:16","2016-01-11 19:00:00",5070,"2016-01-13 19:00:00",Dossier_15554,"TUBES EN INOX concernant la DA 18979",http://esuppliers.ocpgroup.org/esop/toolkit/opportunity/opportunityDetail.do?opportunityId=5070,"2016-01-21 22:42:01","2016-01-21 22:42:01",,,0
15830,41.1050,"OCP / AXE CENTRE / SAFI ","ACCESSOIRES DE CANALISATION","2016-01-20 14:18:12","2016-01-12 23:00:00",5071,"2016-01-13 23:00:00",Dossier_15555,"ACCESSOIRES DE CANALISATION. ",http://esuppliers.ocpgroup.org/esop/toolkit/opportunity/opportunityDetail.do?opportunityId=5071,"2016-01-21 22:42:01","2016-01-21 22:42:01",,,0
15831,09.0157,"OCP / AXE CENTRE / PHOSBOUCRAA","Aménagement de la sécurité électrique des ateliers et bureaux de la liaison","2016-01-27 14:57:01","2016-01-25 18:00:00",5145,"2016-01-27 23:59:00",Dossier_15643,"Aménagement de la sécurité électrique des ateliers et bureaux de la liaison",https://esuppliers.ocpgroup.org/esop/toolkit/opportunity/opportunityDetail.do?opportunityId=5145,"2016-01-21 22:42:01","2016-01-21 22:42:01",,,0
15832,10.0187,"OCP / AXE NORD / KHOURIBGA","Rechanges LEROY SOMER:
Pour assurer la révision des réducteurs LEROY SOMER.
","2016-01-20 10:05:47","2016-02-03 18:00:00",5199,"2016-02-10 18:00:00",Dossier_15704,"Rechanges LEROY SOMER",http://esuppliers.ocpgroup.org/esop/toolkit/opportunity/opportunityDetail.do?opportunityId=5199,"2016-01-21 22:42:01","2016-01-21 22:42:01",,,0
15833,41.1052,"OCP/ACHAT CORPORATE/JORF LASFAR","Acquisition des robinetteries industrielles (CIRCUIT ACIDE) pour le complexe JFC1 à Jorf Lasfar.","2016-01-14 11:04:35","2016-01-27 14:00:00",5220,"2016-01-27 14:00:00",Dossier_15732,"Acquisition des robinetteries industrielles (CIRCUIT ACIDE) pour le complexe JFC",http://esuppliers.ocpgroup.org/esop/toolkit/opportunity/opportunityDetail.do?opportunityId=5220,"2016-01-21 22:42:01","2016-01-21 22:42:01",,,0
15834,04.0073,"OCP / DIRECTION EXECUTIVE OPERATIONS INDUSTRIELLES / GANTOUR  ","Le présent dossier consiste au ré étalonnage des thermocouples cité dans la liste ci-joint selon les travaux :
• Ré étalonnage selon les normes,
• Fournitures des certificats de réétalonnage,

","2016-01-21 14:44:51","2016-01-02 23:00:00",4942,"2016-01-04 18:00:00",Dossier_15387,"REETALONNAGE DES THERMOCOUPLES",http://esuppliers.ocpgroup.org/esop/toolkit/opportunity/opportunityDetail.do?opportunityId=4942,"2016-01-21 22:42:01","2016-01-21 22:42:01",,,0
15835,13.0242,OCP,"location d'une grue 120T et d'une nacelle télescopique de 60 M","2016-01-18 16:27:37","2016-01-19 19:00:00",5099,"2016-01-21 19:00:00",Dossier_15586,"location d'une grue 120T et d'une nacelle télescopique  de 60 M ",http://esuppliers.ocpgroup.org/esop/toolkit/opportunity/opportunityDetail.do?opportunityId=5099,"2016-01-21 22:42:01","2016-01-21 22:42:01",,,0
15836,32.0740,OCP,"Aciers ","2016-01-08 10:32:43","2016-01-22 18:00:00",5186,"2016-01-29 18:00:00",Dossier_15645,"Aciers ",http://esuppliers.ocpgroup.org/esop/toolkit/opportunity/opportunityDetail.do?opportunityId=5186,"2016-01-21 22:42:01","2016-01-21 22:42:01",,,0
15837,40.0976,"OCP / AXE CENTRE / SAFI","Rechanges bande transporteuse","2016-03-24 08:48:15","2016-04-08 18:00:00",5148,"2016-04-11 18:00:00",Dossier_15647,"Rechanges bande transporteuse",https://esuppliers.ocpgroup.org/esop/toolkit/opportunity/opportunityDetail.do?opportunityId=5148,"2016-01-21 22:42:01","2016-01-21 22:42:01",,,0
15838,42.1110,"OCP/AXE NORD/JORF LASFAR","FOURNITURE DES  VIBREURS PNEUMATIQUES P60 DES GOULOTTES DES GRANULATEURS M01  :

OLIVIBRA TYPE P60 PRESSION:4 BARS 1600V/MIN
","2016-01-13 12:41:06","2016-01-25 18:00:00",5150,"2016-01-25 18:00:00",Dossier_15648,"VIBREURS PNEUMATIQUES P60 DES GOULOTTES DES GRANULATEURS M01",http://esuppliers.ocpgroup.org/esop/toolkit/opportunity/opportunityDetail.do?opportunityId=5150,"2016-01-21 22:42:01","2016-01-21 22:42:01",,,0
15839,98.9988,"OCP/ CORPORTE/ CASABLANCA","Réalisation d’un film version longue et version courte :
      > création de l’identité du film (générique début/fin, transition, musique, surimp, synthés…), basée sur l’identité de l’opération « Ghaya wa Inaya »
      > écriture du synospsis
      > tournage dans différentes villes 
      > réalisation d’interviews
      > rédaction et enregistrement de la voix off en arabe
      > traduction de la voix off en anglais à intégrer en sous titrage
      > prévoir une version arabe sans sous titrage et une version arabe sous titrée en anglais
      > montage, calage…
- Montage de plusieurs capsules interviews
- Réalisation d’un reportage photo dans les différentes villes où aura lieu le tournage
","2016-01-08 09:08:55","2016-01-13 15:00:00",4974,"2016-01-13 23:00:00",Dossier_15425,"Réalisation de films et de reportage photo pour la célébration ...",http://esuppliers.ocpgroup.org/esop/toolkit/opportunity/opportunityDetail.do?opportunityId=4974,"2016-01-21 22:42:01","2016-01-21 22:42:01",,,0
15840,29.0681,"OCP / AXE CENTRE / SAFI","Rechanges TMI ","2016-02-09 18:14:42","2016-02-10 19:00:00",5149,"2016-02-12 19:00:00",Dossier_15649,"Rechanges TMI",https://esuppliers.ocpgroup.org/esop/toolkit/opportunity/opportunityDetail.do?opportunityId=5149,"2016-01-21 22:42:01","2016-01-21 22:42:01",,,0
15841,24.0503,"OCP / AXE NORD / JORF LASFAR","Remplacement de 03 filtres d’eau de mer des unités  sulfuriques 01Z, 01C et 01B à Jorf Lasfar, conformément au cahier de charges.","2016-01-07 11:18:02","2016-01-20 18:00:00",5151,"2016-01-27 16:00:00",Dossier_15650,"Remplacement de 03 filtres d’eau de mer des unités sulfuriques",http://esuppliers.ocpgroup.org/esop/toolkit/opportunity/opportunityDetail.do?opportunityId=5151,"2016-01-21 22:42:01","2016-01-21 22:42:01",,,0
15842,24.0509,"OCP / AXE NORD / JORF LASFAR","Fourniture et installation des 06 rideaux métalliques double parois suivant plan avec motorisation, destinés pour les ateliers de révision des moteurs thermiques MEA et les ateliers de révision des S/E hydrauliques S/CH","2016-01-07 11:17:30","2016-01-20 18:00:00",5153,"2016-01-27 16:00:00",Dossier_15654,"Fourniture et installation des 06 rideaux métalliques double parois",http://esuppliers.ocpgroup.org/esop/toolkit/opportunity/opportunityDetail.do?opportunityId=5153,"2016-01-21 22:42:01","2016-01-21 22:42:01",,,0
15843,23.0474,"OCP / CORPORATE / CASABLANCA","Contrat cadre pour le choix d’une agence de développement et conception graphique web :

Consiste à l’accompagnement de l’Entité E-communication & E-réputation de la Direction Exécutive Affaires Publiques et Communication Groupe dans la création, développement, et adaptation de sites web, et maquettes graphiques web sur une période d’un an. La production sera faite à partir de cahiers de charges et briefs sur des thématiques particulières. Le développement web devrai être fait sur le CMS Drupal 7 ou autres technologies. ","2016-01-14 11:36:15","2016-01-29 18:00:00",5158,"2016-02-01 12:00:00",Dossier_15662,"Choix d’une agence de développement et conception graphique WEB",http://esuppliers.ocpgroup.org/esop/toolkit/opportunity/opportunityDetail.do?opportunityId=5158,"2016-01-21 22:42:01","2016-01-21 22:42:01",,,0
15844,36.0842,"OCP/ACHAT CORPORATE/JORF LASFAR","Acquisition des caches brides pour le complexe JFC1 à Jorf Lasfar.	","2016-01-14 11:05:25","2016-01-27 14:00:00",5222,"2016-01-27 14:00:00",Dossier_15733,"Acquisition des caches brides pour le complexe JFC1 à Jorf Lasfar.	",http://esuppliers.ocpgroup.org/esop/toolkit/opportunity/opportunityDetail.do?opportunityId=5222,"2016-01-21 22:42:01","2016-01-21 22:42:01",,,0
15845,39.0957,"OCP AXE NORD/ JORF LASFAR","Sonde radar avec systeme de réchauffage ","2016-01-14 15:03:36","2016-01-28 23:00:00",5237,"2016-01-28 23:00:00",Dossier_15750,"Sonde radar avec systeme de réchauffage",http://esuppliers.ocpgroup.org/esop/toolkit/opportunity/opportunityDetail.do?opportunityId=5237,"2016-01-21 22:42:01","2016-01-21 22:42:01",,,0
15846,24.0509,"OCP/ACHAT CORPORATE/JORF LASFAR","L’étude, la fourniture, la fabrication, le transport, le montage et la mise en service d’une  installation d’enrobage de l’engrais MAP à JFC1 à Jorf Lasfar
","2016-01-18 10:00:04","2016-02-04 18:00:00",5236,"2016-02-04 18:00:00",Dossier_15751,"Fourniture, montage et mise en service  d'une installation bac d'enrobage",http://esuppliers.ocpgroup.org/esop/toolkit/opportunity/opportunityDetail.do?opportunityId=5236,"2016-01-21 22:42:01","2016-01-21 22:42:01",,,0
15847,44.1142,"OCP/ Direction executive operations industrielles /GANTOUR ","Fourniture  des trophées pour événements sociaux.","2016-01-18 09:25:04","2016-02-01 18:00:00",5238,"2016-02-02 18:00:00",Dossier_15753,"Achat des trophées",http://esuppliers.ocpgroup.org/esop/toolkit/opportunity/opportunityDetail.do?opportunityId=5238,"2016-01-21 22:42:01","2016-01-21 22:42:01",,,0
15848,04.0074,"OCP/Axe Nord/Jorf Lasfar","Prestation d'accompagnement, de formation et de veille réglementaire dans le cadre de la mise en place d'un SMI ES au site OCP à Jorf Lasfar.","2016-02-09 11:26:45","2016-02-23 18:00:00",5243,"2016-02-23 18:00:00",Dossier_15739,"Prestation d'accompagnement à la mise en place d'un SMI ISO 14001/OHSAS 18001",https://esuppliers.ocpgroup.org/esop/toolkit/opportunity/opportunityDetail.do?opportunityId=5243,"2016-01-21 22:42:01","2016-01-21 22:42:01",,,0
15849,55.1344,OCP,"Prestations des études techniques et suivi des travaux nécessaires pour la réhabilitation (Mise à niveau) avec d’éventuelles nouvelles extensions des établissements scolaires existants à Khouribga et région","2016-01-25 17:06:22","2016-01-23 23:50:00",5239,"2016-01-27 23:50:00",Dossier_15754,"BET Réhabilitation et Extension des établissements scolaire du MNEFP à Khouribga",https://esuppliers.ocpgroup.org/esop/toolkit/opportunity/opportunityDetail.do?opportunityId=5239,"2016-01-21 22:42:01","2016-01-21 22:42:01",,,0
15850,04.0070,"OCP / CHI / SAFI","AO_Ouvert : Missions Architecturales de réhabilitation et d’extension d’établissments scolaires existants à SAFI ","2016-01-14 16:36:38","2016-01-04 10:00:00",4900,"2016-01-04 12:00:00",Dossier_15319,"Missions Architecturales de réhabilitation et extension d'écoles à SAFI",http://esuppliers.ocpgroup.org/esop/toolkit/opportunity/opportunityDetail.do?opportunityId=4900,"2016-01-21 22:42:01","2016-01-21 22:42:01",,,0
15851,24.0509,"OCP SA/ AXE NORD","Réparation et confection des tambours au port OCP Casablanca ","2016-01-18 16:57:00","2016-01-15 16:00:00",5053,"2016-01-15 16:00:00",Dossier_15534,"Réparation et confection des tambours au port OCP Casablanca",http://esuppliers.ocpgroup.org/esop/toolkit/opportunity/opportunityDetail.do?opportunityId=5053,"2016-01-21 22:42:01","2016-01-21 22:42:01",,,0
15852,02.0021,"OCP / AXE CENTRE / PHOSBOUCRAA","Fourniture&installation d'un monte-charge dans le magasin central de PHOSBOUCRAA","2016-01-05 08:51:40","2016-01-23 18:00:00",5131,"2016-01-25 23:59:00",Dossier_15625,"Fourniture&installation d'un monte-charge dans le magasin central de PHOSBOUCRAA",http://esuppliers.ocpgroup.org/esop/toolkit/opportunity/opportunityDetail.do?opportunityId=5131,"2016-01-21 22:42:01","2016-01-21 22:42:01",,,0
15853,44.1141,"OCP /AXE CENTRE / PHOSBOUCRAA","Contrôle règlementaire des équipements de détection et d'extinction automatique d'incendie à la direction traitement  de PHOSBOUCRAA.","2016-01-20 12:23:07","2016-01-16 18:00:00",5160,"2016-01-18 23:59:00",Dossier_15663,"Contrôle règlementaire des équipements de détection et d'extinction automatique ",http://esuppliers.ocpgroup.org/esop/toolkit/opportunity/opportunityDetail.do?opportunityId=5160,"2016-01-21 22:42:01","2016-01-21 22:42:01",,,0
15854,23.0474,"OCP / CORPORATE / CASABLANCA","Choix d’une agence de social media management et conception graphique media conformément au descriptif ci-joint.","2016-03-15 08:29:26","2016-03-24 12:00:00",5174,"2016-03-24 12:00:00",Dossier_15679,"Choix d’une agence de social media management et conception graphique media",https://esuppliers.ocpgroup.org/esop/toolkit/opportunity/opportunityDetail.do?opportunityId=5174,"2016-01-21 22:42:01","2016-01-21 22:42:01",,,0
15855,32.0754,"OCP/Axe Nord/Jorf Lasfar","Fourniture des toiles métalliques destinées pour les cribles J&H de différentes mailles et dimensions","2016-01-07 17:07:02","2016-01-21 18:00:00",5173,"2016-01-28 18:00:00",Dossier_15680,"Fourniture des toiles métalliques pour les cribles J&H",http://esuppliers.ocpgroup.org/esop/toolkit/opportunity/opportunityDetail.do?opportunityId=5173,"2016-01-21 22:42:01","2016-01-21 22:42:01",,,0
15856,25.0593,"OCP/Axe Nord/Jorf Lasfar","Fourniture des pièces de rechange pour filtre PRAYON ","2016-01-07 17:06:38","2016-01-21 18:00:00",5175,"2016-01-28 18:00:00",Dossier_15681,"Fourniture des pièces de rechange pour filtre PRAYON",http://esuppliers.ocpgroup.org/esop/toolkit/opportunity/opportunityDetail.do?opportunityId=5175,"2016-01-21 22:42:01","2016-01-21 22:42:01",,,0
15857,04.0070,"OCP / CHI / KHOURIBGA","AO_Ouvert : Missions Architecturales de réhabilitation et d’extension d’établissments scolaires existants à KHOURIBGA & Régions
","2016-01-14 17:07:29","2016-01-04 10:00:00",4901,"2016-01-04 12:00:00",Dossier_15317,"Mission Architecturale de réhabilitation & extension écoles à KHOURIBGA & Région",http://esuppliers.ocpgroup.org/esop/toolkit/opportunity/opportunityDetail.do?opportunityId=4901,"2016-01-21 22:42:01","2016-01-21 22:42:01",,,0
15858,24.0509,"OCP / AXE CENTRE / PHOSBOUCRAA. ","Travaux d'assemblage, répartition et d'installations des stations de rouleaux des convoyeurs du wharf de PHOSBOUCRAA.","2016-01-15 08:18:30","2016-01-22 23:59:00",5240,"2016-01-24 23:59:00",Dossier_15755,"Travaux d'assemblage, répartition et d'installations des stations de rouleux .",http://esuppliers.ocpgroup.org/esop/toolkit/opportunity/opportunityDetail.do?opportunityId=5240,"2016-01-21 22:42:01","2016-01-21 22:42:01",,,0
15859,32.0752,"OCP/ AXE NORD/ JORF LASFAR ","Serpentins à vapeur suivant plan destinés pour les fosses de soufre liquide ","2016-01-14 17:18:11","2016-01-28 18:00:00",5242,"2016-02-04 18:00:00",Dossier_15752,"Serpentins à vapeur suivant plan destinés pour les fosses de soufre liquide",http://esuppliers.ocpgroup.org/esop/toolkit/opportunity/opportunityDetail.do?opportunityId=5242,"2016-01-21 22:42:01","2016-01-21 22:42:01",,,0
15860,51.1283,"OCP / AXE CENTRE / SAFI","Rechanges IVECO pour la moto pompe de sécurité DCI : 
- ALTERNATEUR
 - RADIATEUR
 - TRANSMETTEUR
 - TRANSMETTEUR DE TEMPERATURE
 - CARTOUCHE FILTRANTE
 - CARTOUCHE FILTRE A HUILE
 - POMPE A EAU
 - JOINT TORIQUE
 - COURROIE
 - DEMARREUR
 - TURBO COMPRESSEUR
 - JOINT DE CULASSE
 - JOINT DE CACHE CULBUTEUR
 - SONSOR
 - ELECTRO-VALVE","2015-12-10 17:38:19","2015-12-28 19:00:00",4953,"2015-12-30 19:00:00",Dossier_15398,"Rechanges IVECO pour la moto pompe de sécurité DCI ",http://esuppliers.ocpgroup.org/esop/toolkit/opportunity/opportunityDetail.do?opportunityId=4953,"2016-01-21 22:42:01","2016-01-21 22:42:01",,,0
15861,09.0149,"OCP / AXE CENTRE / PHOSBOUCRAA ","Voir la fiche technique ci-joint.","2016-01-21 17:00:11","2015-12-22 23:00:00",4955,"2015-12-24 23:00:00",Dossier_15399,"FOURNITURES ELECTRIQUES",http://esuppliers.ocpgroup.org/esop/toolkit/opportunity/opportunityDetail.do?opportunityId=4955,"2016-01-21 22:42:01","2016-01-21 22:42:01",,,0
15862,17.0360,"OCP SA/AXE CENTRE/SAFI","Rechanges KANON","2016-01-19 15:06:06","2015-12-30 18:00:00",5035,"2016-01-01 18:00:00",Dossier_15517,"Rechanges KANON  DA N°19595",http://esuppliers.ocpgroup.org/esop/toolkit/opportunity/opportunityDetail.do?opportunityId=5035,"2016-01-21 22:42:01","2016-01-21 22:42:01",,,0
15863,42.1101,"OCP / AXE NORD / JORF LASAFR","REDUCTEURS COMPLETs POUR VANNE A PAPILLON ","2016-01-20 11:26:38","2016-01-08 23:00:00",5038,"2016-01-15 23:00:00",Dossier_15518,"REDUCTEUR COMPLET POUR VANNE A PAPILLON",http://esuppliers.ocpgroup.org/esop/toolkit/opportunity/opportunityDetail.do?opportunityId=5038,"2016-01-21 22:42:01","2016-01-21 22:42:01",,,0
15864,27.0660,"OCP / AXE CENTRE / SAFI ","Le projet est un contrat sur 2 ans pour l’externalisation des prestations des opérateurs de standard téléphonique à OIS. 
Il est demandé à l’entreprise au titre de ce contrat de réaliser la fonction des opérateurs du standard téléphonique en l’occurrence : 
           -  Répondre à tous les appels venant de l’extérieur et assurer une bijection entre l’appelant   et l’appelé.
 
Répondre à tous les appels venant de l’intérieur de l’usine demandant des correspondants extérieurs.
","2016-01-21 16:35:36","2016-01-07 23:00:00",5040,"2016-01-08 23:00:00",Dossier_15521,"Externalisation des prestations des opérateurs du Standard téléphonique à OIS.",http://esuppliers.ocpgroup.org/esop/toolkit/opportunity/opportunityDetail.do?opportunityId=5040,"2016-01-21 22:42:01","2016-01-21 22:42:01",,,0
15865,32.0743,"OCP / AXE CENTRE / SAFI","TOLES EN INOX  DA 19654","2016-02-09 17:03:51","2016-02-15 18:00:00",5332,"2016-02-16 19:00:00",Dossier_15876,"TOLES EN INOX  DA 19654",https://esuppliers.ocpgroup.org/esop/toolkit/opportunity/opportunityDetail.do?opportunityId=5332,"2016-01-21 22:42:01","2016-01-21 22:42:01",,,0
15866,47.1170,"OCP / AXE CENTRE / SAFI","ACCOUPLEMENT STROMAG  DA 6171","2016-01-21 19:31:08","2016-02-03 18:00:00",5335,"2016-02-04 19:00:00",Dossier_15880,"ACCOUPLEMENT STROMAG  DA 6171",http://esuppliers.ocpgroup.org/esop/toolkit/opportunity/opportunityDetail.do?opportunityId=5335,"2016-01-21 22:42:01","2016-01-21 22:42:01",,,0
15867,23.0474,"OCP / JORF LASFAR","OUTIL DE SERTISSAGE","2016-01-20 16:04:49","2016-02-10 18:00:00",5314,"2016-02-10 18:00:00",Dossier_15847,"OUTIL DE SERTISSAGE",http://esuppliers.ocpgroup.org/esop/toolkit/opportunity/opportunityDetail.do?opportunityId=5314,"2016-01-21 22:42:01","2016-01-21 22:42:01",,,0
15868,39.0957,"OCP / JORF LASFAR","Fourniture des pièces de rechange des capteurs de température et pression.","2016-01-21 16:37:59","2016-02-04 18:00:00",5320,"2016-02-11 18:00:00",Dossier_15853,"fourniture des piéces de rechange des capturs de températures et pression.",http://esuppliers.ocpgroup.org/esop/toolkit/opportunity/opportunityDetail.do?opportunityId=5320,"2016-01-21 22:42:01","2016-01-21 22:42:01",,,0
15869,23.0473,"OCP SA JORF LASFAR","FOURNITURE ET INSTALLATION DE 10 BADGEUSES 4G","2016-01-20 11:19:35","2016-02-10 18:00:00",5308,"2016-02-10 18:00:00",Dossier_15836,"fourniture et installation de 10 badgeuses 4G",http://esuppliers.ocpgroup.org/esop/toolkit/opportunity/opportunityDetail.do?opportunityId=5308,"2016-01-21 22:42:01","2016-01-21 22:42:01",,,0
15870,29.0681,"OCP SA /  AXE NORD / KHOURIBGA","Achat de deux centrales hydrauliques:

     *POSTE A: centrale électrique avec 04 vérins
Capacité: 400 tonnes
Pression max : 700 bars
Capacité réservoir d’huile : 80L
Tension d’alimentation : 380/220V, 3 ph-50 Hz
Puissance Moteur elec : 9.5 KW
Type des vérins: double effet
Capacité des vérins: 325T
     *POSTE B: centrale diesel
Puissance : 9.7 kw
Débit hydraulique : 4 à 8 L/min
Pression de fonctionnement maximum : 700 Bars

 
","2016-02-09 07:55:55","2016-02-03 18:00:00",5309,"2016-02-10 18:00:00",Dossier_15837,"Achat de deux centrales hydrauliques ",https://esuppliers.ocpgroup.org/esop/toolkit/opportunity/opportunityDetail.do?opportunityId=5309,"2016-01-21 22:42:01","2016-01-21 22:42:01",,,0
15871,09.0152,"OCP - Achats JV - Jorf lasfar","IMA | Achats d’un lot de moteurs électriques pour le compte d'IMACID ","2016-01-21 11:30:48","2016-02-04 18:00:00",5307,"2016-02-11 18:00:00",Dossier_15840,"IMA | Achats d’un lot de moteurs électriques pour le compte d'IMACID",http://esuppliers.ocpgroup.org/esop/toolkit/opportunity/opportunityDetail.do?opportunityId=5307,"2016-01-21 22:42:01","2016-01-21 22:42:01",,,0
15872,25.0556,"OCP/AXE NORD/JORF","fourniture des pièces de rechange ATLAS COPCO","2016-01-21 13:44:11","2016-01-27 18:00:00",5306,"2016-02-01 18:00:00",Dossier_15834,"fourniture des pièces de rechange ATLAS COPCO",http://esuppliers.ocpgroup.org/esop/toolkit/opportunity/opportunityDetail.do?opportunityId=5306,"2016-01-21 22:42:01","2016-01-21 22:42:01",,,0
15873,02.0024,"OCP/ACHATS JV/JORF LASFAR/EL JADIDA MAROC","IMA-ACHAT DE 03 EXTRACTEURS DE GAZ ","2016-01-21 11:30:06","2016-02-04 18:00:00",5319,"2016-02-11 18:00:00",Dossier_15854,"IMA-ACHAT DE 03 EXTRACTEURS DE GAZ ",http://esuppliers.ocpgroup.org/esop/toolkit/opportunity/opportunityDetail.do?opportunityId=5319,"2016-01-21 22:42:01","2016-01-21 22:42:01",,,0
15874,10.0184,"OCP/ACHATS JV/JORF LASFAR/EL JADIDA MAROC","IMA-RECHANGES ALSTHOM ","2016-01-21 11:29:12","2016-02-04 18:00:00",5322,"2016-02-11 18:00:00",Dossier_15857,"IMA-RECHANGES ALSTHOM ",http://esuppliers.ocpgroup.org/esop/toolkit/opportunity/opportunityDetail.do?opportunityId=5322,"2016-01-21 22:42:01","2016-01-21 22:42:01",,,0
15875,24.0509,"OCP/AXE NORD /JORF LASFAR","Fourniture et remplacement des tôles de toiture, bardages et portails des ateliers et magasins au port de Casablanca ","2016-01-21 12:15:38","2016-02-04 18:00:00",5323,"2016-02-11 18:00:00",Dossier_15842,"Fourniture et remplacement des tôles de toiture, bardages au port de Casablanca",http://esuppliers.ocpgroup.org/esop/toolkit/opportunity/opportunityDetail.do?opportunityId=5323,"2016-01-21 22:42:01","2016-01-21 22:42:01",,,0
15876,40.1027,"OCP /JORF LASFAR","fourniture des pièces de rechange du SNCC SIEMENS","2016-01-21 16:53:38","2016-02-04 18:00:00",5328,"2016-02-11 18:00:00",Dossier_15867,"FOURNITURE DES PIECES DE RECHANGE DU SNCC SIEMENS.",http://esuppliers.ocpgroup.org/esop/toolkit/opportunity/opportunityDetail.do?opportunityId=5328,"2016-01-21 22:42:01","2016-01-21 22:42:01",,,0
15877,50.1255,"OCP SA JORF LASFAR","Achat de trois voitures de marque VOLSKWAGEN PASSAT et AUDI A4 : Il s'agit de l'Achat de trois (03) voitures berline,  01 de marque VOLSKWAGEN PASSAT et 02 de marque AUDI A4
Caractéristiques:   Finition: moyenne gamme ; 
 BV : Automatique ; 
 Traction:  (2x4) ;  Carburant: Diesel                      
","2016-01-21 15:25:26","2016-02-11 18:00:00",5324,"2016-02-11 18:00:00",Dossier_15859,"Achat de trois voitures de marque VOLSKWAGEN PASSAT et AUDI A4",http://esuppliers.ocpgroup.org/esop/toolkit/opportunity/opportunityDetail.do?opportunityId=5324,"2016-01-21 22:42:01","2016-01-21 22:42:01",,,0
15878,47.1170,"OCP / Direction Achats / Jorf Lasfar ","Fourniture des rechanges FLENDER à Jorf Lasfar.","2016-01-21 10:38:04","2016-02-10 23:00:00",5310,"2016-02-10 23:00:00",Dossier_15843,"Fourniture des rechanges FLENDER à Jorf Lasfar.",http://esuppliers.ocpgroup.org/esop/toolkit/opportunity/opportunityDetail.do?opportunityId=5310,"2016-01-21 22:42:01","2016-01-21 22:42:01",,,0
15879,48.1204,"OCP / Direction Achats / Jorf Lasfar","Fourniture des rechanges pour les accouplements et antidévireurs de marque FALK à Jorf Lasfar.

","2016-01-21 10:38:51","2016-02-10 23:00:00",5311,"2016-02-10 23:00:00",Dossier_15844,"Fourniture des rechanges  de marque FLAK à Jorf Lasfar.",http://esuppliers.ocpgroup.org/esop/toolkit/opportunity/opportunityDetail.do?opportunityId=5311,"2016-01-21 22:42:01","2016-01-21 22:42:01",,,0
15880,09.0165,"OCP / AXE NORD / KHOURIBGA","Fourniture, installation et mise en service de deux variateurs de vitesse moyenne tension :
Poste 1 : Variateur de vitesse MT genre SINAMICS GM 150
* Marque : SIEMENS SINAMICS GM 150 ; Puissance : 10 100 KV ; Tension d’alimentation: 10 KV
Tension de sortie : 2X3AC 4,16 KV ; Courant d’entrée : 716 A ; Courant de sortie : 2 x 700 A
Poste 2 : Variateur de vitesse MT ROBICON Perfect Harmony Gen IV
* Marque : SIEMENS ROBICON Perfect Harmony Gen IV ; Puissance : 1350 KV ; 
Tension d’alimentation: 10 KV ; Tension de sortie : 0 - 6600 V ; Courant d’entrée : 77 A ;
Courant de sortie : 0 à 140 A","2016-01-21 14:50:17","2016-02-03 18:00:00",5316,"2016-02-10 18:00:00",Dossier_15846,"Achat des variateurs de vitesse de rechange pour les pompes de l'adaptation MEA",http://esuppliers.ocpgroup.org/esop/toolkit/opportunity/opportunityDetail.do?opportunityId=5316,"2016-01-21 22:42:01","2016-01-21 22:42:01",,,0
15881,01.0005,"OCP/AXE CENTRE /SAFI","Achat de deux tamiseuses électromagnétiques pour la mesure de phosphate","2016-02-09 11:09:22","2016-02-07 19:00:00",5313,"2016-02-10 19:00:00",Dossier_15849,"Achat de deux tamiseuses électromagnétiques pour la mesure de phosphate",https://esuppliers.ocpgroup.org/esop/toolkit/opportunity/opportunityDetail.do?opportunityId=5313,"2016-01-21 22:42:01","2016-01-21 22:42:01",,,0
15882,42.1107,"OCP /JORF LASFAR","Articles accessoires des pièces de rechanges des extincteurs.","2016-04-06 15:12:18","2016-04-20 17:00:00",5325,"2016-04-20 17:00:00",Dossier_15856,"Articles accessoires des piéces de rechanges des extincteurs.",https://esuppliers.ocpgroup.org/esop/toolkit/opportunity/opportunityDetail.do?opportunityId=5325,"2016-01-21 22:42:01","2016-01-21 22:42:01",,,0
15883,54.1320,"OCP / Axe Centre / Gantour"," Aménagement et Rehaussement des bassins d'épandage destinés pour recevoir les boues de lavage de la laverie Youssoufia 

Consistance des travaux : 
- Etude préliminaire intégrant : étude du sol, de stabilité des murs, étude topographique et solutions d’aménagement.
- L’aménagement des bassins de stockage et décantation des boues de lavage ;
- Le rehaussement des bassins de stockage et décantation des boues de laverie ;
- fourniture et installation des conduites et Vanes DN400
- Le démontage et la remise en place du circuit en conduites métalliques pour l’alimentation en boues des bassins.

La délai de réalisation des travaux est de 04 mois.   



","2016-01-05 10:55:51","2015-03-28 18:00:00",646,"2015-03-30 17:00:00",Dossier_10053,Annulé,https://esuppliers.ocpgroup.org/esop/toolkit/opportunity/opportunityDetail.do?opportunityId=646,"2016-01-21 23:06:01","2016-01-21 23:06:01",,,0
15884,02.0029,"OCP/AXE CENTRE/PHOSBOUCRAA","Travaux de démontage et démolition des baraquements de la résidence al Wahda à Boucraâ.","2015-06-02 08:52:12","2015-05-11 22:00:00",1254,"2015-05-13 22:00:00",Dossier_10824,"Travaux de démontage et démolition des baraquements, résidence al Wahda à Boucra",https://esuppliers.ocpgroup.org/esop/toolkit/opportunity/opportunityDetail.do?opportunityId=1254,"2016-01-21 23:06:01","2016-01-21 23:06:01",,,0
15885,02.0024,"OCP / Axe Centre / Gatour","Installation des systèmes d'aération/climatisation aux postes BT & MT

Consistances des travaux:

-Fourniture et installation et la mise en service des centrales de climatisations pour les locaux électriques basses tensions et moyens tension de la mine de Benguerir installations fixes.

Le délai de réalisation est de 02 Mois","2015-12-10 16:52:34","2015-06-08 17:00:00",1606,"2015-06-10 17:00:00",Dossier_11257,ANNULE,https://esuppliers.ocpgroup.org/esop/toolkit/opportunity/opportunityDetail.do?opportunityId=1606,"2016-01-21 23:06:01","2016-01-21 23:06:01",,,0
15886,33.0770,"OCP/ AXE CENTRE/ GANTOUR","la prestation consiste à  :

- Enlèvement et élimination des produits utilisés dans la flottation du phosphate.
- Aménagement et nettoyage des parcs de stockage.","2015-12-29 15:05:08","2015-07-10 12:00:00",2090,"2015-07-13 16:00:00",Dossier_11876,Annulé,https://esuppliers.ocpgroup.org/esop/toolkit/opportunity/opportunityDetail.do?opportunityId=2090,"2016-01-21 23:06:01","2016-01-21 23:06:01",,,0
15887,02.0029,"OCP/AXE CENTRE/GANTOUR","Les prestations consistent  à :
-L'etude du système existant,
-Elaboration des recommandations nécessaires pour permettre l'exploitation sécuritaire de la section de séchage afin d'éviter tout incident et de réaliser au moins 120t/h séchée à la sortie du préchauffeur.
-Fourniture du rapport de l'étude et des plans en trois exemplaires en français.
-Fourniture des équipements et mise en oeuvre des actions issues des recommandations de l'étude. ","2015-12-22 19:58:32","2015-07-10 12:00:00",2081,"2015-07-13 16:00:00",Dossier_11861,annulé,https://esuppliers.ocpgroup.org/esop/toolkit/opportunity/opportunityDetail.do?opportunityId=2081,"2016-01-21 23:06:01","2016-01-21 23:06:01",,,0
15888,20.0398,"OCP / AXE NORD / KHOURIBGA","Fourniture d’un panel d’indication et de contrôle  de marque ENRAF UEZF878A  TYPE : 878 installé sur bac d’ammoniac de l’unité 155
","2015-10-30 11:35:45","2015-06-23 18:00:00",2091,"2015-06-30 18:00:00",Dossier_11862,"Fourniture d’un panel d’indication et de contrôle  de marque ENRAF",https://esuppliers.ocpgroup.org/esop/toolkit/opportunity/opportunityDetail.do?opportunityId=2091,"2016-01-21 23:06:01","2016-01-21 23:06:01",,,0
15889,01.0001,"OCP/ AXE CENTRE / GANTOUR","Les prestations à réaliser dans le cadre de ce marché consistent en:
- La fourniture des échantillonneurs automatiques,
- La fourniture des accessoires nécessaires liés au bon fonctionnement des échantillonneurs,
- La fourniture des organes de sécurité et de protection nécessaires
- L'installation complète avec tout moyen logistique et toute modification sur l'installation y compris les accessoires nécessaires en plus les armoires électriques (IP55) pour le bon fonctionnement sur chantier,
- Mise en service des échantillonneurs sur des convoyeurs à bande,
- La formation sur site du personnel sur le principe d'exploitation.","2016-01-04 14:46:19","2015-07-03 18:00:00",2162,"2015-07-05 12:00:00",Dossier_11965,Annulé,https://esuppliers.ocpgroup.org/esop/toolkit/opportunity/opportunityDetail.do?opportunityId=2162,"2016-01-21 23:06:01","2016-01-21 23:06:01",,,0
15890,50.1255,"OCP / AXE NORD / KHOURIBGA","Achat d'un camion de lavage

Fourniture d’un camion tout terrain équipé d’une unité de lavage composée de:
- 01 citerne en acier galvanisé, de capacité 2000 à 3000 litres
- 01 motopompe haute pression à pistons  de 150 bars - débit 15 l/mn
- Flexible, enrouleur, pistolet, buses","2015-09-23 09:56:29","2015-08-25 11:00:00",2246,"2015-09-01 17:00:00",Dossier_12038,"Achat d'un camion de lavage",https://esuppliers.ocpgroup.org/esop/toolkit/opportunity/opportunityDetail.do?opportunityId=2246,"2016-01-21 23:06:01","2016-01-21 23:06:01",,,0
15891,09.0143,"OCP / AXE NORD / KHOURIBGA","Conducteurs électriques:
CÂBLES ÉLECTRIQUES D'ALIMENTATION DES MACHINES DE CHANTIER
","2015-08-12 10:14:31","2015-07-02 18:00:00",2247,"2015-07-08 18:00:00",Dossier_12063,"Conducteurs électriques",https://esuppliers.ocpgroup.org/esop/toolkit/opportunity/opportunityDetail.do?opportunityId=2247,"2016-01-21 23:06:01","2016-01-21 23:06:01",,,0
15892,50.1254,"OCP / KHOURIBGA / AXE NORD","Rechanges pour véhicules utilitaires IVECO
Selon le Brief attaché à la RFI","2015-08-04 16:28:00","2015-07-07 18:00:00",2255,"2015-07-14 18:00:00",Dossier_12042,"Rechanges pour véhicules utilitaires",https://esuppliers.ocpgroup.org/esop/toolkit/opportunity/opportunityDetail.do?opportunityId=2255,"2016-01-21 23:06:01","2016-01-21 23:06:01",,,0
15893,13.0233,"OCP /AXE NORD / KHOURIBGA","Acquisition d'une mini chargeuse balayeuse pour la laverie Daoui:
Fourniture d'une mini chargeuse balayeuse et ses accessoires (brosses balayeuses, godet avec dents, roues de secours complètes, outillages de bord, extincteur...);
- Entretien de l'engin pendant la durée de garantie;
- Formation de notre pesonnel de l'entretien et de la conduite sur site.","2016-01-04 10:52:47","2015-07-02 18:00:00",2213,"2015-07-06 18:00:00",Dossier_11989,"Acquisition de deux mini chargeuses balayeuses pour la laverie Daoui",https://esuppliers.ocpgroup.org/esop/toolkit/opportunity/opportunityDetail.do?opportunityId=2213,"2016-01-21 23:06:01","2016-01-21 23:06:01",,,0
15894,09.0168,"OCP / AXE CENTRE / PHOSBOUCRAA","Consistance du projet :
Conception et fabrication suivant les plans approuvés de la cabine
? Etude du schéma électrique.
? Equipement en cellules MT 12KV
? Equipement BT
? Livraison de la cabine de protection, raccordement au réseau moyen tension du chantier de Boucrâa, et essai de mise en service
","2015-08-04 10:59:19","2015-06-30 18:00:00",2129,"2015-07-02 18:00:00",Dossier_11926,"Fourniture & installation d'une cabine de protection électrique à Boucraâ.",https://esuppliers.ocpgroup.org/esop/toolkit/opportunity/opportunityDetail.do?opportunityId=2129,"2016-01-21 23:06:01","2016-01-21 23:06:01",,,0
15895,09.0157,"OCP / Axe Centre / Gantour","Etude, fourniture et installation des compteurs d’énergie, des concentrateurs de données et d’un système de supervision

Le projet consiste en l’étude, fourniture et installation :

* Des compteurs d’énergie électrique BT, MT et HT des concentrateurs de données et le système de supervision

Le délai de réalisation est de 03 Mois","2016-01-05 10:54:08","2015-07-13 18:00:00",2230,"2015-07-14 16:00:00",Dossier_12048,Annulé,https://esuppliers.ocpgroup.org/esop/toolkit/opportunity/opportunityDetail.do?opportunityId=2230,"2016-01-21 23:06:01","2016-01-21 23:06:01",,,0
15896,09.0149,"OCP/AXE NORD/KHOURIBGA","FOURNITURE ELECTRIQUE","2015-08-28 08:13:52","2015-07-10 18:00:00",2337,"2015-07-17 18:00:00",Dossier_12169,"FOURNITURE ELECTRIQUE",https://esuppliers.ocpgroup.org/esop/toolkit/opportunity/opportunityDetail.do?opportunityId=2337,"2016-01-21 23:06:01","2016-01-21 23:06:01",,,0
15897,23.0471,"OCP / AXE NORD / KHOURIBGA","Achat de 30 scanners diapositives, photos et documents:
 - Type de Numérisation : 6 couleurs, 96 bits (photos, diapositives, pellicules, négatifs), numérisation multiple de photos, diapositives, pellicules et négatifs ;
- Résolution : 4 800 x 9 600 ppp;
- Adaptateur : diapos/négatifs : 3 diapos 35 mm ou 4 négatifs;
- Mise en route instantanée avec aperçu rapide des numérisations sur touche de fonction;
- Touches de fonction sur panneau avant;
- Système de suppression des poussières et des rayures par infrarouge par touche de fonction directe.
","2015-09-29 14:15:08","2015-07-13 12:00:00",2263,"2015-07-20 11:00:00",Dossier_12085,"Achat de 30 scanners",https://esuppliers.ocpgroup.org/esop/toolkit/opportunity/opportunityDetail.do?opportunityId=2263,"2016-01-21 23:06:01","2016-01-21 23:06:01",,,0
15898,33.0770,"OCP /AXE CENTRE /GANTOUR","Consistance des travaux:
-Nettoyage des locaux sanitaires existants
-Entretien bureau des bâtiments magasin, Achats et ACX,Youssoufia.","2015-12-29 15:09:08","2015-07-19 11:00:00",2397,"2015-07-21 17:00:00",Dossier_12260,Annulé,https://esuppliers.ocpgroup.org/esop/toolkit/opportunity/opportunityDetail.do?opportunityId=2397,"2016-01-21 23:06:01","2016-01-21 23:06:01",,,0
15899,01.0004,"OCP /AXE CENTRE / GANTOUR","Le projet consiste en l'acquisition, l'installation et mise en service du matériel (équilibreuse dynamique des rotors).","2015-12-29 15:03:10","2015-07-07 12:00:00",2269,"2015-07-09 18:00:00",Dossier_12095,Annulé,https://esuppliers.ocpgroup.org/esop/toolkit/opportunity/opportunityDetail.do?opportunityId=2269,"2016-01-21 23:06:01","2016-01-21 23:06:01",,,0
15900,09.0149,"OCP/AXE NORD/KHOURIBGA","Fourniture matériels électriques destinées aux installations  industrielles chimiques genre moteurs, contacteurs, relais ,prises téléphoniques, variateurs.
","2015-08-19 10:23:18","2015-07-03 18:00:00",2286,"2015-07-09 18:00:00",Dossier_12087,"Fourniture du matériels électriques industriels",https://esuppliers.ocpgroup.org/esop/toolkit/opportunity/opportunityDetail.do?opportunityId=2286,"2016-01-21 23:06:01","2016-01-21 23:06:01",,,0
15901,13.0255,"OCP/Achat Groupe/ CASABLANCA","Assurer la disponibilité des tricônes pour machines de foration 6 pouces et 9 pouces de l'ensembles des sondeuses du groupe OCP
","2015-10-27 09:27:38","2015-07-24 17:00:00",2562,"2015-07-27 17:00:00",Dossier_12482,"Accord cadre de la fourniture des tricônes et tiges de foration -3 ans-",https://esuppliers.ocpgroup.org/esop/toolkit/opportunity/opportunityDetail.do?opportunityId=2562,"2016-01-21 23:06:01","2016-01-21 23:06:01",,,0
15902,39.0958,"OCP / Axe Centre / Gantour","L'étude d'ingénierie, la fourniture, l'adaptation, le montage, les essais et la mise en service du nouveau système de régulation numérique et la supervision de la dragline 7500M sur site de Benguerir.

Consistance des travaux :
- Fourniture et installation du panneau de régulation digitale,
- Fourniture et installation d'une centrale automate programmable,
- Fourniture et installation des panels de contrôle et la supervision à la cabine du conducteur,
- Fourniture et branchement des câbles électriques,
- Fourniture, installation du logiciel de supervision,
- Travaux d'installation, adaptation, essais et mise en service de la machine,
- La formation du personnel de maintenance.
","2016-01-05 10:52:50","2015-07-27 17:00:00",2433,"2015-07-28 17:00:00",Dossier_12306,Annulé,https://esuppliers.ocpgroup.org/esop/toolkit/opportunity/opportunityDetail.do?opportunityId=2433,"2016-01-21 23:06:01","2016-01-21 23:06:01",,,0
15903,24.0509,"OCP/ Achats JV/ Jorf Lasfar","PAK|CONVENTION POUR LES TRAVAUX DE CHAUDRONNERIE, SOUDAGE ET USINAGE POUR 3 ANS ","2015-12-07 13:37:33","2015-08-18 17:00:00",3064,"2015-08-25 17:00:00",Dossier_13060,"PAK| TRAVAUX DE CHAUDRONNERIE, SOUDAGE ET USINAGE A PAKISTAN MAROC PHOSPHORE.",https://esuppliers.ocpgroup.org/esop/toolkit/opportunity/opportunityDetail.do?opportunityId=3064,"2016-01-21 23:06:01","2016-01-21 23:06:01",,,0
15904,50.1252,"OCP / AXE NORD / KHOURIBGA","FOURNITURE DE PNEUS POUR VEHICULES UTILITAIRES : 
- PNEUS TUBELESS POUR MINICARS HYUNDAI
DIMENSIONS : 205/75 R17.5 ( Voir Brief technique joint à la RFI)","2015-09-23 15:26:17","2015-08-26 17:00:00",3188,"2015-08-31 17:00:00",Dossier_13069,"Fourniture des pneus pour minicars HYUNDAI",https://esuppliers.ocpgroup.org/esop/toolkit/opportunity/opportunityDetail.do?opportunityId=3188,"2016-01-21 23:06:01","2016-01-21 23:06:01",,,0
15905,48.1209,"OCP / Axe Centre / Phosboucraa","Rechanges pour 02 freins à disque :
- Référence : STROMAG pour frein type 645/30 (disque D315X30MM).
Voir "Scope" en bas.","2015-10-28 11:40:20","2015-09-07 22:00:00",3222,"2015-09-09 22:00:00",Dossier_13256,"Rechanges pour 02 freins à disque",https://esuppliers.ocpgroup.org/esop/toolkit/opportunity/opportunityDetail.do?opportunityId=3222,"2016-01-21 23:06:01","2016-01-21 23:06:01",,,0
15906,24.0495,"OCP / Direction Exécutive Opérations Industrielles / Gantour","Contrat de maintenance de 08 bruleurs des fours sécheurs installés à l'usine de séchage de Youssoufia.

Consistance des travaux :
- La mise à niveau des bruleurs des fours sécheurs ;
- L'entretien systématique de 08 bruleurs des fours sécheurs de l'usine de séchage (02 types de bruleurs : 06 bruleurs type FBR JBD de puissance thermique 19000 Kw et 02 bruleurs FBR types JBD de puissance thermique 20000 Kw) ;
- L'entretien correctif des 08 bruleurs pour les pièces de première nécessité.

La durée du contrat est de 02 ans.","2016-01-05 10:48:43","2015-09-29 17:00:00",3015,"2015-10-01 11:00:00",Dossier_13006,Annulé,https://esuppliers.ocpgroup.org/esop/toolkit/opportunity/opportunityDetail.do?opportunityId=3015,"2016-01-21 23:06:01","2016-01-21 23:06:01",,,0
15907,32.0743,"OCP/ AXE CENTRE/ PHOSBOUCRAA","Fers ronds pour la confection des axes de godet des deux draglines 1370W:
* 10004.03968 ROND ACIER FAIBLEME ALLIE	800 KG ROND EN ACIER 
NUANCE : AFNOR 30NC11 
COMPOSITION CHIMIQUE MOYENNE (%) : C=0,27 à 0,34 & Mn=0,35 à 0,60 & Si=0,10 à 0,40 & Ni=2,50 à 3,00 & Cr=0,60 à 0,90 & P Max<ou=0,035 & S<ou=0,035
LONGUEUR = 6 METRES 
DIAMETRE = 80 MM
* 10004.03976 ROND ACIER FAIBLEME ALLIE	1800 KG ROND EN ACIER 
NUANCE : AFNOR 30NC11 
COMPOSITION CHIMIQUE MOYENNE (%) : C=0,27 à 0,34 & Mn=0,35 à 0,60 & Si=0,10 à 0,40 & Ni=2,50 à 3,00 & Cr=0,60 à 0,90 & P Max<ou=0,035 & S<ou=0,035
LONGUEUR = 6 METRES 
DIAMETRE = 110 MM
* 10004.03978 ROND ACIER FAIBLEME ALLIE	1100 KG ROND EN ACIER 
NUANCE : AFNOR 30NC11 
COMPOSITION CHIMIQUE MOYENNE (%) : C=0,27 à 0,34 & Mn=0,35 à 0,60 & Si=0,10 à 0,40 & Ni=2,50 à 3,00 & Cr=0,60 à 0,90 & P Max<ou=0,035 & S<ou=0,035
LONGUEUR = 6 METRES 
DIAMETRE = 120 MM
* 10004.02287 ROND ACIER USAGE GENERAL	1300 KG ROND EN ACIER 
NUANCE : AFNOR A70-2 
LONGUEUR = 6 METRES 
DIAMETRE = 130 MM 
* 10004.03982 ROND ACIER FAIBLEME ALLIE	3000 KG ROND EN ACIER 
NUANCE : AFNOR 30NC11 
COMPOSITION CHIMIQUE MOYENNE (%) : C=0,27 à 0,34 & Mn=0,35 à 0,60 & Si=0,10 à 0,40 & Ni=2,50 à 3,00 & Cr=0,60 à 0,90 & P Max<ou=0,035 & S<ou=0,035
LONGUEUR = 6 METRES 
DIAMETRE = 140 MM
* 10004.03986 ROND ACIER FAIBLEME ALLIE	3400 KG ROND EN ACIER 
NUANCE : AFNOR 30NC11 
COMPOSITION CHIMIQUE MOYENNE (%) : C=0,27 à 0,34 & Mn=0,35 à 0,60 & Si=0,10 à 0,40 & Ni=2,50 à 3,00 & Cr=0,60 à 0,90 & P Max<ou=0,035 & S<ou=0,035
LONGUEUR = 6 METRES 
DIAMETRE = 150 MM
","2015-10-19 10:17:52","2015-09-08 22:00:00",3355,"2015-09-10 22:00:00",Dossier_13411,"Fer ronds pour la confection des axes de godet des deux draglines 1370w,",https://esuppliers.ocpgroup.org/esop/toolkit/opportunity/opportunityDetail.do?opportunityId=3355,"2016-01-21 23:06:01","2016-01-21 23:06:01",,,0
15908,24.0504,"OCP / Corporate / Casablanca","Accord cadre pour la fourniture des briques réfractaires et anti acide de différentes formes,  pour la maintenance des équipements (four, convertisseur, cuves d’attaques…)
","2015-11-27 11:20:27","2015-10-28 12:00:00",2795,"2015-10-28 12:00:00",Dossier_12768,"Accord cadre pour la fourniture de la Fumisterie et réfractaires -3ans-",https://esuppliers.ocpgroup.org/esop/toolkit/opportunity/opportunityDetail.do?opportunityId=2795,"2016-01-21 23:06:01","2016-01-21 23:06:01",,,0
15909,02.0047,"OCP/AXE NORD/KHOURIBGA","Fourniture du Produit Anticorrosion Sans Nitrite:
Produit Anticorrosion  pour protection du circuit de refroidissement des moteurs thermiques en fut de 200 Litres selon le brief technique et la fiche technique, attachés à la RFI.
Les Livraisons seront faites partiellement suivant notre demande. 
","2015-09-29 15:32:19","2015-09-10 17:00:00",3248,"2015-09-11 17:00:00",Dossier_13286,"FOURNITURE DU PRODUIT ANTICORROSION SANS NITRITE POUR MOTEURS THERMIQUES ",https://esuppliers.ocpgroup.org/esop/toolkit/opportunity/opportunityDetail.do?opportunityId=3248,"2016-01-21 23:06:01","2016-01-21 23:06:01",,,0
15910,50.1254,"OCP/Achat groupe- Casa","Fourniture des pièces de rechanges pour véhicules utilitaires  selon  descriptifs techniques OCP dans un cadre de contrat cadre sur  3ans.

Accumulateurs, pièces de rechanges VOLKSWAGEN, divers …..
","2016-01-18 11:53:27","2016-01-15 12:00:00",3578,"2016-01-15 14:00:00",Dossier_13724,"Accord cadre pour la fourniture pièces de rechanges pour véhicules utilitaires",https://esuppliers.ocpgroup.org/esop/toolkit/opportunity/opportunityDetail.do?opportunityId=3578,"2016-01-21 23:06:01","2016-01-21 23:06:01",,,0
15911,31.0714,"OCP/Achats Groupe corporate casa","Fourniture  du catalyseur au vanadium, pour la phase conversion SO2/SO3 au niveau de la production d’acide sulfurique et l’enlèvement du catalyseur au vanadium usage.
","2015-12-23 14:36:13","2015-11-20 18:00:00",4338,"2015-11-30 18:00:00",Dossier_14650,"Convention  pour la fourniture du catalyseur pour unité sulfurique (VANADIUM)",https://esuppliers.ocpgroup.org/esop/toolkit/opportunity/opportunityDetail.do?opportunityId=4338,"2016-01-21 23:06:01","2016-01-21 23:06:01",,,0
15912,10.0183,"OCP/achats grand projet corporate CASA","Fourniture des pièces de rechange neuves d’origine AEG KANIS et SIEMENS
","2015-12-10 11:51:32","2015-12-04 18:00:00",4420,"2015-12-07 18:00:00",Dossier_14737,"Convention pour la fourniture AEG KANIS et SIEMENS",https://esuppliers.ocpgroup.org/esop/toolkit/opportunity/opportunityDetail.do?opportunityId=4420,"2016-01-21 23:06:01","2016-01-21 23:06:01",,,0
15913,09.0149,"OCP/AXE NORD/KHOURIBGA","FOURNITURES ÉLECTRIQUES","2015-11-10 08:27:33","2015-10-02 17:00:00",3513,"2015-10-09 17:00:00",Dossier_13623,"FOURNITURES ÉLECTRIQUES",https://esuppliers.ocpgroup.org/esop/toolkit/opportunity/opportunityDetail.do?opportunityId=3513,"2016-01-21 23:06:01","2016-01-21 23:06:01",,,0
15914,09.0144,"OCP/AXE NORD/KHOURIBGA","Fourniture électriques (Chemin de câble perforé) ","2015-08-18 10:42:15","2015-07-15 18:00:00",2466,"2015-07-22 17:00:00",Dossier_12357,"Fourniture électriques (Chemin de câble perforé)",https://esuppliers.ocpgroup.org/esop/toolkit/opportunity/opportunityDetail.do?opportunityId=2466,"2016-01-21 23:06:01","2016-01-21 23:06:01",,,0
15915,37.0854,"OCP/Achats Groupe- Casa","Accord cadre pour la fourniture Pompes a eau et condensat ( piéce de rechange) ","2015-09-29 16:28:16","2015-09-29 16:28:00",3315,"2015-09-21 17:00:00",Dossier_13366,"Accord cadre pour la fourniture Pompes a eau et condensat ( piéce de rechange) ",https://esuppliers.ocpgroup.org/esop/toolkit/opportunity/opportunityDetail.do?opportunityId=3315,"2016-01-21 23:06:01","2016-01-21 23:06:01",,,0
15916,29.0681,"OCP/Achats groupe-Casa","Fourniture des matériels hydrauliques  selon  descriptifs techniques OCP dans un cadre de contrat cadre sur  3ans.

VERINS HYDRAULIQUES, MOTEURS HYDRAULIQUES, PRESSES HYDRAULIQUES.…..
","2016-01-13 17:50:53","2015-10-19 17:00:00",3579,"2015-10-22 17:00:00",Dossier_13726,"Accord cadre pour la  Fourniture des matériels hydrauliques ( durée 3 ans) ",https://esuppliers.ocpgroup.org/esop/toolkit/opportunity/opportunityDetail.do?opportunityId=3579,"2016-01-21 23:06:01","2016-01-21 23:06:01",,,0
15917,09.0145,"OCP/AXE NORD/KHOURIBGA","Acquisition d’un démarreur de réserve pour l’adaptation MEA:
- Achat d’un démarreur électronique 10000V , 355 KW , 50°C équipé d’un contacteur de ligne et de by-pass débrochable 
- Assistance au montage du démarreur 
- Mise en service du démarreur
 
","2015-11-12 08:51:51","2015-09-23 17:00:00",3481,"2015-09-30 17:00:00",Dossier_13487,"Acquisition d’un démarreur de réserve pour l’adaptation MEA ",https://esuppliers.ocpgroup.org/esop/toolkit/opportunity/opportunityDetail.do?opportunityId=3481,"2016-01-21 23:06:01","2016-01-21 23:06:01",,,0
15918,25.0587,"OCP / AXE NORD / KHOURIBGA","RECHANGES LAUCHAMMER:
Besoin destiné pour équipement des arbres des roues à godets des roue pelle R1-R2
","2015-08-27 07:55:36","2015-07-27 17:00:00",2708,"2015-08-05 17:00:00",Dossier_12663," RECHANGES LAUCHAMMER",https://esuppliers.ocpgroup.org/esop/toolkit/opportunity/opportunityDetail.do?opportunityId=2708,"2016-01-21 23:06:01","2016-01-21 23:06:01",,,0
15919,25.0570,"OCP/Achats groupe","Fourniture des pièces de rechange neuves d’origine COMESSA
","2015-10-01 11:17:38","2015-09-25 17:00:00",3274,"2015-09-28 17:00:00",Dossier_13315,"Convention pour la fourniture des pièces de rechange  d’origine COMESSA",https://esuppliers.ocpgroup.org/esop/toolkit/opportunity/opportunityDetail.do?opportunityId=3274,"2016-01-21 23:06:01","2016-01-21 23:06:01",,,0
15920,38.0899,"OCP/Ahats groupe","Convention pour la fourniture des pièces de rechange d’origine ENSIVAL","2015-10-07 15:00:31","2015-10-03 22:59:00",3275,"2015-10-05 22:59:00",Dossier_13320,"Convention  pour la fourniture des pièces de rechange  d’origine ENSIVAL",https://esuppliers.ocpgroup.org/esop/toolkit/opportunity/opportunityDetail.do?opportunityId=3275,"2016-01-21 23:06:01","2016-01-21 23:06:01",,,0
15921,14.0281,"OCP/Achats groupe","Fourniture des pièces de rechange neuves d’origine PLM
","2015-09-29 15:20:54","2015-09-25 17:00:00",3277,"2015-09-28 17:00:00",Dossier_13323,"Convention  la fourniture des pièces de rechange d’origine PLM",https://esuppliers.ocpgroup.org/esop/toolkit/opportunity/opportunityDetail.do?opportunityId=3277,"2016-01-21 23:06:01","2016-01-21 23:06:01",,,0
15922,25.0591,"OCP/Achat Groupe / CASABLANCA","Accord Cadre pour la fourniture des procédé de filtration-INTENSIV FILTER pour une durée de 3 ans","2015-10-26 16:47:25","2015-08-05 17:00:00",2706,"2015-08-06 17:00:00",Dossier_12664,"Accord Cadre pour la fourniture des procédé de filtration-INTENSIV FILTER- 3 ans",https://esuppliers.ocpgroup.org/esop/toolkit/opportunity/opportunityDetail.do?opportunityId=2706,"2016-01-21 23:06:01","2016-01-21 23:06:01",,,0
15923,17.0362,"OCP / AXE CENTRE / SAFI","Garnitures Mécaniques  – DA 19187/15
","2015-12-10 17:01:00","2015-10-20 17:00:00",3902,"2015-10-22 18:00:00",Dossier_14098,"Garnitures Mécaniques  – DA 19187-19537-19538-19539",https://esuppliers.ocpgroup.org/esop/toolkit/opportunity/opportunityDetail.do?opportunityId=3902,"2016-01-21 23:06:01","2016-01-21 23:06:01",,,0
15924,14.0287,"OCP/achats grand projet corporate- CASA-","Conventions pour la fourniture LIEBHERR ","2015-12-10 11:06:02","2015-12-04 18:00:00",4411,"2015-12-07 18:00:00",Dossier_14722,"Conventions pour la fourniture LIEBHERR",https://esuppliers.ocpgroup.org/esop/toolkit/opportunity/opportunityDetail.do?opportunityId=4411,"2016-01-21 23:06:01","2016-01-21 23:06:01",,,0
15925,54.1320,"Achat Groupe -OCP-","AMI des Travaux de Voirie et d’assainissement de la technopole à l’entrée du village Foum El Oued,LAAYOUNE Phase 2;
","2015-11-25 13:32:06","2015-11-20 18:00:00",4334,"2015-11-23 18:00:00",Dossier_14640,"Travaux de Voirie et Assainissement Technopole de LAAYOUNE Phase 2",https://esuppliers.ocpgroup.org/esop/toolkit/opportunity/opportunityDetail.do?opportunityId=4334,"2016-01-21 23:06:01","2016-01-21 23:06:01",,,0
15926,25.0549,"OCP/achats grand projet corporate-casa-","Fourniture des pièces de rechange neuves d’origine SAACKE
","2015-12-01 09:22:54","2015-11-27 18:00:00",4414,"2015-11-30 18:00:00",Dossier_14725,"Conventions  pour la fourniture SAACKE",https://esuppliers.ocpgroup.org/esop/toolkit/opportunity/opportunityDetail.do?opportunityId=4414,"2016-01-21 23:06:01","2016-01-21 23:06:01",,,0
15927,53.1311,"OCP/ AXE CENTRE/ PHOSBOUCRAA","10096.00199  VESTE PARKA KABAN MATELASSE.","2016-01-06 15:57:15","2015-12-04 23:00:00",4672,"2015-12-07 23:00:00",Dossier_15050,"Habillement ",https://esuppliers.ocpgroup.org/esop/toolkit/opportunity/opportunityDetail.do?opportunityId=4672,"2016-01-21 23:06:01","2016-01-21 23:06:01",,,0
15928,43.1135,"OCP / AXE NORD / KHOURIBGA","Achat de matériel pour la médecine du travail  :
- Matériel pour la mesure des vibrations au poste de travail
- Audiomètre numérique de dépistage et de contrôle
- Sonomètre intégrateur avec calibreur
- ECG 12 piste avec interprétation en langue française
- Spiromètre
- Paravent à 3 volet
- Escabeau à 2 marches
 Selon le Brief technique ci-joint. ","2015-12-23 11:36:46","2015-12-04 18:00:00",4346,"2015-12-11 12:00:00",Dossier_14651,"Achat de matériel pour la médecine du travail",https://esuppliers.ocpgroup.org/esop/toolkit/opportunity/opportunityDetail.do?opportunityId=4346,"2016-01-21 23:06:01","2016-01-21 23:06:01",,,0
15929,55.1345,OCP,"AMI pour "Mission Bureau de Contrôle Technopôle LAAYOUNE"","2015-12-23 16:31:44","2015-12-17 18:00:00",4683,"2015-12-21 18:00:00",Dossier_15065,"Mission Bureau de Contrôle Technopôle LAAYOUNE.",https://esuppliers.ocpgroup.org/esop/toolkit/opportunity/opportunityDetail.do?opportunityId=4683,"2016-01-21 23:06:01","2016-01-21 23:06:01",,,0
15930,53.1313,"OCP/ AXE CENTRE /POHOSBOUCRAA","Voir le scope ci-joint.","2015-12-28 09:03:26","2015-12-02 23:00:00",4662,"2015-12-04 23:00:00",Dossier_15025,Habillement,https://esuppliers.ocpgroup.org/esop/toolkit/opportunity/opportunityDetail.do?opportunityId=4662,"2016-01-21 23:06:01","2016-01-21 23:06:01",,,0
15931,15.0338,"OCP / AXE NORD / KHOURIBGA","Fourniture et installation des rayonnages pour ateliers moteurs thermiques et hydrauliques à Khouribga :
- Rayonnages de grande capacité (2 à 3T par casier) pour le stockage des pièces mécanique,
- 04 rayonnages de 09 casiers de 3T . 
- 05 rayonnages de 09  casiers de 2T.","2015-12-07 14:27:55","2015-11-02 18:00:00",3756,"2015-11-09 18:00:00",Dossier_13925,"Fourniture et installation des rayonnages pour ateliers moteurs ther. et hydr.",https://esuppliers.ocpgroup.org/esop/toolkit/opportunity/opportunityDetail.do?opportunityId=3756,"2016-01-21 23:06:01","2016-01-21 23:06:01",,,0
15932,53.1313,"OCP/ AXE CENTRE /PHOSBOUCRAA","Voir le scope ci-joint.","2015-12-28 09:00:29","2015-12-05 23:00:00",4665,"2015-12-07 23:00:00",Dossier_15038,"Hbillement ",https://esuppliers.ocpgroup.org/esop/toolkit/opportunity/opportunityDetail.do?opportunityId=4665,"2016-01-21 23:06:01","2016-01-21 23:06:01",,,0
15933,53.1313,"OCP / AXE NORD / KHOURIBGA","Fourniture d'habillement 
(Selon le BRIEF attaché à la RFI)","2016-01-07 12:14:22","2015-12-25 18:00:00",4738,"2016-01-04 18:00:00",Dossier_15120,"Fourniture d'habillement OIK 2016",https://esuppliers.ocpgroup.org/esop/toolkit/opportunity/opportunityDetail.do?opportunityId=4738,"2016-01-21 23:06:01","2016-01-21 23:06:01",,,0
15934,31.0717,"OCP/Achats Group- CASA","AO_ Accord cadre Adjuvant de filtration (diatomite), ","2015-09-22 08:52:07","2015-08-03 17:52:00",2570,"2015-07-28 17:00:00",Dossier_12465," Accord cadre adjuvant de filtration (diatomite), 3 ans",https://esuppliers.ocpgroup.org/esop/toolkit/opportunity/opportunityDetail.do?opportunityId=2570,"2016-01-21 23:06:01","2016-01-21 23:06:01",,,0
15935,06.0092,"OCP/AXE NORD/KHOURIBGA","Fourniture bande textile suivant caractéristique technique :
*-    COURROIE TRANSPORTEUSE A CARCASSE TEXTILE - ANTI-ABRASION (A) 
         CLASSE 800 LARGEUR = 800 
*-    COURROIE TRANSPORTEUSE A CARCASSE TEXTILE - ANTI-ABRASION (A) 
          CLASSE 1250 LARGEUR = 1200 
*-    COURROIE TRANSPORTEUSE CARCASSE TEXTILE POUR PRODUIT GRAS 
           CLASSE 400 - LARGEUR = 650 SUIVANT FICHE TECHNIQUE 
","2015-08-27 10:57:17","2015-08-05 17:00:00",2769,"2015-08-12 17:00:00",Dossier_12736,"Fourniture bande textile suivant caractéristiques techniques ",https://esuppliers.ocpgroup.org/esop/toolkit/opportunity/opportunityDetail.do?opportunityId=2769,"2016-01-21 23:06:01","2016-01-21 23:06:01",,,0
15936,51.1276,"OCP / AXE NORD / KHOURIBGA","Pièces de rechange DAF :
Fourniture de pièces de rechange marque DAF destinées pour assurer la remise en état des camions de ravitaillement DAF.","2015-09-21 08:35:16","2015-08-07 17:00:00",2880,"2015-08-14 17:00:00",Dossier_12851,"Pièces de rechanges DAF",https://esuppliers.ocpgroup.org/esop/toolkit/opportunity/opportunityDetail.do?opportunityId=2880,"2016-01-21 23:06:01","2016-01-21 23:06:01",,,0
15937,51.1290,"OCP / AXE NORD / KHOURIBGA","Rechanges pour véhicules utilitaires RENAULT :
Selon le BRIEF du projet attaché à la RFI ","2015-10-30 17:29:36","2015-10-07 17:00:00",3781,"2015-10-14 17:00:00",Dossier_13954,"Rechanges pour véhicules utilitaires RENAULT",https://esuppliers.ocpgroup.org/esop/toolkit/opportunity/opportunityDetail.do?opportunityId=3781,"2016-01-21 23:06:01","2016-01-21 23:06:01",,,0
15938,38.0945,"OCP/ACHAT CORPORATE JORF LASFAR","Acquisitions des pièces de rechange pour la maintenance des pompes du complexe JFC1.JORF LASFAR

","2015-12-21 17:05:31","2015-12-18 12:00:00",4778,"2015-12-18 12:00:00",Dossier_15167,"Acquisitions des pièces de rechange pour la maintenance des pompes du complexe J",https://esuppliers.ocpgroup.org/esop/toolkit/opportunity/opportunityDetail.do?opportunityId=4778,"2016-01-21 23:06:01","2016-01-21 23:06:01",,,0
15939,53.1313,"OCP / AXE NORD / KHOURIBGA","Fourniture d'habillement (Vestes en cuir pour chaudronniers soudeurs) 
(Selon le BREIF attaché à la RFI)","2016-01-21 15:33:21","2015-12-22 18:00:00",4717,"2015-12-29 18:00:00",Dossier_15080,"Fourniture d'habillement (Vestes en cuir pour chaudronniers soudeurs)",https://esuppliers.ocpgroup.org/esop/toolkit/opportunity/opportunityDetail.do?opportunityId=4717,"2016-01-21 23:06:01","2016-01-21 23:06:01",,,0
15940,51.1290,"OCP / AXE CENTRE / SAFI","Fourniture des pièces de rechange pour pompes  HIBON -  DAX 6051/15.
Fourniture pour la maintenance des pompes HIBON  de lavage de phosphate , conformément du cahier des charges.
","2015-12-30 08:29:09","2015-10-14 17:00:00",3389,"2015-10-16 18:00:00",Dossier_13452," rechanges HIBON -  DA 19591.",https://esuppliers.ocpgroup.org/esop/toolkit/opportunity/opportunityDetail.do?opportunityId=3389,"2016-01-21 23:06:01","2016-01-21 23:06:01",,,0
15941,14.0297,"OCP / AXE CENTRE / PHOSBOUCRAA","Roulements pour dragline 1370W :
* 20253.09889 Roulement de pignon arbre primaire TORR.170 RU 02
* 20253.09152 Roulement de l'amortisseur  26756925
* 20253.09898 Roulement de l'amortisseur  CONE=5575
* 20253.09156 Roulement supérieur de guidage de la couronne finale d'orientation 26960636
* 20253.00453 Roulement intérieure de l'arbre intermédiaire de drague et levage	26960753
* 20253.01883 Roulement de la poulie verticale supérieure de guide câble  26960540
* 20253.01884 Roulement des poulies du pad lock w126960668.
","2015-10-04 10:12:40","2015-09-09 22:59:00",3373,"2015-09-11 22:59:00",Dossier_13431,"Roulements pour dragline 1370W",https://esuppliers.ocpgroup.org/esop/toolkit/opportunity/opportunityDetail.do?opportunityId=3373,"2016-01-21 23:06:01","2016-01-21 23:06:01",,,0
15942,42.1114,"OCP/ Corporate / Casablanca","Fourniture de robinetterie industrielle  TUFLIN à boisseau sphérique, selon les descriptifs techniques OCP dans le cadre de contrat cadre sur 3ans.
Des vannes de différents type et taille. Les fluides véhiculés: acide phosphorique, vapeur, eaux, acide sulfurique, pulpe de phosphate et soufre.
","2015-12-23 16:25:10","2015-07-24 17:00:00",2583,"2015-08-03 11:00:00",Dossier_12511,"Accord Cadre pour la fourniture de robinetterie industrielle- TUFLIN  -3 ans-",https://esuppliers.ocpgroup.org/esop/toolkit/opportunity/opportunityDetail.do?opportunityId=2583,"2016-01-21 23:06:01","2016-01-21 23:06:01",,,0
15943,13.0230,"OCP / Corporate / Casablanca","Fourniture de câbles métalliques en aciers , diamètre 6 mm à 80 mm , pour engins de manutention ( grues , palans , ponts roulants , Draglines) à l’ensemble des sites OCP","2015-08-04 14:33:18","2015-07-24 17:00:00",2590,"2015-07-29 11:00:00",Dossier_12518,"Accord Cadre pour la fourniture des câbles métalliques pour engins - 3 ans - ",https://esuppliers.ocpgroup.org/esop/toolkit/opportunity/opportunityDetail.do?opportunityId=2590,"2016-01-21 23:06:01","2016-01-21 23:06:01",,,0
15944,15.0338,"OCP/ Achat Corporate / Casablanca","Accord cadre pour :
1/ Lot 1:
Mobilier scolaire destiné aux cycles préscolaire, primaire, collège et lycée : chaises, tables, tableaux, tables informatiques, tabourets, ... ;
Mobilier de bureau : bureaux, fauteuils, tables de réunion, … ;
2/ Lot 2: 
Equipements scolaires: meubles de rangement, présentoirs, banquette, bacs à livres, … ;
Equipements éducatifs : jeux éducatifs, matériel de psychomotricité, … ;
","2015-12-18 12:20:11","2015-12-07 18:00:00",4716,"2015-12-14 18:00:00",Dossier_15101,"Accord cadre pour la fourniture du mobilier et d'équipement scolaires ",https://esuppliers.ocpgroup.org/esop/toolkit/opportunity/opportunityDetail.do?opportunityId=4716,"2016-01-21 23:06:01","2016-01-21 23:06:01",,,0
15945,32.0744,"OCP/ AXE CENTRE/ PHOSBOUCRAA","* 10065.00985: CAILLEBOTI ELECTROFORGE-BARRE PORTANTEDE 30X3MM, GALVANISE A CHAUD AVEC 4 AGRAFES PAR PANNEAU
DIMENSIONS : 1000X600MM
HAUTEUR HORS TOUT : 30MM
MAILLE 30X30MM

","2015-12-23 16:44:44","2015-12-06 23:00:00",4719,"2015-12-08 23:00:00",Dossier_15104,Caillebotis,https://esuppliers.ocpgroup.org/esop/toolkit/opportunity/opportunityDetail.do?opportunityId=4719,"2016-01-21 23:06:01","2016-01-21 23:06:01",,,0
15946,50.1252,"OCP/AXE NORD/KHOURIBGA","AO_12981 - Rechanges pour véhicules utilitaires: 
• Pneus tubeless pour autocars MAN 
• Grande capacité de charge 
• Type : RADIAL
• Dimensions : 295/80 R22.5
• Pneus qui roulent sur les routes régionales (Moyens et Longs trajets).
 • Pays d’origine UE avec certificat d’homologation.
 • Le kilométrage minime est de 80 000 KM par Pneu.
 • Les livraisons doivent être échelonnées selon notre besoin, avec un préavis de 02 jours.
 • Livraison sur les différentes Sites de la SOTREG, à savoir : KHOURIBGA, LAAYOUNE, EL JADIDA, SAFI, EL YOUSSOUFIA et BENGUERIR.
 ","2015-09-23 14:37:38","2015-09-14 11:00:00",3434,"2015-09-18 11:00:00",Dossier_13525,"FOURNITURE DES PNEUS POUR LES AUTOCARS DE LA SOTREG",https://esuppliers.ocpgroup.org/esop/toolkit/opportunity/opportunityDetail.do?opportunityId=3434,"2016-01-21 23:06:01","2016-01-21 23:06:01",,,0
15947,02.0029,"OCP / AXE CENTRE / GANTOUR","CONSISTANCE DES TRAVAUX:
-Etude technique ,  -Gros œuvres.
-Menuiserie bois, métallique et aluminium
-Plomberie
-Electricité
-Enduit et peinture","2015-12-22 15:37:33","2015-07-28 17:00:00",2617,"2015-08-03 17:00:00",Dossier_12556,"Construction d'1magasin compsé de 3 locaux et sanitaire pour le social Ysfia",https://esuppliers.ocpgroup.org/esop/toolkit/opportunity/opportunityDetail.do?opportunityId=2617,"2016-01-21 23:06:01","2016-01-21 23:06:01",,,0
15948,02.0029,"OCP /Axe centre /Gantour","Fourniture, pose et raccordement de séparateurs d'hydrocarbures aux ateliers et aires de lavage du site de Gantour (Travaux de génie civil). 

Consistance des travaux :
- Terrassement et Remblaiement
- Raccordement au réseau d'assainissement et au réseau électrique.
- Pose et mise en marche des séparateurs
- Dallage autour des séparateurs et grille clôturée
- Reprise des revêtements des murs des aires de lavage

Le délai des travaux est de 03 Mois","2015-12-17 17:45:00","2015-08-31 15:00:00",3001,"2015-09-02 15:00:00",Dossier_12990,ANNULE,https://esuppliers.ocpgroup.org/esop/toolkit/opportunity/opportunityDetail.do?opportunityId=3001,"2016-01-21 23:06:01","2016-01-21 23:06:01",,,0
15949,25.0542,"OCP / Corporate / Casablanca ","Fourniture des pièces de rechange pour agitateur ROBIN selon les descriptifs techniques OCP dans le cadre de contrat cadre sur 3ans.
Des vannes de différents type et taille. Les fluides véhiculés: bouillie d’acide phosphorique, acide phosphorique, vapeur, eaux, acide sulfurique, pulpe de phosphate.
","2015-11-17 15:15:03","2015-08-08 15:00:00",2578,"2015-08-10 11:00:00",Dossier_12503,"Accord Cadre pour la fourniture des rechanges pour Agitateurs ROBIN  -3ans-",https://esuppliers.ocpgroup.org/esop/toolkit/opportunity/opportunityDetail.do?opportunityId=2578,"2016-01-21 23:06:01","2016-01-21 23:06:01",,,0
15950,41.1054,OCP/Corporate/Casablanca,"Fourniture de robinetterie industrielle selon les descriptifs techniques OCP dans le cadre de contrat cadre sur 3ans.
Des vannes de différents type et taille. Le fluide véhiculé: Vapeur.
","2015-12-23 16:59:43","2015-07-24 17:00:00",2580,"2015-08-03 11:00:00",Dossier_12504,"Accord cadre pour la fourniture de robinetterie industrielle circuit vapeur-3ans",https://esuppliers.ocpgroup.org/esop/toolkit/opportunity/opportunityDetail.do?opportunityId=2580,"2016-01-21 23:06:01","2016-01-21 23:06:01",,,0
15951,21.0434,"OCP/AXE NORD/KHOURIBGA","Fourniture des outillages IMPERO :
 - Outil avec tolérance H7  STZ  08-08 H7 
 - Outil avec tolérance H7  STZ  10-10 H7 
 - Outil avec tolérance H7  STZ  12-12 H7
 - Outil avec tolérance H7  STZ  14-14 H7
","2015-12-07 17:31:47","2015-07-24 17:00:00",2656,"2015-07-31 17:00:00",Dossier_12588,"Fourniture des outillages IMPERO ",https://esuppliers.ocpgroup.org/esop/toolkit/opportunity/opportunityDetail.do?opportunityId=2656,"2016-01-21 23:06:01","2016-01-21 23:06:01",,,0
15952,31.0713,"OCP/achats groupe/CASA","Ao_Ouvert Accord cadre pour la fourniture Argile ","2015-08-13 13:33:58","2015-08-05 17:00:00",2659,"2015-08-06 17:00:00",Dossier_12607,"Accord cadre pour la fourniture Argile-3 ANS-",https://esuppliers.ocpgroup.org/esop/toolkit/opportunity/opportunityDetail.do?opportunityId=2659,"2016-01-21 23:06:01","2016-01-21 23:06:01",,,0
15953,25.0586,"OCP/AXE NORD/KHOURIBGA","Rechanges KRUPP
pour la révision des réducteurs de la rue à godets marque KRUPP, type K2P1020, installés sur les roues pelles RP2 et RP3 de COZ.
","2015-10-20 13:50:20","2015-09-01 17:00:00",3228,"2015-09-09 17:00:00",Dossier_13267,"Rechanges KRUPP",https://esuppliers.ocpgroup.org/esop/toolkit/opportunity/opportunityDetail.do?opportunityId=3228,"2016-01-21 23:06:01","2016-01-21 23:06:01",,,0
15954,38.0926,"OCP / corporate / casablanca","Fourniture des pièces de rechange pour Pompes RATEAU selon les descriptifs techniques OCP dans le cadre de contrat cadre sur 3ans.
Des pompes de différents type, fluide véhiculé l’eau brute et l’eau de mer.
","2015-10-07 15:35:25","2015-07-24 17:00:00",2582,"2015-08-03 11:00:00",Dossier_12510,"Accord cadre pour la fourniture des pièces de rechange des pompes RATEAU -3ans-",https://esuppliers.ocpgroup.org/esop/toolkit/opportunity/opportunityDetail.do?opportunityId=2582,"2016-01-21 23:06:01","2016-01-21 23:06:01",,,0
15955,24.0503,"OCP / corporate / casablanca","Fourniture des articles pour  les filtres industrielles selon les descriptifs techniques OCP dans le cadre de contrat cadre sur 3ans.
Des filtres pour la filtration de la bouillie  d’acide phosphorique, des filtres pour l’arrêt de la poussières phosphate vers l’atmosphère, des filtres rotatif pour la filtration des algues et d’autres filtres industrielles","2015-09-17 08:07:17","2015-08-05 15:00:00",2589,"2015-08-05 15:00:00",Dossier_12519,"Accord cadre pour la fourniture des articles pour les filtres industriels -3ans-",https://esuppliers.ocpgroup.org/esop/toolkit/opportunity/opportunityDetail.do?opportunityId=2589,"2016-01-21 23:06:01","2016-01-21 23:06:01",,,0
15956,32.0754,OCP,"Fabrication et fourniture des pièces d’usinage et de chaudronnerie, selon les spécifications techniques objet des plans OCP","2015-12-22 12:39:17","2015-09-11 21:00:00",3127,"2015-09-14 11:00:00",Dossier_13144,"Accord cadre pour la fourniture d'usinage et de chaudronnerie suivant plan -3ans",https://esuppliers.ocpgroup.org/esop/toolkit/opportunity/opportunityDetail.do?opportunityId=3127,"2016-01-21 23:06:01","2016-01-21 23:06:01",,,0
15957,98.9983,"OCP/Achats Corporate / Casablanca","Le Groupe OCP organise un appel d’offres ouvert pour sélectionner les agences de voyages offrant les meilleures conditions tarifaires de séjours au profit de ses collaborateurs et leurs familles à charge, dans le cadre d’une convention annuelle regroupant quelques 250 établissements touristiques au Royaume du Maroc (Hôtels, Clubs et Résidences de vacances) et ce, conformément aux dispositions du cahier des charges établi à cet effet.
Ces agences doivent gérer le processus de réservation depuis la demande jusqu’à la concrétisation du séjour","2015-10-23 10:01:12","2015-10-08 09:00:00",3661,"2015-10-08 11:00:00",Dossier_13756,"CONVENTION HOTELIERE 2016",https://esuppliers.ocpgroup.org/esop/toolkit/opportunity/opportunityDetail.do?opportunityId=3661,"2016-01-21 23:06:01","2016-01-21 23:06:01",,,0
15958,38.0895,"OCP / DIRECTION EXECUTIVE OPERATIONS INDUSTRIELLES  / Gantour","Fournitures des pompes - dorr oliver","2015-12-08 09:08:53","2015-09-29 17:00:00",3500,"2015-09-30 17:00:00",Dossier_13613,"Fournitures des pompes - dorr oliver (annulé)",https://esuppliers.ocpgroup.org/esop/toolkit/opportunity/opportunityDetail.do?opportunityId=3500,"2016-01-21 23:06:01","2016-01-21 23:06:01",,,0
15959,41.1051,"OCP/AXE NORD/JORF LASFAR","Etanchement des fuites de vapeur au niveau des presses étoupe des vannes, des entres-brides et aux cordons de soudure  sur les conduites de diamètre nominal 15 mm jusqu'à 450 mm par la réalisation d’un collier 
","2016-01-06 16:17:20","2015-11-16 18:00:00",3219,"2015-11-16 18:00:00",Dossier_13257,"Travaux de colmatage en marche des fuites de vapeur et eau alimentaire à JFC V ",https://esuppliers.ocpgroup.org/esop/toolkit/opportunity/opportunityDetail.do?opportunityId=3219,"2016-01-21 23:06:01","2016-01-21 23:06:01",,,0
15960,02.0029,"OCP / Direction Exécutive Opérations Industrielles / Gantour","Fourniture et installation de 06 guérites déplaçables dont chaque une contient 02 toilettes et 01 lave mains, destinés aux chantiers de la mine Youssoufia.

Consistance des travaux : 
- Longueur : 3000 mm
- Largeur : 2000 mm
- Hauteur : 2500 mm

Le délai de réalisation est de 06 mois (réalisation et montage)","2016-01-05 10:46:14","2015-10-12 17:00:00",3727,"2015-10-13 17:00:00",Dossier_13855,Annulé,https://esuppliers.ocpgroup.org/esop/toolkit/opportunity/opportunityDetail.do?opportunityId=3727,"2016-01-21 23:06:01","2016-01-21 23:06:01",,,0
15961,06.0095,"OCP /AXE NORD /KHOURIBGA","Fourniture de rouleaux de parcours, selon le brief du projet ci joint","2015-11-16 08:15:36","2015-10-12 17:00:00",3793,"2015-10-19 17:00:00",Dossier_13969,"Fourniture de rouleaux de parcours",https://esuppliers.ocpgroup.org/esop/toolkit/opportunity/opportunityDetail.do?opportunityId=3793,"2016-01-21 23:06:01","2016-01-21 23:06:01",,,0
15962,48.1198,"OCP / AXE CENTRE / PHOSBOUCRAA","Rechange accouplement Citroën :
Le présent projet consiste à livrer des accouplements Citroën nécessaire pour la révision du système de cavage et retrait des pelles 195B à la mine BOUCRAA.

Caractéristiques 
PELLES
Type           : 195B
Marque      : BUCYRUS-ERI
N° de série : 133768-134449
","2015-10-04 11:07:13","2015-09-09 22:00:00",3390,"2015-09-11 22:00:00",Dossier_13445,"Rechange accouplement Citroën",https://esuppliers.ocpgroup.org/esop/toolkit/opportunity/opportunityDetail.do?opportunityId=3390,"2016-01-21 23:06:01","2016-01-21 23:06:01",,,0
15963,02.0024,"OCP/Achats groupe- CASA","Achat Des Pièces De Rechanges Pour Climatisation, ventilation et chauffage,
","2015-10-14 10:54:14","2015-10-12 09:00:00",3594,"2015-10-13 09:00:00",Dossier_13733,"Accord cadre pour la fourniture Climatisation, ventilation et chauffage",https://esuppliers.ocpgroup.org/esop/toolkit/opportunity/opportunityDetail.do?opportunityId=3594,"2016-01-21 23:06:01","2016-01-21 23:06:01",,,0
15964,20.0399,"OCP /AXE CENTRE / PHOSBOUCRAA","* PORT OUTIL DROIT DIAM 12*100MM	 SUPERCOMBINATA 800
* PORT OUTIL GAUCHE DIAM 12*60MM SUPERCOMBINATA 486
* BOITE DE 10 PLAQUETTES SUPERCOMBINATA 578
* JEU DE CLES  SUPERCOMBINATA 637
* SUPPORT POUR COMPARATEURSUPERCOMBINATA 457
* PLATEAU SUPPORT D'ALESAGE DE DIA 250 A 500 MM SUPERCOMBINATA 656
","2015-11-10 09:42:23","2015-09-29 22:00:00",3829,"2015-10-01 22:00:00",Dossier_13992,Outillages,https://esuppliers.ocpgroup.org/esop/toolkit/opportunity/opportunityDetail.do?opportunityId=3829,"2016-01-21 23:06:01","2016-01-21 23:06:01",,,0
15965,02.0026,OCP,"AMI Construction d’une base de vie en blocs modulaires à Benguérir ","2015-11-27 13:51:41","2015-11-16 18:00:00",4457,"2015-11-20 18:00:00",Dossier_14777,"Construction d’une base de vie en blocs modulaires à Benguérir",https://esuppliers.ocpgroup.org/esop/toolkit/opportunity/opportunityDetail.do?opportunityId=4457,"2016-01-21 23:06:01","2016-01-21 23:06:01",,,0
15966,15.0338,"OCP/ Achats Corporate/ JORF LASFAR ","Achat du salon pour la salle d’attente, les tableaux d’affichage, coffre-fort , Support pour tableau, Tableau chevalet mobile et des accessoires pour administration  AFC.","2015-12-04 14:32:50","2015-10-17 18:00:00",3816,"2015-10-19 18:00:00",Dossier_13980,"achat complément mobilier de bureau administration",https://esuppliers.ocpgroup.org/esop/toolkit/opportunity/opportunityDetail.do?opportunityId=3816,"2016-01-21 23:06:01","2016-01-21 23:06:01",,,0
15967,09.0164,"OCP / AXE CENTRE / PHOSBOUCRAA","Acquisition de 08 (huit) Transformateurs de puissance pour PHOSBOUCRAA:
-01 Transformateur de puissance triphasé 6300KVA 30/6KV
-01 Transformateur de puissance triphasé 1600KVA 6KV/380V
-01 Transformateur de puissance triphasé 500KVA 6KV/380V
-Des Transformateurs de commande 380/220V
","2015-12-14 14:35:47","2015-10-26 18:00:00",4071,"2015-10-28 18:00:00",Dossier_14298,"08 Transformateurs de puissance. ",https://esuppliers.ocpgroup.org/esop/toolkit/opportunity/opportunityDetail.do?opportunityId=4071,"2016-01-21 23:06:01","2016-01-21 23:06:01",,,0
15968,25.0556,"OCP/ AXE CENTRE/ PHOSBOUCRAA","Pieces de rechanges pour Sondeuse PV275E:

Marque : Sondeuse PV275E
N° de série : 4486
Modèle : 2010
","2015-11-24 14:23:31","2015-10-26 23:00:00",4073,"2015-10-28 23:00:00",Dossier_14301,"Pièces de rechange Sondeuse PV275E ",https://esuppliers.ocpgroup.org/esop/toolkit/opportunity/opportunityDetail.do?opportunityId=4073,"2016-01-21 23:06:01","2016-01-21 23:06:01",,,0
15969,36.0845,"OCP/ AXE CENTRE/ PHOSBOUCRAA","*10003.01490: Plaque en téflon anti colmatant	
	Plaque en polyéthylène HD
","2015-10-23 14:10:03","2015-10-18 22:00:00",3983,"2015-10-20 22:00:00",Dossier_14202,"Plaques en polyéthylène HD",https://esuppliers.ocpgroup.org/esop/toolkit/opportunity/opportunityDetail.do?opportunityId=3983,"2016-01-21 23:06:01","2016-01-21 23:06:01",,,0
15970,02.0029,"OCP / OPERATIONS INDUSTRIELLES / KHOURIBGA","Construction d’un local pour magasin et archive d’OIK/GP à GROUNI :

• Etudes géotechniques ;
 • Éléments de béton armé ;
 • Plomberie ;
 • Assainissement ;
 • Etude de perméabilité de sol pour puits perdus ;
 • Electricité ;
 • Menuiserie ;
 • Etanchéité;
 • Equipements divers, ","2016-01-06 11:59:46","2015-11-23 18:00:00",4466,"2015-11-23 18:00:00",Dossier_14790,"Construction d’un local pour archive d’OIK/GP à GROUNI et Aménagements Divers",https://esuppliers.ocpgroup.org/esop/toolkit/opportunity/opportunityDetail.do?opportunityId=4466,"2016-01-21 23:06:01","2016-01-21 23:06:01",,,0
15971,23.0470,"OCP / CORPORATE / CASABLANCA","Selection d’un prestataire pour accompagner la Direction  des Systèmes d’Information  du Groupe OCP dans le déploiement des processus ITIL en mode forfaitisé.
 Il décrit les besoins et les attentes du GROUPE OCP pour une prestation visant à :
 ?- Etendre les périmètres actuels des processus ITIL déployés et améliorer leur niveau de maturité ;
 ?- Déployer les processus déjà initiés ;
 ? - Mettre en place de nouveaux processus notamment celui d’amélioration continue pour assurer la pérennisation de ces outils ;
 ?- Structurer l’organisation et la gouvernance de ses processus pour atteindre les objectifs escomptés.
   ","2016-01-12 15:02:52","2015-12-27 23:00:00",4105,"2015-12-29 12:00:00",Dossier_14333,"Accompagnement de la DSI pour le déploiement des processus ITIL ",https://esuppliers.ocpgroup.org/esop/toolkit/opportunity/opportunityDetail.do?opportunityId=4105,"2016-01-21 23:06:01","2016-01-21 23:06:01",,,0
15972,14.0282,"OCP SA / AXE NORD / KHOURIBGA","FOURNITURE DES PIÈCES DE RECHANGE PH DESTINÉES POUR ASSURER:
LES ENTRETIENS SYSTÉMATIQUES ET LE DÉPANNAGE PELLE PH.
LA REMISE EN ÉTAT DES CABINES DES ROUES-PELLES ET STOCKEUSES.
LA LONGÉVITÉ DES COMPRESSEURS DU LOCOTRACTEUR ET ENGINS.
","2016-01-18 14:44:08","2015-12-08 18:00:00",4585,"2015-12-15 18:00:00",Dossier_14929,"Fourniture des pièces de rechanges PH",https://esuppliers.ocpgroup.org/esop/toolkit/opportunity/opportunityDetail.do?opportunityId=4585,"2016-01-21 23:06:01","2016-01-21 23:06:01",,,0
15973,47.1175,"OCP/AXE CENTRE PHOSBOCRAA","Voir le scope ci-joint","2015-12-23 17:00:55","2015-11-30 23:00:00",4620,"2015-12-03 23:00:00",Dossier_14979,"Rechange Reducteur BREVINI",https://esuppliers.ocpgroup.org/esop/toolkit/opportunity/opportunityDetail.do?opportunityId=4620,"2016-01-21 23:06:01","2016-01-21 23:06:01",,,0
15974,11.0210,"OCP / AXE NORD / KHOURIBGA","Achat de miniréfrigérateurs et minibars : 

1) Achat de 04 Minibars : 
- volume de 55 litres;
- Balconnets contre-porte;
- Classe d'efficacité énergétique A+;
- Classe climatique N-ST;
- Garantie : 12 mois.

 2) Achat de 13 mini-réfrigérateurs : 
 - Type : Mini-bar silencieux;
 - Capacité 40 à 50 litres;
 - Alimentation 220 V;
- Dégivrage automatique;
- Poids : moins de 20 Kg
- Garantie : 12 mois.","2016-01-18 10:49:02","2015-12-14 18:00:00",4725,"2015-12-21 18:00:00",Dossier_15106,"Achat des miniréfrigérateurs et minibars",https://esuppliers.ocpgroup.org/esop/toolkit/opportunity/opportunityDetail.do?opportunityId=4725,"2016-01-21 23:06:01","2016-01-21 23:06:01",,,0
15975,16.0350,"OCP / AXE NORD / KHOURIBGA","Travaux de création et de maintenance des espaces verts au laboratoire Parc El Wafi - Secteur Daoui
- Fourniture et mise en place de nouvelle terre végétale,
- Fourniture et plantation de nouvelles pelouses par du gazon en boutures,
- Fourniture et plantation des massifs de rosiers, bulbes, fleurs de saison ou vivaces,
- Fourniture et plantation d’arbustes et arbres d’ornement haute tige, de haies et plantes de bordure,
- Fourniture et plantation des palmiers d’ornement,
- Tonte mécanique du gazon,
- Arrosage des pelouses, arbres, arbustes, haie, massifs, plate-bandes etc.…
- Binage, désherbage et sarclage des massifs et des cuvettes des palmiers, arbres et arbustes,
- Taille des palmiers, des rosiers, des plantes de haies, taille et drageonnage des arbres,
- Fourniture et traitement contre les parasites et les maladies des végétaux,
- Fourniture et épandage de fertilisants de fond et de couverture,
- Gardiennage du chantier de plantation. 
- Fourniture et pose de bordurette et pavé.

Durée du marché : 24 mois","2015-12-14 16:40:53","2015-11-27 18:00:00",4539,"2015-12-04 18:00:00",Dossier_14860,"Travaux de création et de maintenance des espaces verts laboratoire Parc El Wafi",https://esuppliers.ocpgroup.org/esop/toolkit/opportunity/opportunityDetail.do?opportunityId=4539,"2016-01-21 23:06:01","2016-01-21 23:06:01",,,0
15976,50.1252,"OCP /  AXE NORD / KHOURIBGA","Fourniture des pneus pour véhicules de servitude et engins de OIK 
(Selon le BRIEF attaché à la RFI)","2016-01-21 15:39:49","2015-12-18 18:00:00",4761,"2015-12-25 18:00:00",Dossier_15139,"Pneus pour véhicules et engins",https://esuppliers.ocpgroup.org/esop/toolkit/opportunity/opportunityDetail.do?opportunityId=4761,"2016-01-21 23:06:01","2016-01-21 23:06:01",,,0
15977,09.0149,"OCP/Achat Corporate/JorfLasfar","Acquisition de la fourniture électrique pour le complexe JFC1  à Jorf Lasfar
","2016-01-08 17:01:07","2015-12-18 12:00:00",4777,"2015-12-18 12:00:00",Dossier_15168,"Acquisition de la fourniture électrique pour le complexe JFC1 à Jorf Lasfar",https://esuppliers.ocpgroup.org/esop/toolkit/opportunity/opportunityDetail.do?opportunityId=4777,"2016-01-21 23:06:01","2016-01-21 23:06:01",,,0
15978,50.1255,"OCP / AXE NORD / KHOURIBGA","Achat de 04 ambulances médicalisées 
Fourniture de 04 ambulances médicalisées Conformément aux exigences des standards HSE ","2015-12-08 07:47:04","2015-11-19 18:00:00",4570,"2015-11-20 12:00:00",Dossier_14908,"Achat de 04 ambulances médicalisées ",https://esuppliers.ocpgroup.org/esop/toolkit/opportunity/opportunityDetail.do?opportunityId=4570,"2016-01-21 23:06:01","2016-01-21 23:06:01",,,0
15979,04.0073,"OCP / AXE CENTRE / SAFI","Réparation et remise en état des 02 onduleurs de marque SCHNEIDER DA 19500 ","2016-01-19 08:55:19","2016-01-23 19:00:00",5083,"2016-01-27 19:00:00",Dossier_15270,"Réparation et remise en état des 02 onduleurs de marque SCHNEIDER DA 19500",https://esuppliers.ocpgroup.org/esop/toolkit/opportunity/opportunityDetail.do?opportunityId=5083,"2016-01-21 23:06:01","2016-01-21 23:06:01",,,0
15980,08.0123,"OCP/Achats Groupe/Casa","Accord cadre pour la fourniture BIG BAG -3 ANS- ","2015-12-22 12:26:48","2015-11-16 12:00:00",2663,"2015-11-16 12:00:00",Dossier_12612,"Accord cadre pour la fourniture BIG BAG -3 ANS-",https://esuppliers.ocpgroup.org/esop/toolkit/opportunity/opportunityDetail.do?opportunityId=2663,"2016-01-21 23:06:01","2016-01-21 23:06:01",,,0
15981,98.9983,"OCP / DIRECTION EXECUTIVE OPERATIONS INDUSTRIELLES / GANTOUR","Excursions à AGADIR:

* Dates prestations : 
-	1er groupe le 06, 07 et 08/11/2015
-	2ème groupe le 13, 14 et 15/11/2015
* Nombre d’effectif : 120 pax (60 pax par groupe)
* Prestations : Séjours de 02 nuitées en pension complète à l’hôtel + sortie et 01 déjeuner en bateau

Escapde à OUALIDYA:

* Date prestation: 31/10/2015
* Nombre d'effectif: 100 pax
* Prestation:
- Restauration (Petit déjeuner + déjeuner + Gouter )
- Accès à la piscine, Accès à la mer, location VTT
 ","2015-10-22 09:07:04","2015-10-13 17:00:00",3986,"2015-10-14 11:00:00",Dossier_14206,"Prestation hôtelière et Escapade pour personnel OCP",https://esuppliers.ocpgroup.org/esop/toolkit/opportunity/opportunityDetail.do?opportunityId=3986,"2016-01-21 23:06:01","2016-01-21 23:06:01",,,0
15982,23.0472,"OCP/ AXE CENTRE /PHOSBOUCRAA","20226.01422	MICROPHONE
20226.01423	CARTE FLEX
20226.01424	CONDENSATEUR 33PF
20226.01429	MAINTIEN DU HAUT-PARLEUR
20226.01425	VIS DE FIXATION
20226.01464	CARTE PRINCIPALE
20226.01651	NAPPE POUR GP360
20226.01606	COUSSINET
20226.01607	JOINT
20226.01427	JOINT
20226.01657	BATTERIE
20226.01540	CHARGEUR DE BATTERIE
20226.01493	CARTE DU CLAVIER
20226.01633	ADAPTEUR RF
20226.01570	EXTRACTEUR
20226.01560	BOITIER AVANT AVEC JOINT
20226.01561	BOUTON VOLUME
20226.01563	TUBE HAUT PARLEUR
20226.01564	CLAVIER AVEC TOUCHE
20226.01574	VERRE CRISTAUX
20226.01572	CADRE CRISTAUX
20226.01565	CONNECTEUR ELASTOMERE
20226.01566	CADRE AR AVEC JOINT ET PINCE
20226.01567	CARTE CIRCUIT IMPRIMES
20226.01568	POTENTIOMETRE PUSH
20226.01531	10 PIN MICRPHO JACK
20226.01569	FLES 12 CONTACTS
20226.01411	MINI-UHF TO BNC ANTEN.ADA
20226.01577	CONNECTEUR BNC MALE
20226.01584	CONNECTEUR MALE VHF STANDARD
20226.01594	CABLE DE PROGRAMATION POUR RADIO GM 360
20226.00733	ANTENNE 50 OHMS
20226.01394	TIGE D'ANTENNE FOUET
20226.01593	CARTE ELECTRONIQUE POUR GP340
20226.01530	CONTROLE HEAD GM340
20226.01648	CACHE DES TOUCHES
20226.01644	TOUCHE GP360
20226.01645	COUSSINET POUR LCD
20226.01647	COUSSINET ARRIERE POUR LCD
20226.01653	TANAPA GM360
20226.01640	ELIMINATEUR BOÏTIER (COURT)
20226.01400	CABLE D'ALIMENTATION
20226.01553	JOINT TETE DE COMMANDE
20226.01552	CONNECTEUR D'ALIMENTATION
20226.01559	VIS T20
20226.01608	ANTENNE
20226.01604	CARTE
20226.01413	BOUTON VOLUME
20226.01603	CARTE
20226.01605	JOINT
20226.01659	CACHE LED TX
20226.01415	HOUSSE DE PROTECT. + VIS
20226.01416	CARTE FLEX UNIVERSEL
20226.01417	COUVERCLE AVANT
20226.01458	COUVERCLE SUPERIEUR
20226.01419	LOGEMENT DE L'ALTERNAT
20226.01420	FILTRE HAUT-PARLEUR
20226.01621	BOUTON D'ALTERNAT POUR MICROPHONE
20226.01421	HAUT-PARLEUR
20226.01414	BOUTON FREQUENCE
20226.01643	COUVERCLE AVANT
20226.01660	ETIQUETTE FRONTALE GP340
20226.01646	LCD MODULE
","2015-11-10 10:16:59","2015-10-19 22:00:00",3999,"2015-10-21 22:00:00",Dossier_14216,"Recharges MOTOROLA",https://esuppliers.ocpgroup.org/esop/toolkit/opportunity/opportunityDetail.do?opportunityId=3999,"2016-01-21 23:06:01","2016-01-21 23:06:01",,,0
15983,09.0141,"OCP/AXE NORD/KHOURIBGA","Acquisition de :
* Multimètres numériques étanches ;
* Instruments de test  ; 
   * Testeurs de qualification Câble  ; 
   * Détecteurs de défaut sur câble  ; 
   * Sondes et générateurs de tonalités analogiques  ; 
   * Testeurs de batterie; 
   * Testeurs de boucle haut débit  ;
   * deux Pinces multimètres digitaux  ; 
   * Localisateur de câbles; 
   *Coffret complet d’outils de préparation de câble HT ;       
   * Valises d’électricien ;
  * Multimètres numérique 4 à 20mA.
","2015-11-25 07:38:17","2015-11-04 18:00:00",4203,"2015-11-11 18:00:00",Dossier_14453,"Acquisition outillage",https://esuppliers.ocpgroup.org/esop/toolkit/opportunity/opportunityDetail.do?opportunityId=4203,"2016-01-21 23:06:01","2016-01-21 23:06:01",,,0
15984,47.1177,"OCP/Axe centre/Phosboucraa","Roulements pour Dragline BUCYRUS :
Voir "scope" ci-joint.","2015-10-29 16:58:55","2015-09-05 17:00:00",3283,"2015-09-07 17:00:00",Dossier_13297,"Roulements pour Dragline BUCYRUS.",https://esuppliers.ocpgroup.org/esop/toolkit/opportunity/opportunityDetail.do?opportunityId=3283,"2016-01-21 23:06:01","2016-01-21 23:06:01",,,0
15985,98.9990,"Achats Groupe Corporate/ Casablanca","Le projet a pour but de lancer un appel d’offres ouvert pour sélectionner les prestataires de services offrant des conditions d’hébergement , de séjours et d’activités dédiées aux colonies de vacances au Maroc durant la période allant du 25 juin au 02 septembre 2016, 2017 et 2018 , en faveur des enfants (garçon et filles) âgés de 8 à 14 ans.","2015-11-25 09:50:53","2015-11-19 18:00:00",4365,"2015-11-20 18:00:00",Dossier_14602,"Location des Colonies de vacances ",https://esuppliers.ocpgroup.org/esop/toolkit/opportunity/opportunityDetail.do?opportunityId=4365,"2016-01-21 23:06:01","2016-01-21 23:06:01",,,0
15986,44.1142,"OCP / JORF LASFAR","FOURNITURE DE PROTECTION DES POSTES ELECTRIQUES","2015-12-15 12:49:17","2015-12-24 23:00:00",4860,"2015-12-24 23:00:00",Dossier_15261,ANNULE,https://esuppliers.ocpgroup.org/esop/toolkit/opportunity/opportunityDetail.do?opportunityId=4860,"2016-01-21 23:06:01","2016-01-21 23:06:01",,,0
15987,16.0351,"OCP / AXE NORD / KHOURIBGA","Achat d'un appareil de désherbage et nettoyage HP avec accessoires de caractéristiques suivantes :

Utilisation     : Désherbage et Lavage HP;
Motorisation : Essence ou Diesel;
Pression       : 20 / 110 Bar;
Température : 135 / 80 °C;
Données techniques : 
- 1 Moteur essence ou diesel à démarrage électrique 9.5 cv
- 1 Chaudière verticale avec sécurité brûleur 
- 1 Pompe à pistons céramiques 
- 1 Réservoir gasoil plastique 22 litres 
- 1 Remorque PTAC 750Kg avec frein à main
- 1 Cuve plastique jaune 500L pour eau;
Poids : 750Kg;
Dotation : Spécial désherbage : 
1 lance, 1 enrouleur manuel avec 15m de 
flexible et lance avec sabot   
Spécial Lavage : 
1 lance, 10m flexible HP bleu
Accessoires à livrer avec l’appareil :
01 Roue de secours
04 icones de signalisation 

Délai de livraison : 02 mois","2016-01-21 08:37:05","2016-01-27 18:00:00",4872,"2016-01-27 18:00:00",Dossier_15280,"Achat d'un appareil de désherbage et nettoyage HP ",https://esuppliers.ocpgroup.org/esop/toolkit/opportunity/opportunityDetail.do?opportunityId=4872,"2016-01-21 23:06:01","2016-01-21 23:06:01",,,0
15988,13.0231,"OCP / AXE CENTRE / PHOSBOUCRAA","Fourniture, installation,et mise en service des équipements électriques, dragline PEABODY","2015-08-12 16:30:41","2015-07-24 17:00:00",2453,"2015-07-27 17:00:00",Dossier_12314,"Fourniture, installation, mise en sce équipements électriques, dragline PEABODY",https://esuppliers.ocpgroup.org/esop/toolkit/opportunity/opportunityDetail.do?opportunityId=2453,"2016-01-21 23:06:01","2016-01-21 23:06:01",,,0
15989,06.0091,"OCP / AXE NORD / KHOURIBGA","Fourniture bande métallique suivant caractéristique technique :
-   COURROIE TRANSPORTEUSE A CARCASSE METALLIQUE - ANTI-ABRASION (A) 
CLASSE 1600 - LARGEUR 1600
","2015-08-26 15:37:45","2015-08-05 17:00:00",2762,"2015-08-12 17:00:00",Dossier_12723,"Fourniture bande métallique suivant caractéristique technique ",https://esuppliers.ocpgroup.org/esop/toolkit/opportunity/opportunityDetail.do?opportunityId=2762,"2016-01-21 23:06:01","2016-01-21 23:06:01",,,0
15990,08.0122,"OCP/AXE Centre/Phosboucraa","Articles de consignation :
Voir le SCOPE ci-joint.","2015-12-10 15:27:49","2015-11-30 23:00:00",4542,"2015-12-02 23:00:00",Dossier_14879,"Articles de consignation",https://esuppliers.ocpgroup.org/esop/toolkit/opportunity/opportunityDetail.do?opportunityId=4542,"2016-01-21 23:06:01","2016-01-21 23:06:01",,,0
15991,44.1140,"OCP / AXE NORD / KHOURIBGA","Fourniture et installation de 20 barrières au site de Khouribga ;
 ?- 10 Barrières à deux bras de 4m à 6m.
 ?- 10 Barrières d’un seul bras de 4m à 6m.
 Fourniture de 16 bras pour barrière de 4m à 6m. 
Selon le Brief technique joint à la RFI","2016-01-19 15:40:48","2015-12-03 18:00:00",4543,"2015-12-10 18:00:00",Dossier_14878,"Fourniture et installation de 20 barrières et fourniture de 16 bras",https://esuppliers.ocpgroup.org/esop/toolkit/opportunity/opportunityDetail.do?opportunityId=4543,"2016-01-21 23:06:01","2016-01-21 23:06:01",,,0
15992,15.0336,"OCP / AXE NORD / KHOURIBGA","Achat de deux imprimantes et deux encodeurs pour badges :
1) Achat de deux imprimantes de badges individuels :
- Panneau de contrôle LCD;
- Lecteur HID, lecture/écriture;
- Bac d'entrée automatique de 200 cartes avec une insertion manuelle pour des cartes urgentes;
- Cartouche d'alimentation rechargeable avec un rouleau de nettoyage;
- Impression Recto/Verso;
- Connexions Ethernet et USB;
-Bac de sortie 100 cartes;
- Bac de rejet;
- Détection automatique d'absence de cartes;
- Réglages des couleurs avec aperçu avant impression;
- Pilotes Windows compatible avec Windows OCP;
- Garantie pour l'imprimane;
- Garantie pour la tête d'impression;
- Logiciel d'édition des badges compatible avec Windows OCP.

2) Achat de deux encodeurs de badges :
- Lecteur HID, lecture/écriture compatible avec l'imprimante DATACARD CD800.
Selon les BRIEFS techniques attachés à la RFI ","2015-12-14 09:31:58","2015-11-25 18:00:00",4517,"2015-12-02 18:00:00",Dossier_14811,"Achat de deux imprimantes et deux encodeurs pour badges",https://esuppliers.ocpgroup.org/esop/toolkit/opportunity/opportunityDetail.do?opportunityId=4517,"2016-01-21 23:06:01","2016-01-21 23:06:01",,,0
15993,06.0090,"OCP/ AXE CENTRE / PHOSBOUCRAA","Voir la Fich technique ci-joint.","2016-01-07 09:43:56","2015-12-15 23:00:00",4783,"2015-12-14 23:00:00",Dossier_15175,"KIT DE JONCTION",https://esuppliers.ocpgroup.org/esop/toolkit/opportunity/opportunityDetail.do?opportunityId=4783,"2016-01-21 23:06:01","2016-01-21 23:06:01",,,0
15994,51.1290,"OCP / AXE CENTRE / SAFI","Rechanges pour camions Renault KERAX 340
","2015-12-07 16:49:55","2015-09-15 17:00:00",3374,"2015-09-17 18:00:00",Dossier_13434,"Rechanges  HIBON DA 6051",https://esuppliers.ocpgroup.org/esop/toolkit/opportunity/opportunityDetail.do?opportunityId=3374,"2016-01-21 23:06:01","2016-01-21 23:06:01",,,0
15995,33.0770,"OCP / AXE NORD / KHOURIBGA"," Acquisition  d'un système de nettoyage hydraulique haute pression :
Le système est composé de quatre parties principale à savoir: motopompe, citerne, remorque et accessoires
 Caractéristiques techniques du système :
 * Motopompe à haute pression avec moteur diesel et pompe centrifuge, suivant les caractéristique :
 - la hauteur manométrique = 30m
 - Pression = 6 bar
 - Débit = 60 m3/h max, doit être réglable selon le besoin
 * Une citerne en plastiques Renforcés Fibre de Verre de capacité 2,25 M3
 * Flexible d’aspiration et de refoulement
 * Remorque industrielle tractable ,en acier avec un seul essieu pour transporter le KIT ","2015-12-07 13:49:28","2015-11-27 18:00:00",4494,"2015-12-03 16:00:00",Dossier_14808,"Acquisition d'un système de nettoyage hydraulique haute pression  ",https://esuppliers.ocpgroup.org/esop/toolkit/opportunity/opportunityDetail.do?opportunityId=4494,"2016-01-21 23:06:01","2016-01-21 23:06:01",,,0
15996,50.1254,"OCP / AXE NORD / KHOURIBGA","FOURNITURE DES BATTERIES POUR VÉHICULES SOTREG : 
FOURNITURE DES ACCUMULATEURS 12 V, 200 AH ET 12 V, 100 AH SANS ENTRETIEN, POUR AUTOCARS MAN & MINICARS HYUNDAI DE LA SOTREG (Selon le brief technique attaché à la RFI).
","2015-10-26 17:17:35","2015-09-25 17:00:00",3581,"2015-09-30 17:00:00",Dossier_13723,"Fourniture des Batteries Sans Entretien pour Autocars & Minicars SOTREG",https://esuppliers.ocpgroup.org/esop/toolkit/opportunity/opportunityDetail.do?opportunityId=3581,"2016-01-21 23:06:01","2016-01-21 23:06:01",,,0
15997,15.0338,"OCP/Achats Corpoate/ CASA","Accord Cadre pour une durée de 3 ans pour la fourniture du Mobiliers de Bureaux aux sites  de OCP SA ","2015-12-23 14:07:39","2015-12-18 12:00:00",4563,"2015-12-21 18:00:00",Dossier_14909,"Accord cadre du mobilier de bureau pour une durée de 3 ans",https://esuppliers.ocpgroup.org/esop/toolkit/opportunity/opportunityDetail.do?opportunityId=4563,"2016-01-21 23:06:01","2016-01-21 23:06:01",,,0
15998,53.1311,"OCP / AXE NORD / KHOURIBGA","Fourniture des équipements de protection individuelle (EPI) 
(Selon le BREIF attaché à la RFI)","2016-01-21 15:39:52","2015-12-07 18:00:00",4695,"2015-12-14 18:00:00",Dossier_15070,"Fourniture des équipements de protection individuelle (EPI)",https://esuppliers.ocpgroup.org/esop/toolkit/opportunity/opportunityDetail.do?opportunityId=4695,"2016-01-21 23:06:01","2016-01-21 23:06:01",,,0
15999,47.1175,"OCP/AXE CENTRE /PHOSBOUCRAA","* 20492.21763
ARBRE DENTE
AMP REF : 13.472-PIO300.0-ZS160-00-00A PLAN : W248.1R13.10 REP : 1 
* 20492.21765
ARBRE DENTE
AMP REF : 13.472-PIO300.0-KS160-10-00A PLAN : W248.1R13.10 REP : 2
* 20492.21766
ROUE DENTEE
AMP REF : 13.472-PIO315B20-WK400-20-00A PLAN : W248.1R13.10 REP : 3 
* 20492.21767
ARBRE DENTE
AMP REF : 13.472-PIO225.0-KW-400.10-00A PLAN : W248.1R13.10 REP : 4
* 20492.21769
DOUILLE A ROTATIONS LENTES
AMP REF : 13.472-PIO315B10-WP400-00-00A PLAN : W248.1R13.10 REP : 5 
* 20492.21768
ROUE DENTEE
AMP REF : 13.472-PIO315.0-KW400-00-00A PLAN : W248.1R13.10 REP : 6  
* 20492.21770
ANTIDEVIREUR
AMP REF : 13.472-PIO315B30-WW-10-00A PLAN : W248.1R13.10 REP : 7   
* 20492.21764
ROUE DENTEE AMP REF : FON 127 SFT D=85H7 PLAN : W248.1R13.10 REP : 5 

","2016-01-21 10:29:09","2015-12-12 00:00:00",4709,"2015-12-14 23:00:00",Dossier_15096,"Rechanges pour réducteur AMP",https://esuppliers.ocpgroup.org/esop/toolkit/opportunity/opportunityDetail.do?opportunityId=4709,"2016-01-21 23:06:01","2016-01-21 23:06:01",,,0
16000,41.1052,"OCP/achats axe nord/jorf lasfar","Fournirure des vannes ","2016-01-14 10:05:52","2015-11-04 18:00:00",4205,"2015-11-11 18:00:00",Dossier_14457,"fourniture des vannes",https://esuppliers.ocpgroup.org/esop/toolkit/opportunity/opportunityDetail.do?opportunityId=4205,"2016-01-21 23:06:01","2016-01-21 23:06:01",,,0
16001,19.0383,"OCP/achats corporate/ casa","Fourniture du Nitrate d'Ammonium technique poreux destiné à la fabrication de l'explosif (ANFO) (Supply of Ammonium nitrate porous for explosive manufacturing (ANFO)) ; durée accord cadre : 1 an .
","2016-01-21 18:43:46","2015-12-23 12:00:00",4939,"2015-12-23 12:00:00",Dossier_15233," Accord cadre pour la fourniture du Nitrate d’Ammonium durée 1 an",https://esuppliers.ocpgroup.org/esop/toolkit/opportunity/opportunityDetail.do?opportunityId=4939,"2016-01-21 23:06:01","2016-01-21 23:06:01",,,0
16002,50.1255,"OCP / AXE NORD / KHOURIBGA","ACQUISITION DES CAMIONS GRUES : 
* Les principales caractéristiques techniques des camions demandés sont  :
- Poids total  : Autour de 17 tonnes
- Carburant : Diesel à 04 temps à injection directe suralimenté par le compresseur
- Puissance   : Autour de 250 Kw à 2400 tr/min
- Nombre de cylindre : 06 cylindres
- Refroidissement : à eau
- Nombre de rapport : 8 AV et 1 AR ou équivalent
- Cabines : avec système de climatisation  et siège à suspension pneumatique en tissu,
* Caractéristiques approximatives de la grue à fournir :
- Force de levage : Autour de 12 000 Kg à 1m  - Autour de 850 Kg à 12,15 m","2015-12-17 14:44:53","2015-11-30 18:00:00",3694,"2015-12-07 18:00:00",Dossier_13842,"ACQUISITION DES CAMIONS GRUES",https://esuppliers.ocpgroup.org/esop/toolkit/opportunity/opportunityDetail.do?opportunityId=3694,"2016-01-21 23:06:01","2016-01-21 23:06:01",,,0
16003,14.0281,"OCP sa / AXE NORD / Khouribga","Fourniture des pièces de rechanges marque PLM ","2015-12-17 08:33:11","2015-11-30 18:00:00",4584,"2015-12-07 18:00:00",Dossier_14928,"Fourniture des pièces de rechanges marque PLM",https://esuppliers.ocpgroup.org/esop/toolkit/opportunity/opportunityDetail.do?opportunityId=4584,"2016-01-21 23:06:01","2016-01-21 23:06:01",,,0
16004,33.0771,"OCP / AXE NORD / KHOURIBGA","Prestation de collecte, évacuation et élimination des déchets, dératisation, désinsectisation et nettoyage des locaux de la Direction du Port Phosphatier de Casablanca: 

Les travaux objet du présent besoin, consistent en : 
- Ramassage, collecte, évacuation et élimination des déchets générés par les différentes activités à la Direction, suivant la réglementation en vigueur.
- Dératisation et désinsectisation de tous les locaux et installations.
- Le nettoyage des bâtiments, locaux et blocs sanitaire à la Direction du Port de Casablanca.

Durée de la Prestation : 12 mois. ","2016-01-13 09:06:19","2015-12-04 18:00:00",4074,"2015-12-11 12:00:00",Dossier_14299,"Prestations de collecte, évacuation et élimination des déchets, dératisation ...",https://esuppliers.ocpgroup.org/esop/toolkit/opportunity/opportunityDetail.do?opportunityId=4074,"2016-01-21 23:06:01","2016-01-21 23:06:01",,,0
16005,23.0473,"OCP / AXE CENTRE / PHOSBOUCRAA","Fourniture de 03 vérificateurs de câbles pour le test des câbles téléphoniques, câbles coaxiaux et réseaux Ethernet.
","2015-11-10 14:37:27","2015-10-26 18:00:00",4075,"2015-10-28 18:00:00",Dossier_14302,"Acquisition de 03 Vérificateurs de câbles.",https://esuppliers.ocpgroup.org/esop/toolkit/opportunity/opportunityDetail.do?opportunityId=4075,"2016-01-21 23:06:01","2016-01-21 23:06:01",,,0
16006,34.0781,"OCP SA / AXE NORD / KHOURIBGA","Acquisition des chariots élévateurs :
-Un (01) chariot élévateur thermiques à mât vertical de capacité 15 T
-Deux (02) chariots élévateurs thermiques à mât vertical de capacité 10 T
-Huit (08) chariots élévateurs thermiques à mât vertical de capacité 05 
-Un (01) chariot élévateur électrique à mât vertical de capacité 05 T
","2015-12-18 09:17:42","2015-12-07 18:00:00",4677,"2015-12-14 18:00:00",Dossier_15058,"Acquisition des chariots élévateurs",https://esuppliers.ocpgroup.org/esop/toolkit/opportunity/opportunityDetail.do?opportunityId=4677,"2016-01-21 23:06:01","2016-01-21 23:06:01",,,0
16007,44.1141,"OCP / AXE NORD / KHOURIBGA","Fourniture des articles pour DCI 
(Selon le BREIF attaché à RFI) ","2016-01-21 15:36:57","2015-12-08 18:00:00",4678,"2015-12-15 18:00:00",Dossier_15060,"Fourniture des articles pour DCI ",https://esuppliers.ocpgroup.org/esop/toolkit/opportunity/opportunityDetail.do?opportunityId=4678,"2016-01-21 23:06:01","2016-01-21 23:06:01",,,0
16008,04.0074,OCP,"AMI "COLONNE DE FLOTTATION"","2016-01-14 16:26:37","2015-12-22 18:00:00",4787,"2015-12-23 16:00:00",Dossier_15176,"COLONNE DE FLOTTATION",https://esuppliers.ocpgroup.org/esop/toolkit/opportunity/opportunityDetail.do?opportunityId=4787,"2016-01-21 23:06:01","2016-01-21 23:06:01",,,0
16009,32.0740,"OCP/AXE CENTRE/PHOSBOUCRAA","Voir la Fich technique ci-joint.","2015-12-28 14:40:26","2015-12-12 23:00:00",4791,"2015-12-14 23:00:00",Dossier_15182,"TOLE LISSE ",https://esuppliers.ocpgroup.org/esop/toolkit/opportunity/opportunityDetail.do?opportunityId=4791,"2016-01-21 23:06:01","2016-01-21 23:06:01",,,0
16010,15.0335,"OCP/ Coroporate/ Casablanca","Appel à Manifestation d’Intérêt pour la production de kits d’articles promotionnels destinés aux sites OCP.
","2016-01-19 17:10:06","2015-12-15 23:00:00",4868,"2015-12-18 12:02:00",Dossier_15271,"Production de kits d’articles publicitaires pour les sites OCP",https://esuppliers.ocpgroup.org/esop/toolkit/opportunity/opportunityDetail.do?opportunityId=4868,"2016-01-21 23:06:01","2016-01-21 23:06:01",,,0
16011,23.0472,"OCP / AXE CENTRE / PHOSBOUCRAA","Voir la fich technique ci-joint .","2016-01-21 17:08:49","2015-12-22 23:00:00",4956,"2015-12-24 23:00:00",Dossier_15054,"Rechange MOTOROLA",https://esuppliers.ocpgroup.org/esop/toolkit/opportunity/opportunityDetail.do?opportunityId=4956,"2016-01-21 23:06:01","2016-01-21 23:06:01",,,0
16012,09.0143,"OCP/ AXE CENTRE/ PHOSBOUCRAA","* 10050.02594 Câble souple MT 6/10 KV","2015-11-20 16:47:35","2015-10-24 22:00:00",4086,"2015-10-26 23:00:00",Dossier_14311,"Câbles électriques MT pour stockeuse",https://esuppliers.ocpgroup.org/esop/toolkit/opportunity/opportunityDetail.do?opportunityId=4086,"2016-01-21 23:06:01","2016-01-21 23:06:01",,,0
16013,17.0360,"OCP / AXE NORD / KHOURIBGA","Fourniture de Marteau bris de glace et joint de porte pour Autocar MAN : 
Marteau bris de glace avec support plastique pointe en acier, et joint de porte en rouleau de 25 mètres pour autocar MAN (Selon le brief technique attaché à la RFI).
","2015-10-27 14:20:30","2015-10-08 17:00:00",3574,"2015-10-08 17:00:00",Dossier_13717,"Fourniture de Marteau bris de glace et joint de porte pour Autocar MAN",https://esuppliers.ocpgroup.org/esop/toolkit/opportunity/opportunityDetail.do?opportunityId=3574,"2016-01-21 23:06:01","2016-01-21 23:06:01",,,0
16014,14.0280,"OCP/Achats grand projet corporats","Fourniture des pièces de rechange neuves d’origine G.E.
","2015-12-23 09:29:04","2015-12-18 18:00:00",4556,"2015-12-21 18:00:00",Dossier_14897,"Convention  pour la fourniture des pièces de rechange  d’origine G.E.",https://esuppliers.ocpgroup.org/esop/toolkit/opportunity/opportunityDetail.do?opportunityId=4556,"2016-01-21 23:06:01","2016-01-21 23:06:01",,,0
16015,53.1313,"OCP/AXE CENTRE /PHOSBOUCRAA","Voir le scope ci-joint.","2016-01-08 08:51:19","2015-12-12 23:00:00",4736,"2015-12-14 23:00:00",Dossier_15119,"Habillement ",https://esuppliers.ocpgroup.org/esop/toolkit/opportunity/opportunityDetail.do?opportunityId=4736,"2016-01-21 23:06:01","2016-01-21 23:06:01",,,0
16016,44.1141,"OCP / AXE NORD / KHOURIBGA","Etude d’installation d’un système de détection et extinction automatique au niveau des magasins des Moyens Généraux OIK/G : 
- Réalisation de l’étude de l’installation d’un système de détection et extinction automatique au niveau des magasins de OIK/G
- Préparation des cahiers de charge de la mise en œuvre des résultats de cette étude sur le terrain, y compris les bordereaux des estimations des couts de réalisation sur le terrain.

Durée de réalisation : 08 semaines","2015-12-16 20:08:49","2015-12-08 18:00:00",4741,"2015-12-08 18:00:00",Dossier_15124,"Etude d’installation d’un système de détection et extinction automatique",https://esuppliers.ocpgroup.org/esop/toolkit/opportunity/opportunityDetail.do?opportunityId=4741,"2016-01-21 23:06:01","2016-01-21 23:06:01",,,0
16017,47.1177,"OCP/ AXE CENTRE / PHOSBOUCRAA","Roulements et leurs accessoires:
* 20329.00558 ROULEMENT A ROULEAUX CONIQUES
* 20325.02417 ROULEMENT A ROULEAUX CONIQUES
* 20329.00785 ENSEMBLE 2 RLTS APPARIE
* 20325.00430 ROULEMENT A ROULEAUX CYLINDR
* 20325.02778 ROULEMENT A BILLES
* 20325.02279 MANCHON DE SERRAGE
* 20325.00861 ROULEMENT A ROTULE/RLX
* 20325.00860 ROULEMENT A ROTULE/RLX
* 20325.00832 ROULEMENT A ROTULE/RLX
* 20325.03213 ROULEMENT A BILLES  
* 20325.00949 ROULEMENT A ROULEAUX CYLINDR
* 20325.00121 ROULEMENT A ROTULE/RLX
* 20325.00036 ROULEMENT A ROULEAUX CYLINDR
* 20325.00559 ROULEMENT A BILLES
* 20325.04406 MANCHON DE SERRAGE
","2016-01-19 15:09:04","2015-12-12 23:00:00",4824,"2015-12-14 23:00:00",Dossier_15059,Roulements,https://esuppliers.ocpgroup.org/esop/toolkit/opportunity/opportunityDetail.do?opportunityId=4824,"2016-01-21 23:06:01","2016-01-21 23:06:01",,,0
16018,20.0398,"OCP/AXE NORD/KHOURIBGA","Fourniture d'un panel d'indication et de contrôle de marque ENRAF UEZF878A Type : 878 installé sur bac d'ammoniac de l'unité 155 
selon Brief joint à la RFI. ","2015-10-30 12:00:37","2015-09-08 17:00:00",3311,"2015-09-15 17:00:00",Dossier_13364,"Fourniture d'un panel d'indication et de contrôle de marque ENRAF",https://esuppliers.ocpgroup.org/esop/toolkit/opportunity/opportunityDetail.do?opportunityId=3311,"2016-01-21 23:06:01","2016-01-21 23:06:01",,,0
16019,34.0780,"OCP / AXE CENTRE / SAFI","FOURNITURE POUR ELEVATEUR A GODET – DA 19320/15
","2015-12-23 14:53:10","2015-12-16 18:00:00",4668,"2015-12-18 19:00:00",Dossier_15046,"FOURNITURE POUR ELEVATEUR A GODET – DA 19321/15",https://esuppliers.ocpgroup.org/esop/toolkit/opportunity/opportunityDetail.do?opportunityId=4668,"2016-01-21 23:06:01","2016-01-21 23:06:01",,,0
16020,14.0302,"OCP/Achat groupe /Casablanca","Fourniture des pièces de rechange pour Pompes SULZER selon les descriptifs techniques OCP dans le cadre de contrat cadre sur 3ans.
Des pompes de différents type, 
","2015-10-07 07:38:20","2015-07-24 17:00:00",2603,"2015-07-28 17:00:00",Dossier_12538,"Accord cadre pour la fourniture des pièces de rechanges pour pompes SULZER 3 ans",https://esuppliers.ocpgroup.org/esop/toolkit/opportunity/opportunityDetail.do?opportunityId=2603,"2016-01-21 23:06:01","2016-01-21 23:06:01",,,0
16021,14.0278,"OCP/Achat Groupe/Casablanca","Le présent dossier consiste à fournir les pièces de rechanges destiné aux engins de site de KHOURIBGA durant 03 années 2015, 2016 et 2017
","2016-01-06 09:43:08","2015-10-08 11:00:00",2605,"2015-10-08 17:00:00",Dossier_12544,"Accord cadre pour la fourniture des pièces de rechanges MAN -3ans-",https://esuppliers.ocpgroup.org/esop/toolkit/opportunity/opportunityDetail.do?opportunityId=2605,"2016-01-21 23:06:01","2016-01-21 23:06:01",,,0
16022,12.0222,NULL,test2,"2016-01-21 23:41:59","2016-01-22 10:55:00",5337,"2016-01-21 23:59:00",Dossier_15882,test1,https://esuppliers.ocpgroup.org/esop/toolkit/opportunity/opportunityDetail.do?opportunityId=5337,"2016-01-21 23:48:01","2016-01-21 23:48:01",,,0
16023,41.1052,"OCP / AXE NORD / JORF LASFAR","fourniture des vannes à boisseau conique pour divers circuit.","2016-01-26 16:54:49","2016-02-11 18:00:00",5318,"2016-02-11 18:00:00",Dossier_15852,"fourniture des vannes à boisseau conique pour divers circuit.",https://esuppliers.ocpgroup.org/esop/toolkit/opportunity/opportunityDetail.do?opportunityId=5318,"2016-01-22 11:03:01","2016-01-22 11:03:01",,,0
16024,39.0957,"OCP/ACHATS-CORPORATE/JORF LASFAR","Maintenance des Automates Programmables SIEMENS installés dans les unités de production de JFC1 à Jorf Lasfar.","2016-02-05 11:07:43","2016-02-08 18:00:00",5334,"2016-02-08 18:00:00",Dossier_15877,"Maintenance des Automates Programmables SIEMENS de JFC 1",https://esuppliers.ocpgroup.org/esop/toolkit/opportunity/opportunityDetail.do?opportunityId=5334,"2016-01-22 11:48:01","2016-01-22 11:48:01",,,0
16025,23.0470,"OCP/ACHATS-CORPORATE/JORF LASFAR","FOURNITURE INSTALLATION ET DE MISE EN ŒUVRE DE LOGICIEL AUTOCAD POUR JFC 1 ","2016-01-22 11:35:04","2016-02-05 14:00:00",5329,"2016-02-05 14:00:00",Dossier_15871,"FOURNITURE INSTALLATION ET DE MISE EN ŒUVRE DE LOGICIEL AUTOCAD POUR JFC 1",https://esuppliers.ocpgroup.org/esop/toolkit/opportunity/opportunityDetail.do?opportunityId=5329,"2016-01-22 11:48:01","2016-01-22 11:48:01",,,0
16026,23.0474,"OCP/ACHATS-CORPORATE/JORF LASFAR","Contrat de maintenance (SIEMENS-HIPATH 3800)","2016-02-05 11:06:34","2016-02-08 18:00:00",5330,"2016-02-08 18:00:00",Dossier_15872,"Contrat de Maintenance (SIEMENS-HIPATH 3800)",https://esuppliers.ocpgroup.org/esop/toolkit/opportunity/opportunityDetail.do?opportunityId=5330,"2016-01-22 11:48:01","2016-01-22 11:48:01",,,0
16027,04.0073,OCP,"Prestations BCT REHABILITATION ETABLISSEMENTS SCOLAIRES EL JADIDA ","2016-01-22 11:59:58","2016-02-04 18:00:00",5351,"2016-02-05 18:00:00",Dossier_15893,"Prestations BCT REHABILITATION ETABLISSEMENTS SCOLAIRES EL JADIDA",https://esuppliers.ocpgroup.org/esop/toolkit/opportunity/opportunityDetail.do?opportunityId=5351,"2016-01-22 12:03:01","2016-01-22 12:03:01",,,0
16028,04.0073,OCP,"Prestations BCT REHABILITATION ETABLISSEMENTS SCOLAIRES SAFI ","2016-01-22 12:02:13","2016-02-04 18:00:00",5352,"2016-02-05 18:00:00",Dossier_15895,"Prestations BCT REHABILITATION ETABLISSEMENTS SCOLAIRES SAFI",https://esuppliers.ocpgroup.org/esop/toolkit/opportunity/opportunityDetail.do?opportunityId=5352,"2016-01-22 12:48:01","2016-01-22 12:48:01",,,0
16029,32.0754,"OCP / AXE CENTRE / SAFI","TOILE FILTRANTE EN INOX 316L–DA-19446
","2016-01-22 12:18:52","2016-02-08 18:00:00",5298,"2016-02-09 19:00:00",Dossier_15825,"TOILE FILTRANTE EN INOX 316L–DA-19446",https://esuppliers.ocpgroup.org/esop/toolkit/opportunity/opportunityDetail.do?opportunityId=5298,"2016-01-22 12:48:01","2016-01-22 12:48:01",,,0
16030,04.0073,OCP,"Prestations BCT REHABILITATION ETABLISSEMENTS SCOLAIRES KHOURIBGA ET SES REGIONS","2016-01-22 12:03:42","2016-02-04 18:00:00",5353,"2016-02-05 18:00:00",Dossier_15896,"Prestations BCT REHABILITATION ETABLISSEMENTS SCOLAIRES KHOURIBGA ET SES REGIONS",https://esuppliers.ocpgroup.org/esop/toolkit/opportunity/opportunityDetail.do?opportunityId=5353,"2016-01-22 12:48:01","2016-01-22 12:48:01",,,0
16031,54.1321,OCP/GP/IDB,"TRAVAUX DE GENIE CIVIL POUR LE DRAINAGE DU STOCKAGE DE LA LAVERIE LAAYOUNE 
","2016-01-22 15:01:41","2016-02-03 12:00:00",5270,"2016-02-04 15:00:00",Dossier_15790,"TRAVAUX DE GENIE CIVIL POUR LE DRAINAGE DU STOCKAGE DE LA LAVERIE LAAYOUNE",https://esuppliers.ocpgroup.org/esop/toolkit/opportunity/opportunityDetail.do?opportunityId=5270,"2016-01-22 15:18:01","2016-01-22 15:18:01",,,0
16032,09.0157,"OCP / AXE NORD / JORF LASFAR","Projet MAP soluble à Jorf Lasfar "lot: Electricité" ","2016-01-22 15:05:19","2016-02-12 18:00:00",5333,"2016-02-12 18:00:00",Dossier_15869,"Projet MAP soluble à Jorf Lasfar "lot: Electricité"",https://esuppliers.ocpgroup.org/esop/toolkit/opportunity/opportunityDetail.do?opportunityId=5333,"2016-01-22 15:18:01","2016-01-22 15:18:01",,,0
16033,04.0074,"PHOSBOUCRAA - OCP","Réalisation des études pour le contrôle et vérification des dimensionnement des structures  et équipements de roues pelles et stockeuses de phosphates.","2016-02-08 11:23:55","2016-02-08 12:00:00",3725,"2016-02-10 12:00:00",Dossier_13896,"CONTROLE MACHINES",https://esuppliers.ocpgroup.org/esop/toolkit/opportunity/opportunityDetail.do?opportunityId=3725,"2016-01-22 15:18:01","2016-01-22 15:18:01",,,0
16034,55.1345,OCP/GP/LAAYOUNE,"Prestations de contrôle technique réglementaires relatifs aux bâtiments annexes, atelier de maintenance et mûr de clôture en béton :
Le scope comprend principalement les prestations suivantes :
- Contrôle réglementaire des études et plans d’exécution
- Contrôle des travaux sur site et en atelier de fabrication
- Établissement des différents rapports de mission et du rapport de 
  risque final.
","2016-01-22 15:32:55","2016-02-12 20:00:00",5354,"2016-02-15 19:00:00",Dossier_15898,"CONTRÔLE TECHNIQUE POUR LE PROJET LAVERIE LAAYOUNE",https://esuppliers.ocpgroup.org/esop/toolkit/opportunity/opportunityDetail.do?opportunityId=5354,"2016-01-22 16:48:01","2016-01-22 16:48:01",,,0
16035,02.0029,"OCP SA/AXE CENTRE/SAFI","Etude d’aménagement d’une décharge industrielle contrôlée pour MAROC PHOSPHORE  ","2016-02-04 16:56:08","2016-02-05 18:00:00",5303,"2016-02-05 18:00:00",Dossier_15829,"Etude d’aménagement d’une décharge industrielle contrôlée pour MAROC PHOSPHORE ",https://esuppliers.ocpgroup.org/esop/toolkit/opportunity/opportunityDetail.do?opportunityId=5303,"2016-01-22 19:48:01","2016-01-22 19:48:01",,,0
16036,23.0474,"OCP/ACHAT CORPORATE/JORF LASFAR","pour la réalisation de l’interconnexion téléphonique entre le PABX de MP3/4 et JFC1, JORF FERTILIZERS COMPANY 1, située dans le complexe chimique du groupe OCP -JORF LASFAR","2016-01-22 19:56:33","2016-02-08 12:00:00",5350,"2016-02-08 12:00:00",Dossier_15894,"Réalisation de l’interconnexion téléphonique entre JFC1 et MP3/4 ",https://esuppliers.ocpgroup.org/esop/toolkit/opportunity/opportunityDetail.do?opportunityId=5350,"2016-01-23 00:03:01","2016-01-23 00:03:01",,,0
16037,21.0433,"OCP/ axe centre/phosboucraa","* 20361.00401	Tournevis
* 20361.00621	Jeu 25 Fort 1A31.P1/2mm
* 20361.01374	Tournevis
* 20361.01544	Pince plate Isolée
* 20361.01717	Couteau d’électricien
* 20361.01755	Jeux de clés à pipe métrique
* 20361.01770	Pince étau
* 20361.01787	Pince coupante
* 20361.01788	Pince à bec demi-ronde
* 20361.01801	Tournevis
* 20361.01875	Jeux de clés A6pans
* 20361.02279	Tourne vis FRAR
* 20361.02761	Tournevis
* 20361.03095	Pince universel
* 20361.03099	Pince bec coude
* 20361.03208	Clé a molette chromée
* 20361.04582	Tournevis Philips
* 20361.04637	Clé à molette
* 20361.05053	Pince à sertir
*10022.00315	CLE PIPE 17 12P	OUTILLAGE CLES A PIPES 12 PANS   MATIERE EN ACIER VANACHROME GENRE FACOM DIMENSIONS 17 MM NUMERO 72
*10022.00317	CLE PIPE 19 12P	OUTILLAGE CLES A PIPES 12 PANS   MATIERE EN ACIER VANACHROME GENRE FACOM DIMENSIONS 19 MM NUMERO 72
*10022.00320	CLE PIPE 22 12P	OUTILLAGE CLES A PIPES 12 PANS   MATIERE EN ACIER VANACHROME GENRE FACOM DIMENSIONS 22 MM NUMERO 72
*10022.00322	CLE PIPE 24 12P	OUTILLAGE CLES A PIPES 12 PANS   MATIERE EN ACIER VANACHROME GENRE FACOM DIMENSIONS 24 MM NUMERO 72
*10022.00328	CLE PIPE 30 12P	OUTILLAGE CLES A PIPES 12 PANS   MATIERE EN ACIER VANACHROME GENRE FACOM DIMENSIONS 30 MM NUMERO 72
*10022.00365	CLE DOUIL 17 12P	OUTILLAGE DOUILLES 12 PANS AVEC CARRE CONDUCTEUR 1/2 12,7 MM GENRE FACOM DIMENSIONS 17 MM -S17 SERIE STANDARD
*10022.00367	CLE DOUIL 19 12P	OUTILLAGE DOUILLES 12 PANS AVEC CARRE CONDUCTEUR 1/2 12,7 MM GENRE FACOM DIMENSIONS 19 MM S19 SERIE STANDARD
*10022.00372	CLE DOUIL 24 12P	OUTILLAGE DOUILLES 12 PANS AVEC CARRE CONDUCTEUR 1/2 12,7 MM GENRE FACOM DIMENSIONS 24 MM -S24 SERIE STANDARD
*10022.00378	CLE DOUIL 30 12P	OUTILLAGE DOUILLES 12 PANS AVEC CARRE CONDUCTEUR 1/2 12,7 MM GENRE FACOM DIMENSIONS 30 MM -S30 SERIE STANDARD

 *** NB: voir les deux scopes des DA: 13620 & 13507/PR  inserés dans la RFI7365.	","2016-01-25 15:39:15","2016-02-11 23:00:00",5357,"2016-02-13 23:00:00",Dossier_15901,"Outillage facom",https://esuppliers.ocpgroup.org/esop/toolkit/opportunity/opportunityDetail.do?opportunityId=5357,"2016-01-23 12:18:01","2016-01-23 12:18:01",,,0
16038,39.0957,"OCP/ AXE CENTRE/ PHOSBOUCRAA","* 20492.22030 Indicateur i35 boitier inox. ref: 2051335
* 20492.22031 Boite de raccordement DJB6/8 6 à 8 capteurs numériques; ref: 2051780
","2016-01-23 11:54:54","2016-02-08 23:00:00",5315,"2016-02-10 23:00:00",Dossier_15850,"Pièces de rechange pour pont bascule 60T",https://esuppliers.ocpgroup.org/esop/toolkit/opportunity/opportunityDetail.do?opportunityId=5315,"2016-01-23 12:18:01","2016-01-23 12:18:01",,,0
16039,09.0144,"OCP/ AXE CENTRE/ PHOSBOUCRAA","* 10050.01410	CABLE H 07RN-F  4X 1,5	H 07RN-F  4X 1,5
* 10050.01411	CABLE H 07RN-F  4X 2,5	H 07RN-F  4X 2,5
* 10050.01414	CABLE H 07RN-F  4X 16	H 07RN-F  4X 16
* 10050.01415	CABLE H 07RN-F  4X 25	H 07RN-F  4X 25
* 10050.01412	CABLE H 07RN-F  4X 6	H 07RN-F  4X 6
* 10050.01416	CABLE H 07RN-F  4X 35	H 07RN-F  4X 35
* 10050.01419	CABLE H 07RN-F  4X 95	H 07RN-F  4X 95
","2016-01-23 11:53:47","2016-02-10 23:00:00",5336,"2016-02-12 23:00:00",Dossier_15878,"Câbles électriques BT",https://esuppliers.ocpgroup.org/esop/toolkit/opportunity/opportunityDetail.do?opportunityId=5336,"2016-01-23 12:18:01","2016-01-23 12:18:01",,,0
16040,44.1141,"OCP/AXE centre/Phosboucraa","ARTICLES POUR LA LUTTE CONTRE L'INCENDIE LIQUIDE EMULSEUR PROTEINIQUE STANDARD POUR FEU D'HYDROCARBURE EN FUT METALLIQUE DE 200 LITRES.","2016-01-23 11:54:19","2016-02-09 16:00:00",5356,"2016-02-12 18:00:00",Dossier_15855,"Liquide emelseur",https://esuppliers.ocpgroup.org/esop/toolkit/opportunity/opportunityDetail.do?opportunityId=5356,"2016-01-23 12:18:01","2016-01-23 12:18:01",,,0
16041,47.1170,"OCP/ Achats Axes Nord/ Jorf Lasfar","ACCOUPLEMENTS ET FREINS","2016-01-25 09:28:11","2016-02-15 18:00:00",5364,"2016-02-15 18:00:00",Dossier_15912,"ACCOUPLEMENTS ET FREINS",https://esuppliers.ocpgroup.org/esop/toolkit/opportunity/opportunityDetail.do?opportunityId=5364,"2016-01-25 09:33:01","2016-01-25 09:33:01",,,0
16042,47.1177,"OCP/Achats Axe Nord / Jorf LAsfar","ROULEMENTS ","2016-01-25 09:29:19","2016-02-15 18:00:00",5363,"2016-02-15 18:00:00",Dossier_15910,ROULEMENTS,https://esuppliers.ocpgroup.org/esop/toolkit/opportunity/opportunityDetail.do?opportunityId=5363,"2016-01-25 09:33:01","2016-01-25 09:33:01",,,0
16043,48.1208,"OCP/ Achats Axe Nord/ Jorf Lasfar","RECHANGES POUR REDUCTEURS ","2016-01-25 09:30:04","2016-02-15 18:00:00",5362,"2016-02-15 18:00:00",Dossier_15908,"RECHANGES POUR REDUCTEURS ",https://esuppliers.ocpgroup.org/esop/toolkit/opportunity/opportunityDetail.do?opportunityId=5362,"2016-01-25 09:48:01","2016-01-25 09:48:01",,,0
16044,47.1175,"OCP/AXE NORD JORF LASFAR","Pièces de rechange réducteurs _ SEW","2016-01-25 09:36:13","2016-02-15 23:00:00",5365,"2016-02-15 23:00:00",Dossier_15911,"Pièces de rechange réducteurs _ SEW",https://esuppliers.ocpgroup.org/esop/toolkit/opportunity/opportunityDetail.do?opportunityId=5365,"2016-01-25 09:48:01","2016-01-25 09:48:01",,,0
16045,48.1195,"OCP/AXE NORD JORF LASFAR","Fourniture de Pièces de Rechange P.I.V ","2016-01-25 09:37:06","2016-02-05 23:00:00",5347,"2016-02-12 23:00:00",Dossier_15890,"Fourniture de Pièces de Rechange P.I.V",https://esuppliers.ocpgroup.org/esop/toolkit/opportunity/opportunityDetail.do?opportunityId=5347,"2016-01-25 09:48:01","2016-01-25 09:48:01",,,0
16046,47.1172,"OCP/AXE NORD JORFLASFAR",COURROIES,"2016-01-25 09:32:04","2016-02-12 23:00:00",5344,"2016-02-12 23:00:00",Dossier_15874,COURROIES,https://esuppliers.ocpgroup.org/esop/toolkit/opportunity/opportunityDetail.do?opportunityId=5344,"2016-01-25 09:48:01","2016-01-25 09:48:01",,,0
16047,37.0863,"OCP\ AXE NORD\ JORF LASFAR","Fourniture de deux motopompes de transfert gasoil","2016-01-25 09:31:29","2016-02-15 09:00:00",5331,"2016-02-15 09:00:00",Dossier_15875,"Fourniture de deux motopompes de transfert gasoil",https://esuppliers.ocpgroup.org/esop/toolkit/opportunity/opportunityDetail.do?opportunityId=5331,"2016-01-25 09:48:01","2016-01-25 09:48:01",,,0
16048,48.1192,"OCP / DIRECTION EXECUTIVE OPERATIONS INDUSTRIELLES / Gantour  ","Fourniture Coupleurs - SIME INDUSTRIE ( Voir la liste des articles en pièce jointe)","2016-01-25 09:59:34","2016-02-08 18:00:00",5282,"2016-02-09 18:00:00",Dossier_15806,"Fourniture Coupleurs - SIME INDUSTRIE",https://esuppliers.ocpgroup.org/esop/toolkit/opportunity/opportunityDetail.do?opportunityId=5282,"2016-01-25 10:03:01","2016-01-25 10:03:01",,,0
16049,48.1205,"OCP/ Achats Axe Nord / Jorf LAsfar","ACCOUPLMENTS FLENDER ","2016-01-25 10:02:35","2016-02-22 18:00:00",5366,"2016-02-22 18:00:00",Dossier_15916,"ACCOUPLMENTS FLENDER",https://esuppliers.ocpgroup.org/esop/toolkit/opportunity/opportunityDetail.do?opportunityId=5366,"2016-01-25 10:18:01","2016-01-25 10:18:01",,,0
16050,14.0293,"OCP / DIRECTION EXECUTIVE OPERATIONS INDUSTRIELLES / Gantour  ","Fourniture Pièces de Rechanges TEREX ( Voir la liste des articles en pièce jointe)","2016-01-25 10:02:08","2016-02-08 18:00:00",5305,"2016-02-09 18:00:00",Dossier_15831,"Fourniture Pièces de Rechanges TEREX",https://esuppliers.ocpgroup.org/esop/toolkit/opportunity/opportunityDetail.do?opportunityId=5305,"2016-01-25 10:18:01","2016-01-25 10:18:01",,,0
16051,20.0399,"OCP / DIRECTION EXECUTIVE OPERATIONS INDUSTRIELLES / Gantour  ","Fourniture Outillage & Rechanges Divers ( Voir la liste des articles en pièce jointe)","2016-01-25 10:22:16","2016-02-08 18:00:00",5312,"2016-02-09 18:00:00",Dossier_15845,"Fourniture Outillage & Rechanges Divers",https://esuppliers.ocpgroup.org/esop/toolkit/opportunity/opportunityDetail.do?opportunityId=5312,"2016-01-25 10:33:01","2016-01-25 10:33:01",,,0
16052,48.1197,"OCP /Achats Axe Nord / Jorf Lasfar","Chaines tubulaire BRAMPTON ","2016-01-25 11:02:14","2016-02-15 18:00:00",5369,"2016-02-15 18:00:00",Dossier_15921,"Chaines tubulaire BRAMPTON",https://esuppliers.ocpgroup.org/esop/toolkit/opportunity/opportunityDetail.do?opportunityId=5369,"2016-01-25 11:18:01","2016-01-25 11:18:01",,,0
16053,25.0542,"OCP / OPERATIONS INDUSTRIELLES / JORF LASFAR","FOURNITURE DES PIECES DE RECHANGE POUR AGITATEUR DE MARQUE ROBIN","2016-01-25 11:20:18","2016-02-05 18:00:00",5355,"2016-02-12 16:00:00",Dossier_15900,"Fourniture des pièces de rechange pour agitateur",https://esuppliers.ocpgroup.org/esop/toolkit/opportunity/opportunityDetail.do?opportunityId=5355,"2016-01-25 11:33:01","2016-01-25 11:33:01",,,0
16054,40.0990,"OCP / AXE CENTRE / SAFI","POSITIONNEUR ","2016-01-25 11:44:54","2016-02-09 19:00:00",5137,"2016-02-10 19:00:00",Dossier_15634,RÉGULATION-ECKARDT,https://esuppliers.ocpgroup.org/esop/toolkit/opportunity/opportunityDetail.do?opportunityId=5137,"2016-01-25 11:48:01","2016-01-25 11:48:01",,,0
16055,04.0073,OCP,"Prestations BCT PROJET PARC SOTREG KHOURIBGA 
","2016-01-25 12:07:37","2016-02-08 18:00:00",5375,"2016-02-09 18:00:00",Dossier_15929,"Prestations BCT PROJET PARC SOTREG  KHOURIBGA ",https://esuppliers.ocpgroup.org/esop/toolkit/opportunity/opportunityDetail.do?opportunityId=5375,"2016-01-25 13:18:01","2016-01-25 13:18:01",,,0
16056,49.1234,"OCP / DIRECTION EXECUTIVE OPERATIONS INDUSTRIELLES / GANTOUR ","OBJET
L’objet de ce projet est de fixer les conditions et les modalités suivant lesquelles doivent être exécutées le chargement et transport de phosphate par camions a l’usine de la laverie de Youssoufia.

CONSISTANCE DES PRESTATIONS

Le chargement et transport de phosphate et stérile des alentours de l’usine de lavage-flottation et annexes sur une distance inférieure à 3 Km au moyen des camions à benne auto déchargeable habilitée à circuler sur la route nationale. Le phosphate à transporter est d’une humidité inférieure à 15%, d’une densité de 1.3 et de poids spécifique environ 1.3 t/m3.
La quantité à transporter est de 100 000 tonnes à raison de 6 000 à 20 000 tonnes par jour des alentours à l'usine de laverie.

ENGIN, CHAUFFEURS 

- La chargeuse et le camion à mettre à notre disposition doivent avoir les caractéristiques suivantes :
• Capacité minimale du godet : 4m3
• Capacité minimale du Camions : 22m3
• Age des chargeuses et camions ne doit pas dépasser 5 ans.
- L’entreprise doit prévoir les conducteurs en nombre suffisant pour assurer la marche continue des camions et la chargeuse.
","2016-02-01 18:02:07","2016-01-31 18:00:00",5383,"2016-02-02 11:00:00",Dossier_15928,"Chargement et transport de phosphate par camions à Youssoufia",https://esuppliers.ocpgroup.org/esop/toolkit/opportunity/opportunityDetail.do?opportunityId=5383,"2016-01-25 15:48:01","2016-01-25 15:48:01",,,0
16057,24.0497,"OCP/AXE NORD/JORF LASFAR","Réparation de 02 compresseurs d'air électrique","2016-01-25 15:36:51","2016-02-08 18:00:00",5385,"2016-02-08 18:00:00",Dossier_15936,"Réparation de 02 compresseurs d'air électrique.",https://esuppliers.ocpgroup.org/esop/toolkit/opportunity/opportunityDetail.do?opportunityId=5385,"2016-01-25 15:48:01","2016-01-25 15:48:01",,,0
16058,44.1140,"OCP. SA EL JADIDA ","Clôtures défensives des Projets JPH site de JORF LASFAR","2016-03-17 09:32:03","2016-02-04 23:00:00",3881,"2016-03-24 12:00:00",Dossier_14071,"Clôtures défensives des Projets JPH",https://esuppliers.ocpgroup.org/esop/toolkit/opportunity/opportunityDetail.do?opportunityId=3881,"2016-01-25 15:48:01","2016-01-25 15:48:01",,,0
16059,54.1321,OCP/GP/IDB,"Chargement, Transport et Travaux d'étalement de stériles pour la réalisation de plateforme et pistes d'accés des projets du complexe engrais de Laayoune","2016-01-25 15:53:13","2016-02-12 23:59:00",5380,"2016-02-15 10:00:00",Dossier_15915,"TRAVAUX GÉNIE CIVIL POUR LA PREPARATION DES PLATEFORMES ET DES PRINCIPALES ACCES",https://esuppliers.ocpgroup.org/esop/toolkit/opportunity/opportunityDetail.do?opportunityId=5380,"2016-01-25 16:03:01","2016-01-25 16:03:01",,,0
16060,02.0029,OCP/GP/IDB,"Réalisation travaux de construction d'un mur en béton pour la cloture du complexe d'engrais de Laayoune","2016-01-25 15:49:24","2016-02-12 23:59:00",5382,"2016-02-15 10:00:00",Dossier_15913,"CONSTRUCTION D'UN MUR EN BETON POUR LA CLOTURE DU COMPLEXE D'ENGRAIS DE LAAYOUNE",https://esuppliers.ocpgroup.org/esop/toolkit/opportunity/opportunityDetail.do?opportunityId=5382,"2016-01-25 16:03:01","2016-01-25 16:03:01",,,0
16061,24.0504,"OCP / AXE CENTRE / SAFI","Fourniture nécessaire pour:
Fours ligne engrais
rigoles des tours de séchage et d’absorption des lignes sulfuriques
","2016-01-25 17:00:00","2016-02-01 19:00:00",876,"2016-02-02 19:00:00",Dossier_10343,"Fourniture génie civile",https://esuppliers.ocpgroup.org/esop/toolkit/opportunity/opportunityDetail.do?opportunityId=876,"2016-01-25 17:03:01","2016-01-25 17:03:01",,,0
16062,38.0911,"OCP / Achats Axe Nord / Jorf Lasfar","PDR pompes JEUMONT SCHNEIDER ","2016-01-25 16:34:55","2016-02-15 18:00:00",5374,"2016-02-15 18:00:00",Dossier_15927,"PDR pompes JEUMONT SCHNEIDER",https://esuppliers.ocpgroup.org/esop/toolkit/opportunity/opportunityDetail.do?opportunityId=5374,"2016-01-25 17:03:01","2016-01-25 17:03:01",,,0
16063,47.1177,"OCP/AXE NORD/JORF LASFAR","FOURNITURE DES ROULEMENTS SKF ","2016-01-25 16:30:44","2016-02-15 18:00:00",5381,"2016-02-15 18:00:00",Dossier_15934,"FOURNITURE DES ROULEMENTS SKF",https://esuppliers.ocpgroup.org/esop/toolkit/opportunity/opportunityDetail.do?opportunityId=5381,"2016-01-25 17:03:01","2016-01-25 17:03:01",,,0
16064,48.1194,"OCP / Achats Axes Nord/ Jorf Lasfar","PDR coupleurs VOITH ","2016-06-24 12:58:08","2016-07-04 12:00:00",5386,"2016-07-04 12:00:00",Dossier_15930,"PDR coupleurs VOITH",https://esuppliers.ocpgroup.org/esop/toolkit/opportunity/opportunityDetail.do?opportunityId=5386,"2016-01-25 17:03:01","2016-01-25 17:03:01",,,0
16065,38.0905,"OCP/AXE NORD/JORF LASFAR","fourniture, en pompe à engrenage HPI, Destinés pour assurer la maintenance des centrales hydrauliques de l’adaptation MEA","2016-01-25 16:31:31","2016-02-15 18:00:00",5378,"2016-02-15 18:00:00",Dossier_15933,"Pompe à engrenage HPI",https://esuppliers.ocpgroup.org/esop/toolkit/opportunity/opportunityDetail.do?opportunityId=5378,"2016-01-25 17:03:01","2016-01-25 17:03:01",,,0
16066,48.1192,"OCP/AXE NORD/JORF LASFAR","Cartes freins ","2016-01-25 16:41:07","2016-02-15 18:00:00",5372,"2016-02-15 18:00:00",Dossier_15897,"Cartes freins ",https://esuppliers.ocpgroup.org/esop/toolkit/opportunity/opportunityDetail.do?opportunityId=5372,"2016-01-25 17:03:01","2016-01-25 17:03:01",,,0
16067,48.1206,"OCP / Achats Axe Nord / Jorf Lasfar","PDR pour réducteurs HANSEN ","2016-01-25 16:35:40","2016-02-15 18:00:00",5373,"2016-02-15 18:00:00",Dossier_15925,"PDR pour réducteurs HANSEN ",https://esuppliers.ocpgroup.org/esop/toolkit/opportunity/opportunityDetail.do?opportunityId=5373,"2016-01-25 17:03:01","2016-01-25 17:03:01",,,0
16068,28.0671,"OCP / AXE CENTRE / SAFI","LUBRIFIANTS SPÉCIAUX  -DA19002
","2016-01-25 16:56:49","2016-02-01 18:00:00",4642,"2016-02-03 19:00:00",Dossier_15010,"LUBRIFIANTS SPÉCIAUX  -DA19002",https://esuppliers.ocpgroup.org/esop/toolkit/opportunity/opportunityDetail.do?opportunityId=4642,"2016-01-25 17:03:01","2016-01-25 17:03:01",,,0
16069,40.0974,"OCP/AXE NORD/JORF LASFAR","Fourniture des organes de sécurité pour les installations de l’axe Engrais à Jorf Lasfar
 * DETECTEUR DE DEPORT BANDE RAMSEY  MODEL 60-30F
 * ARRET D'URGENCE A CABLE RAMSEY  MODEL 60-31F
","2016-01-25 16:38:39","2016-02-08 18:00:00",4337,"2016-02-08 18:00:00",Dossier_14647,"Fourniture des organes de sécurité",https://esuppliers.ocpgroup.org/esop/toolkit/opportunity/opportunityDetail.do?opportunityId=4337,"2016-01-25 17:03:01","2016-01-25 17:03:01",,,0
16070,28.0670,"OCP/AXE NORD/KHOURIBGA","Huile hydraulique à très haute indice de viscosité, grade: ISO 32.
besoin demandé pour graissage par circulation, barbotage, bain, bagues de paliers, engrenages des machines, systèmes hydrauliques.
Norme de spécification: NFE 48-603 HV.","2016-01-25 17:17:19","2016-02-08 18:00:00",5111,"2016-02-15 18:00:00",Dossier_15601,Lubrifiants,https://esuppliers.ocpgroup.org/esop/toolkit/opportunity/opportunityDetail.do?opportunityId=5111,"2016-01-25 17:33:01","2016-01-25 17:33:01",,,0
16071,33.0773,"OCP / AXE CENTRE / SAFI","GESTION GLOBALE DES DECHETS : Gérer les déchets à traiter de l'OCP SA site de SAFI 
","2016-02-09 16:05:51","2016-02-09 18:00:00",5391,"2016-02-09 19:00:00",Dossier_15940,"GESTION GLOBALE DES DECHETS",https://esuppliers.ocpgroup.org/esop/toolkit/opportunity/opportunityDetail.do?opportunityId=5391,"2016-01-25 18:03:02","2016-01-25 18:03:02",,,0
16072,10.0184,"OCP/  AXE CENTRE/ PHOSBOUCRAA","* 20205.05101	FUSIBLE MT 7,2 KV 63A FLR 3	802747/01
* 20205.05202	FUSIBLE MT 7,2KV 40A FLR3	171920/L D60X395-40A
","2016-01-25 18:09:44","2016-02-13 23:00:00",5392,"2016-02-15 23:00:00",Dossier_15939,"Fourniture des fusibles MT",https://esuppliers.ocpgroup.org/esop/toolkit/opportunity/opportunityDetail.do?opportunityId=5392,"2016-01-25 18:33:01","2016-01-25 18:33:01",,,0
16073,06.0095,"OCP/ Direction executive operations industrielles /GANTOUR  ","Fourniture des ROULEAUX DE PARCOURS","2016-01-26 07:47:31","2016-02-04 18:00:00",5346,"2016-02-05 18:00:00",Dossier_15891,"Fourniture des ROULEAUX DE PARCOURS",https://esuppliers.ocpgroup.org/esop/toolkit/opportunity/opportunityDetail.do?opportunityId=5346,"2016-01-26 08:03:01","2016-01-26 08:03:01",,,0
16074,54.1322,"OCP/AXE NORD/KHOURIBGA","La présente réquisition a pour objet la définition des conditions dans lesquelles seront exécutés les travaux de VRD et aménagements extérieurs de laboratoire Parc El Wafi à savoir:
- Implantation ; 
- Terrassements ; 
- Béton armé ; 
- Charpente métallique ; 
- Bardage ; 
- l'ouverture d'encaissement ; 
- La mise en place du corps de chaussée ; 
- l'ouverture des tranchées pour pose des canalisations et des ouvrages annexes. 
- La fourniture et la pose de canalisations selon les diamètres indiqués aux plans d’exécution ; 
- le remblaiement et le compactage des fouilles de canalisations. 
- La fourniture et la pose des cadres, tampons, grilles et appareils siphoïdes en fonte ductile ; 
- Signalisation ; 
- Le nettoyage du chantier à la fin des travaux. 
","2016-01-26 07:50:07","2016-02-08 18:00:00",5367,"2016-02-15 18:00:00",Dossier_15851,"Projet VRD et aménagements extérieurs du laboratoire Parc El Wafi",https://esuppliers.ocpgroup.org/esop/toolkit/opportunity/opportunityDetail.do?opportunityId=5367,"2016-01-26 08:03:01","2016-01-26 08:03:01",,,0
16075,01.0005,"OCP / DIRECTION EXECUTIVE OPERATIONS INDUSTRIELLES / GANTOUR  ","Le présent dossier consiste à l’entretien et le ré étalonnage de deux spectrophotomètres :
01 Marque : SHIMADZU et 01 Marque : PERKIN ELMER selon les travaux :
• Examen interne des spectrophotomètres ;
• Démontage et nettoyage du bruleur ;
• Examen des tuyaux de gaz ;
• Examen du système optique et des filtres à air et d’acétylène ;
• Examen du porte échantillon et des pompes péristaltiques ;
• Réinitialisation des appareils ;
• Examen des lampes D2 et tungstène ;
• Test de conformité.
","2016-02-04 08:31:33","2016-02-04 23:00:00",5384,"2016-02-05 12:00:00",Dossier_15935,"REPARATION DE DEUX SPECTROPHOTOMETRES",https://esuppliers.ocpgroup.org/esop/toolkit/opportunity/opportunityDetail.do?opportunityId=5384,"2016-01-26 08:48:01","2016-01-26 08:48:01",,,0
16076,38.0927,"OCP/ACHAT CORPORATE JORF LASFAR","Acquisition des pièces de rechange pour pompes REINHUTTE pour complexe JFC1.Jorf Lasfar","2016-01-26 08:57:04","2016-02-05 12:00:00",5235,"2016-02-05 12:00:00",Dossier_15748,"Acquisition des pièces de rechange pour pompes REINHUTTE pour complexe JFC1.Jorf",https://esuppliers.ocpgroup.org/esop/toolkit/opportunity/opportunityDetail.do?opportunityId=5235,"2016-01-26 09:03:01","2016-01-26 09:03:01",,,0
16077,50.1253,"OCP / AXE NORD / KHOURIBGA","Réfection et remise en état de 06 véhicules de relève de chantier MEA:

- Regarnissage des sièges.
- Réfection de l’intérieur des cabines.
- Changement  des joints d’étanchéité.
- Revoir l’étanchéité des cabines. 
- Révision des serrures des portes.
- Changement du tapis de planche .
- Fourniture et pose des rideaux avec support.

Délai de réalisation : 15 jours ","2016-01-26 09:00:41","2016-02-01 18:00:00",4876,"2016-02-01 18:00:00",Dossier_15276,"Réfection et remise en état de 06 véhicules de relève de chantier MEA.",https://esuppliers.ocpgroup.org/esop/toolkit/opportunity/opportunityDetail.do?opportunityId=4876,"2016-01-26 09:18:01","2016-01-26 09:18:01",,,0
16078,15.0336,"OCP / DIRECTION EXECUTIVE OPERATIONS INDUSTRIELLES / GANTOUR ","Impression de livrets de petit format "GUIDE DE SECOURISME" suivant les modèles et description technique ci-joints.","2016-01-26 09:26:00","2016-02-01 18:00:00",5393,"2016-02-02 18:00:00",Dossier_15942,"Imprimés GUIDE DE SECOURISME",https://esuppliers.ocpgroup.org/esop/toolkit/opportunity/opportunityDetail.do?opportunityId=5393,"2016-01-26 09:33:01","2016-01-26 09:33:01",,,0
16079,11.0212,"OCP/ Direction executive operations industrielles /GANTOUR  ","Fourniture des Ustensiles de cuisine : cuillères, couteaux, assiettes, verres, thermos, carafes.....","2016-01-26 11:41:28","2016-02-03 18:00:00",5208,"2016-02-04 18:00:00",Dossier_15716,"Fourniture des Ustensiles de cuisine",https://esuppliers.ocpgroup.org/esop/toolkit/opportunity/opportunityDetail.do?opportunityId=5208,"2016-01-26 11:48:01","2016-01-26 11:48:01",,,0
16080,23.0470,"OCP / CORPORATE /CASABLANCA","Renouvellement du contrat de support de la solution de chiffrement PGP déployées chez les utilisateurs OCP
","2016-02-04 10:49:42","2016-02-15 11:00:00",5379,"2016-02-15 23:00:00",Dossier_15926,"Renouvellement du contrat de support de la solution PGP",https://esuppliers.ocpgroup.org/esop/toolkit/opportunity/opportunityDetail.do?opportunityId=5379,"2016-01-26 14:18:01","2016-01-26 14:18:01",,,0
16081,23.0473,"OCP / AXE NORD / JORF LASFAR","Fourniture, installation et mise en service d'un réseau de radiocommunication ","2016-01-28 09:46:54","2016-02-10 23:00:00",5376,"2016-02-17 23:00:00",Dossier_15923,"Fourniture, installation et mise en service d'un réseau de radiocommunication ",https://esuppliers.ocpgroup.org/esop/toolkit/opportunity/opportunityDetail.do?opportunityId=5376,"2016-01-26 14:18:01","2016-01-26 14:18:01",,,0
16082,25.0570,"OCP / DIRECTION EXECUTIVE OPERATION INDUSTRIELLES / GANTOUR","Le présent dossier consiste à fournir des PDR pour DEBOURBEURS SKAKO COMESSA . Marque SKAKO COMESSA 
","2016-02-08 11:26:08","2016-02-08 18:00:00",5394,"2016-02-10 18:00:00",Dossier_15941,"RECHANGE POUR CRIBLE COMESSA.",https://esuppliers.ocpgroup.org/esop/toolkit/opportunity/opportunityDetail.do?opportunityId=5394,"2016-01-26 15:33:01","2016-01-26 15:33:01",,,0
16083,44.1141,"OCP/JORF LASFAR","FOURNITURE DES DETECTEURS DE FLAMME
","2016-01-26 14:26:09","2016-02-16 23:00:00",5397,"2016-02-16 23:00:00",Dossier_15944,"FOURNITURE DES DETECTEURS DE FLAMME",https://esuppliers.ocpgroup.org/esop/toolkit/opportunity/opportunityDetail.do?opportunityId=5397,"2016-01-26 15:33:01","2016-01-26 15:33:01",,,0
16084,24.0509,"OCP / AXE NORD / JORF LASFAR","Etude, fourniture et installation des cabines de pilotage des Roue pelles:
- Réalisation des plans des cabines de pilotage.
- Etude et fourniture sur site des cabines de pilotage .
- La dépose des anciennes cabines de pilotage.
- L’installation des nouvelles cabines de pilotage sur les machines .
","2016-01-26 15:21:54","2016-02-09 18:00:00",5401,"2016-02-16 16:00:00",Dossier_15951,"Etude, fourniture et installation de 4 cabines de pilotage des roues pelles",https://esuppliers.ocpgroup.org/esop/toolkit/opportunity/opportunityDetail.do?opportunityId=5401,"2016-01-26 15:33:01","2016-01-26 15:33:01",,,0
16085,23.0470,OCP/CORPORATE/CASABLANCA,"Acquisition solution de gestion centralisée et sécurisation des impressions ","2016-01-26 14:40:35","2016-02-15 18:00:00",5407,"2016-02-16 15:00:00",Dossier_15957,"Acquisition solution de gestion centralisée et sécurisation des impressions",https://esuppliers.ocpgroup.org/esop/toolkit/opportunity/opportunityDetail.do?opportunityId=5407,"2016-01-26 15:33:01","2016-01-26 15:33:01",,,0
16086,11.0210,"OCP SA JORF LASFAR","Achat des équipements pour les réfectoires JFD ","2016-01-26 15:48:01","2016-02-04 12:00:00",5416,"2016-02-04 12:00:00",Dossier_15970,"Achat des équipements pour les réfectoires JFD",https://esuppliers.ocpgroup.org/esop/toolkit/opportunity/opportunityDetail.do?opportunityId=5416,"2016-01-26 15:48:01","2016-01-26 15:48:01",,,0
16087,48.1193,"OCP/ Direction executive operations industrielles /GANTOUR ","Fourniture des Bandages PERIFLEX","2016-01-26 15:56:05","2016-02-15 18:00:00",5207,"2016-02-16 18:00:00",Dossier_15714,"Fourniture des Bandages PERIFLEX",https://esuppliers.ocpgroup.org/esop/toolkit/opportunity/opportunityDetail.do?opportunityId=5207,"2016-01-26 16:03:02","2016-01-26 16:03:02",,,0
16088,25.0570,"OCP / DIR ECTION EXECUTIVE OPERATION INDUSTRIELLES / GANTOUR","Le présent dossier consiste à fournir des pièces de rechanges pour la sondeuse T4BH.

- N° série Engin : 3CS27480
","2016-02-08 11:31:56","2016-02-08 00:00:00",5359,"2016-02-10 18:00:00",Dossier_15903,"RECHANGE INGERSOLL RAND",https://esuppliers.ocpgroup.org/esop/toolkit/opportunity/opportunityDetail.do?opportunityId=5359,"2016-01-26 17:18:01","2016-01-26 17:18:01",,,0
16089,20.0390,"OCP / Direction executive operations industrielles / Gantour","Fournitures des bourrelleries","2016-01-26 16:11:49","2016-02-08 18:00:00",5348,"2016-02-09 18:00:00",Dossier_15892,Bourrellerie,https://esuppliers.ocpgroup.org/esop/toolkit/opportunity/opportunityDetail.do?opportunityId=5348,"2016-01-26 17:18:01","2016-01-26 17:18:01",,,0
16090,02.0029,OCP,"TRAVAUX D’AMENAGEMENT D’UN TERRAIN DE SPORT POUR L’IPSE PRIMAIRE YOUSSOUFIA","2016-01-26 17:11:50","2016-02-08 18:00:00",5422,"2016-02-09 18:00:00",Dossier_15977,"TRAVAUX D’AMENAGEMENT D’UN TERRAIN DE SPORT POUR L’IPSE PRIMAIRE YOUSSOUFIA",https://esuppliers.ocpgroup.org/esop/toolkit/opportunity/opportunityDetail.do?opportunityId=5422,"2016-01-26 17:18:01","2016-01-26 17:18:01",,,0
16091,13.0255,"OCP / DIRECTION EXECUTIVE OPERATION INDUSTRIELLES / GANTOUR","Le present dossier consiste à fournir des TRICÖNEs POUR SONDEUSE T4BH INGERSOLL RAND et SKF11 TEREX.","2016-02-08 11:16:52","2016-02-08 00:00:00",5412,"2016-02-10 18:00:00",Dossier_15966,"TRICÖNE POUR SONDEUSE T4BH INGERSOLL RAND  et SKF11 TEREX.",https://esuppliers.ocpgroup.org/esop/toolkit/opportunity/opportunityDetail.do?opportunityId=5412,"2016-01-26 17:18:01","2016-01-26 17:18:01",,,0
16092,14.0281,"OCP / DIRECTION EXECUTIVE OPERATION INDUSTRIELLES / GANTOUR","Le présent dossier consiste à l'achat de  fourniture: RECHANGE POUR RACCORDEMENT DES CABLES D'ALIMENTATION DES MACHINES DE CHANTIER. 
","2016-05-09 17:08:33","2016-05-21 17:00:00",5396,"2016-05-23 16:00:00",Dossier_15833,"RECHANGE PLM",https://esuppliers.ocpgroup.org/esop/toolkit/opportunity/opportunityDetail.do?opportunityId=5396,"2016-01-26 17:18:01","2016-01-26 17:18:01",,,0
16093,25.0608,"OCP/ Direction executive  operations industrielles / Gantour","Fournitures des rechanges pour sur presseurs - AERZEN - METSO","2016-02-25 16:04:49","2016-03-02 18:00:00",5326,"2016-03-03 18:00:00",Dossier_15866,"Rechanges pour surpresseurs - AERZEN - METSO",https://esuppliers.ocpgroup.org/esop/toolkit/opportunity/opportunityDetail.do?opportunityId=5326,"2016-01-26 17:18:01","2016-01-26 17:18:01",,,0
16094,34.0787,"OCP / Direction executive operetions industrielles","Fournitures des badges pour ponts bascules","2016-01-26 16:23:26","2016-02-08 18:00:00",5343,"2016-02-09 18:00:00",Dossier_15887,"Ponts bascules",https://esuppliers.ocpgroup.org/esop/toolkit/opportunity/opportunityDetail.do?opportunityId=5343,"2016-01-26 17:18:01","2016-01-26 17:18:01",,,0
16095,34.0780,"OCP / Direction executive operations industrielles / Gantour","Fournitures des chaines de manutention et accessoires","2016-01-26 16:00:17","2016-02-08 18:00:00",5345,"2016-02-09 18:00:00",Dossier_15889,"Chaines de manutentions accessoires",https://esuppliers.ocpgroup.org/esop/toolkit/opportunity/opportunityDetail.do?opportunityId=5345,"2016-01-26 17:18:01","2016-01-26 17:18:01",,,0
16096,38.0931,"OCP/ Direction executive operations industrielles /GANTOUR","Fourniture des Pièces de rechanges pour les POMPES MARQUE SCHABAVER","2016-01-27 07:40:58","2016-02-15 18:00:00",5200,"2016-02-16 18:00:00",Dossier_15705,"Fourniture des Pièces de rechanges pour les POMPES MARQUE SCHABAVER",https://esuppliers.ocpgroup.org/esop/toolkit/opportunity/opportunityDetail.do?opportunityId=5200,"2016-01-27 07:48:01","2016-01-27 07:48:01",,,0
16097,13.0244,"OCP/ Direction executive operations industrielles /GANTOUR","Fourniture des PNEUS pour chariot élévateur","2016-01-27 07:33:59","2016-02-15 18:00:00",5202,"2016-02-16 18:00:00",Dossier_15707,"Fourniture des PNEUS pour chariot élévateur",https://esuppliers.ocpgroup.org/esop/toolkit/opportunity/opportunityDetail.do?opportunityId=5202,"2016-01-27 07:48:01","2016-01-27 07:48:01",,,0
16098,01.0005,"OCP / Direction executive operations industrielles / Gantour","Fournitures des matériels de laboratoire","2016-01-27 07:31:03","2016-02-08 18:00:00",5342,"2016-02-09 18:00:00",Dossier_15886,"Matériels de laboratoire",https://esuppliers.ocpgroup.org/esop/toolkit/opportunity/opportunityDetail.do?opportunityId=5342,"2016-01-27 07:48:01","2016-01-27 07:48:01",,,0
16099,48.1198,"OCP/ Direction executive operations industrielles /GANTOUR","Fourniture des moyeux et des boitiers d’accouplements CITROEN","2016-01-27 07:51:51","2016-02-15 18:00:00",5203,"2016-02-16 18:00:00",Dossier_15709,"Fourniture des moyeux et des boitiers d’accouplements CITROEN",https://esuppliers.ocpgroup.org/esop/toolkit/opportunity/opportunityDetail.do?opportunityId=5203,"2016-01-27 08:03:01","2016-01-27 08:03:01",,,0
16100,16.0352,"OCP/ Direction executive operations industrielles /GANTOUR","Fourniture des PLANTES","2016-02-09 14:29:12","2016-02-09 18:00:00",5204,"2016-02-10 18:00:00",Dossier_15712,"Fourniture des PLANTES",https://esuppliers.ocpgroup.org/esop/toolkit/opportunity/opportunityDetail.do?opportunityId=5204,"2016-01-27 08:18:01","2016-01-27 08:18:01",,,0
16101,07.0111,"OCP / DIR ECTION EXECUTIVE OPERATION INDUSTRIELLES / GANTOUR","  Le présent dossier consiste à fournir des rechanges TAIM-TFG « cylindre électrique F=1000 C600 ».","2016-02-08 11:39:04","2016-02-08 18:00:00",5427,"2016-02-10 18:00:00",Dossier_15963,"RECHANGE TAIM",https://esuppliers.ocpgroup.org/esop/toolkit/opportunity/opportunityDetail.do?opportunityId=5427,"2016-01-27 09:18:01","2016-01-27 09:18:01",,,0
16102,13.0247,"OCP / DIRECTION EXECUTIVE OPERATIONS INDUSTRIELLES / GANTOUR  ","Cette prestation consiste dans la révision générale de la boite à vitesse pour camion :
* Marque  : RENAULT MIDLUM
* Type      : 44AMM
* Modèle  : 13/04/2009
* Chassis :VF44AMM000001027","2016-01-27 10:07:18","2016-02-13 23:00:00",5395,"2016-02-15 12:00:00",Dossier_15943,"REVISION GENERALE DE LA BOITE A VITESSE POUR CAMION RENAULT MIDLUM",https://esuppliers.ocpgroup.org/esop/toolkit/opportunity/opportunityDetail.do?opportunityId=5395,"2016-01-27 10:18:01","2016-01-27 10:18:01",,,0
16103,06.0090,"OCP/Axe Centre/Phosboucraa","Objet : 
    Le présent projet consiste à livrer des pièces de rechanges pour le Réducteur BREVINI à la mine de Boucrâa.


   . CARACTERISTIQUE :
-Marque : Réducteur BREVINI
-TYPE : PLC25-R11-V13-40

","2016-01-27 10:24:13","2016-02-13 18:00:00",5390,"2016-02-15 18:00:00",Dossier_15937,"Outillages d'agrafage. ",https://esuppliers.ocpgroup.org/esop/toolkit/opportunity/opportunityDetail.do?opportunityId=5390,"2016-01-27 10:33:02","2016-01-27 10:33:02",,,0
16104,34.0786,OCP/GP/KHOURIBGA,"la Fourniture des palans et appareils de manutention ( pull
lift, palan à chaine, tir-fort etc. )","2016-01-27 11:40:43","2016-02-01 12:00:00",670,"2016-02-01 12:00:00",Dossier_10034,"PALANS ET APPAREILS DE MANUTENTION",https://esuppliers.ocpgroup.org/esop/toolkit/opportunity/opportunityDetail.do?opportunityId=670,"2016-01-27 11:48:01","2016-01-27 11:48:01",,,0
16105,24.0499,"OCP / AXE CENTRE / SITE DE SAFI","ACQUISITION D’UN SYSTEME DE CLASSIFICATION POUR L’ATELIER DCP DE MPI :
Etude, fourniture, installation et mise en service d’un système de classification (criblage et broyage) au niveau de l’atelier de production de complément alimentaire DCP de Maroc Phosphore I 

","2016-02-04 09:58:46","2016-02-08 15:00:00",5435,"2016-02-08 18:00:00",Dossier_15985,"ACQUISITION D’UN SYSTEME DE CLASSIFICATION POUR L’ATELIER DCP DE MPI",https://esuppliers.ocpgroup.org/esop/toolkit/opportunity/opportunityDetail.do?opportunityId=5435,"2016-01-27 13:18:01","2016-01-27 13:18:01",,,0
16106,98.9988,OCP/CORPORATE/CASABLANCA,"Production d’un film d’animation sur le concept de la Caravane OCP comme suit :

Réalisation d’un film de présentation du concept de la Caravane OCP. Sous forme d’animation 2D/3D, cette vidéo aura vocation à être pédagogique et percutante. 
D’une durée de moins de 2 min, cette vidéo aura recourt à toutes les techniques modernes de production audiovisuelle pour délivrer les messages de façon percutante : 2D/3D, sound design, typographie dynamique, etc.

Rédaction du texte et élaboration du story-board ; Animations 2D/3D ; Composition musicale ou sélection d’une musique libre de droit ; Montage ; Enregistrement des voix-off ; Post-production (mixage, étalonnage, …). 

Le contenu sera livré en 4 langues : arabe, amazigh, français, anglais. 
","2016-02-17 13:27:31","2016-02-05 18:00:00",5436,"2016-02-24 12:00:00",Dossier_15987,"Production d’un film d’animation sur le concept de la Caravane OCP",https://esuppliers.ocpgroup.org/esop/toolkit/opportunity/opportunityDetail.do?opportunityId=5436,"2016-01-27 13:18:01","2016-01-27 13:18:01",,,0
16107,09.0156,"OCP / Axe nord / Khouribga","Convention de maintenance THT/HT/ MT de l’OCP Jorf (JPH) ","2016-01-27 14:54:01","2016-01-29 18:00:00",4407,"2016-01-29 18:00:00",Dossier_14701,"Convention de maintenance THT/HT/ MT de l’OCP Jorf (JPH)",https://esuppliers.ocpgroup.org/esop/toolkit/opportunity/opportunityDetail.do?opportunityId=4407,"2016-01-27 14:48:01","2016-01-27 14:48:01",,,0
16108,44.1141,"OCP SA JORF LASFAR","fourniture des accessoires de défense contre incendie ","2016-01-27 14:30:33","2016-02-02 12:00:00",5438,"2016-02-02 12:00:00",Dossier_15996,"fourniture des accessoires de défense contre incendie ",https://esuppliers.ocpgroup.org/esop/toolkit/opportunity/opportunityDetail.do?opportunityId=5438,"2016-01-27 14:48:01","2016-01-27 14:48:01",,,0
16109,38.0931,"OCP/AXE NORD JORF LASFAR","pompes SHABAVER","2016-01-27 15:13:37","2016-02-16 23:00:00",5414,"2016-02-16 23:00:00",Dossier_15969,"Pompes SHABAVER",https://esuppliers.ocpgroup.org/esop/toolkit/opportunity/opportunityDetail.do?opportunityId=5414,"2016-01-27 15:18:01","2016-01-27 15:18:01",,,0
16110,48.1205,"OCP/AXE NORD/JORF LASFAR","PIECES DE RECHANGE POUR REDUCTEURS DE MARQUE SIEMENS","2016-01-27 15:12:25","2016-02-16 18:00:00",5415,"2016-02-16 18:00:00",Dossier_15971,"PIECES DE RECHANGE POUR REDUCTEURS DE MARQUE SIEMENS",https://esuppliers.ocpgroup.org/esop/toolkit/opportunity/opportunityDetail.do?opportunityId=5415,"2016-01-27 15:18:01","2016-01-27 15:18:01",,,0
16111,47.1174,"OCP/AXE NORD JORF LASFAR","Fourniture de poulies","2016-01-27 15:10:33","2016-02-16 23:00:00",5420,"2016-02-16 23:00:00",Dossier_15974,"Fourniture de poulies",https://esuppliers.ocpgroup.org/esop/toolkit/opportunity/opportunityDetail.do?opportunityId=5420,"2016-01-27 15:18:01","2016-01-27 15:18:01",,,0
16112,47.1174,"OCP/AXE NORD JORF LASFAR","Poulies pour les ventilateurs C05 et C06","2016-01-27 15:11:32","2016-02-16 23:00:00",5418,"2016-02-16 23:00:00",Dossier_15973,"Poulies pour les ventilateurs C05 et C06  ",https://esuppliers.ocpgroup.org/esop/toolkit/opportunity/opportunityDetail.do?opportunityId=5418,"2016-01-27 15:18:01","2016-01-27 15:18:01",,,0
16113,48.1205,"OCP/AXE NORD JORF LASFAR","Pièces de rechange de marque FLENDER ","2016-01-27 15:09:14","2016-02-16 23:00:00",5421,"2016-02-16 23:00:00",Dossier_15976,"Pièces de rechange de marque FLENDER ",https://esuppliers.ocpgroup.org/esop/toolkit/opportunity/opportunityDetail.do?opportunityId=5421,"2016-01-27 15:18:01","2016-01-27 15:18:01",,,0
16114,47.1170,"OCP / Direction Achats / Jorf Lasfar","Fourniture des accouplements et des freins et coupleurs hydrauliques à Jorf Lasfar.","2016-01-27 15:06:20","2016-02-17 23:00:00",5429,"2016-02-17 23:00:00",Dossier_15984,"Fourniture des accouplements et des freins et coupleurs hydrauliques à Jorf Lasf",https://esuppliers.ocpgroup.org/esop/toolkit/opportunity/opportunityDetail.do?opportunityId=5429,"2016-01-27 15:18:01","2016-01-27 15:18:01",,,0
16115,17.0362,"OCP / Direction des Achats / Jorf Lasfar","Fourniture des garnitures mécaniques pour pompes à Jorf Lasfar. ","2016-01-27 15:02:36","2016-02-17 23:00:00",5431,"2016-02-17 23:00:00",Dossier_15986,"Fourniture des garnitures mécaniques pour pompes à Jorf Lasfar.",https://esuppliers.ocpgroup.org/esop/toolkit/opportunity/opportunityDetail.do?opportunityId=5431,"2016-01-27 15:18:01","2016-01-27 15:18:01",,,0
16116,38.0907,"OCP/AXE NORD/JORF LASFAR","Fourniture des pièces de rechanges pour surpresseur","2016-01-27 15:14:29","2016-02-15 18:00:00",5409,"2016-02-15 18:00:00",Dossier_15962,"Fourniture des pièces de rechanges pour surpresseur",https://esuppliers.ocpgroup.org/esop/toolkit/opportunity/opportunityDetail.do?opportunityId=5409,"2016-01-27 15:18:01","2016-01-27 15:18:01",,,0
16117,17.0360,"OCP/AXE NORD JORF LASFAR","Joints pour échangeurs de chaleur","2016-02-17 10:36:48","2016-02-17 23:00:00",5439,"2016-02-17 23:00:00",Dossier_15997,"Joints pour échangeurs de chaleur",https://esuppliers.ocpgroup.org/esop/toolkit/opportunity/opportunityDetail.do?opportunityId=5439,"2016-01-27 15:18:01","2016-01-27 15:18:01",,,0
16118,48.1205,"OCP/AXE NORD/JORF LASFAR","Rges réducteurs FLENDER ","2016-01-27 14:58:30","2016-02-17 18:00:00",5433,"2016-02-17 18:00:00",Dossier_15991,"Rge réducteurs FLENDER",https://esuppliers.ocpgroup.org/esop/toolkit/opportunity/opportunityDetail.do?opportunityId=5433,"2016-01-27 15:18:01","2016-01-27 15:18:01",,,0
16119,47.1170,"OCP/AXE NORD JORF LASFAR","COUPLEURS MAGNETIQUE","2016-01-27 15:15:27","2016-02-16 23:00:00",5411,"2016-02-16 23:00:00",Dossier_15961,"COUPLEURS MAGNETIQUE",https://esuppliers.ocpgroup.org/esop/toolkit/opportunity/opportunityDetail.do?opportunityId=5411,"2016-01-27 16:18:01","2016-01-27 16:18:01",,,0
16120,48.1205,"OCP/AXE NORD JORF LASFAR","Fourniture des pièces de rechange de marque FLENDER ","2016-01-27 15:23:01","2016-02-16 23:00:00",5398,"2016-02-16 23:00:00",Dossier_15945,"Fourniture des  pièces de rechange de marque FLENDER ",https://esuppliers.ocpgroup.org/esop/toolkit/opportunity/opportunityDetail.do?opportunityId=5398,"2016-01-27 16:18:01","2016-01-27 16:18:01",,,0
16121,17.0363,"OCP / Direction Achats / Jorf Lasfar","Fourniture des manchons compensateurs à Jorf Lasfar","2016-01-27 15:20:12","2016-02-17 23:00:00",5399,"2016-02-17 23:00:00",Dossier_15947,"Fourniture des manchons compensateurs à Jorf Lasfar.",https://esuppliers.ocpgroup.org/esop/toolkit/opportunity/opportunityDetail.do?opportunityId=5399,"2016-01-27 16:18:01","2016-01-27 16:18:01",,,0
16122,38.0917,"OCP/AXE NORD JORF LASFAR","POMPES-KSB ","2016-01-27 15:19:18","2016-02-16 23:00:00",5400,"2016-02-16 23:00:00",Dossier_15948,POMPES-KSB,https://esuppliers.ocpgroup.org/esop/toolkit/opportunity/opportunityDetail.do?opportunityId=5400,"2016-01-27 16:18:01","2016-01-27 16:18:01",,,0
16123,48.1203,"OCP/AXE NORD JORF LASFAR",RÉDUCTEURS-DURAND,"2016-01-27 15:17:52","2016-02-16 23:00:00",5404,"2016-02-16 23:00:00",Dossier_15953,RÉDUCTEURS-DURAND,https://esuppliers.ocpgroup.org/esop/toolkit/opportunity/opportunityDetail.do?opportunityId=5404,"2016-01-27 16:18:01","2016-01-27 16:18:01",,,0
16124,17.0363,"OCP / Direction Achats / Jorf Lasfar","Fourniture des manchons compensateurs DILATOFLEX à Khouribga.","2016-01-27 15:17:01","2016-02-17 23:00:00",5405,"2016-02-17 23:00:00",Dossier_15956,"Fourniture des manchons compensateurs DILATOFLEX à Khouribga.",https://esuppliers.ocpgroup.org/esop/toolkit/opportunity/opportunityDetail.do?opportunityId=5405,"2016-01-27 16:18:01","2016-01-27 16:18:01",,,0
16125,38.0917,"OCP/AXE NORD JORF LASFAR","PIECES DE RECHANGE DESTINEES POUR POMPES DE MARQUE KSB ","2016-01-27 15:16:16","2016-02-16 23:00:00",5408,"2016-02-16 23:00:00",Dossier_15960,"PIECES DE RECHANGE  DESTINEES POUR POMPES DE MARQUE KSB",https://esuppliers.ocpgroup.org/esop/toolkit/opportunity/opportunityDetail.do?opportunityId=5408,"2016-01-27 16:18:01","2016-01-27 16:18:01",,,0
16126,02.0029,OCP,"Projet de construction du nouveau Port Phosphatier de LAAYOUNE 
","2016-03-30 14:59:36","2016-02-29 10:00:00",5443,"2016-04-18 17:00:00",Dossier_15998,"Projet de construction du nouveau Port Phosphatier de LAAYOUNE ",https://esuppliers.ocpgroup.org/esop/toolkit/opportunity/opportunityDetail.do?opportunityId=5443,"2016-01-27 19:03:01","2016-01-27 19:03:01",,,0
16127,38.0919,"OCP/AXE NORD JORF LASFAR","Pompes-MOINEAU
Pompes-MOINEAU
Pompes-MOINEAU ","2016-02-17 10:40:35","2016-02-17 23:00:00",5441,"2016-02-17 23:00:00",Dossier_15999,Pompes-MOINEAU,https://esuppliers.ocpgroup.org/esop/toolkit/opportunity/opportunityDetail.do?opportunityId=5441,"2016-01-27 19:03:01","2016-01-27 19:03:01",,,0
16128,47.1174,"OCP/axe nord jorf lasfar","Poulies a gorges trapézoïdales","2016-02-17 10:21:00","2016-02-17 23:00:00",5442,"2016-02-17 23:00:00",Dossier_16000,"Poulies a gorges trapézoïdales",https://esuppliers.ocpgroup.org/esop/toolkit/opportunity/opportunityDetail.do?opportunityId=5442,"2016-01-27 19:03:01","2016-01-27 19:03:01",,,0
16129,17.0362,"OCP / Achats Axe Nord / Jorf Lasfar","Garniture mécanique","2016-01-27 17:33:01","2016-02-17 18:00:00",5444,"2016-02-17 18:00:00",Dossier_16001,"Garniture mécanique",https://esuppliers.ocpgroup.org/esop/toolkit/opportunity/opportunityDetail.do?opportunityId=5444,"2016-01-27 19:03:01","2016-01-27 19:03:01",,,0
16130,38.0927,"OCP/ Achats Axe Nord / Jorf Lasfar","PDR pour pompes RHEINHUTTE","2016-01-27 17:32:11","2016-02-17 18:00:00",5446,"2016-02-17 18:00:00",Dossier_16003,"PDR pour pompe  RHEINHUTTE",https://esuppliers.ocpgroup.org/esop/toolkit/opportunity/opportunityDetail.do?opportunityId=5446,"2016-01-27 19:03:01","2016-01-27 19:03:01",,,0
16131,34.0780,"OCP / GP / IDB","AO_Ouvert : Réalisation des convoyeurs de manutention de la laverie LAAYOUNE :
Etude, Fourniture et Réalisation d’Un Système de Manutention de Phosphates à la Laverie Laayoune, constitué de : Convoyeurs de manutention de Phosphates et Trémies de Phosphates à l’intérieur de la Laverie en mode EPC à LAAYOUNE Plage située à  30 km de la ville de LAAYOUNE.","2016-03-04 16:22:37","2016-03-10 12:00:00",5426,"2016-03-10 22:00:00",Dossier_15979,"Réalisation des convoyeurs de manutention de la laverie LAAYOUNE",https://esuppliers.ocpgroup.org/esop/toolkit/opportunity/opportunityDetail.do?opportunityId=5426,"2016-01-28 09:18:01","2016-01-28 09:18:01",,,0
16132,01.0005,"OCP/Axe Nord/Jorf Lasfar","Acquisition d'un spectromètre portable de fluorescence X  (ED.XRF) à Jorf Lasfar ","2016-01-28 09:18:51","2016-02-05 18:00:00",1491,"2016-02-05 18:00:00",Dossier_11115,"Acquisition d'un spectromètre portable de fluorescence X à Jorf Lasfar",https://esuppliers.ocpgroup.org/esop/toolkit/opportunity/opportunityDetail.do?opportunityId=1491,"2016-01-28 09:33:01","2016-01-28 09:33:01",,,0
16133,40.1007,"OCP/ACHATS JV/JORF LASFAR -EL JADIDA/ MAROC","IMA- TRANSMETTEUR DE NIVEAU RADAR","2016-01-28 09:25:38","2016-02-08 18:00:00",5388,"2016-02-15 18:00:00",Dossier_15914,"IMA- TRANSMETTEUR DE NIVEAU RADAR",https://esuppliers.ocpgroup.org/esop/toolkit/opportunity/opportunityDetail.do?opportunityId=5388,"2016-01-28 09:33:01","2016-01-28 09:33:01",,,0
16134,33.0772,"OCP | Jorf Lasfar | OIA/CV","IMA | Prestation de nettoyage et service","2016-01-28 09:25:12","2016-02-05 18:00:00",5406,"2016-02-12 18:00:00",Dossier_15959,"IMA | Prestation de nettoyage et service",https://esuppliers.ocpgroup.org/esop/toolkit/opportunity/opportunityDetail.do?opportunityId=5406,"2016-01-28 09:33:01","2016-01-28 09:33:01",,,0
16135,23.0471,"OCP/AXE NORD/ JORF LASFAR","Acquisition d’équipements bureautiques pour JFD
","2016-01-28 09:57:25","2016-02-11 23:00:00",5449,"2016-02-18 23:00:00",Dossier_16007,"Acquisition d’équipements bureautiques pour JFD",https://esuppliers.ocpgroup.org/esop/toolkit/opportunity/opportunityDetail.do?opportunityId=5449,"2016-01-28 10:03:02","2016-01-28 10:03:02",,,0
16136,02.0036,"OCP/AXE NORD/KHOURIBGA","Travaux d'entretien de la piscine et des fontaines a pont blondin Mohammedia comprennent en particulier: 

-Travaux de réparation du LINER;
-Travaux d’entretien des monoblocs de filtration;
-Fourniture et pose des poches filtrantes;
-Fourniture des accessoires nécessaires;
-Essais et mise en marche de la piscine ;
-Essais et mise en marche des deux fontaines 
","2016-01-28 10:19:38","2016-02-10 18:00:00",5450,"2016-02-10 18:00:00",Dossier_15954,"Travaux d'entretien de la piscine et des fontaines a pont blondin Mohammedia",https://esuppliers.ocpgroup.org/esop/toolkit/opportunity/opportunityDetail.do?opportunityId=5450,"2016-01-28 10:33:01","2016-01-28 10:33:01",,,0
16137,38.0899,"OCP / Achats Axe Nord / Jorf Lasfar","PDR pour pompes ENSIVAL","2016-01-28 10:28:01","2016-02-18 18:00:00",5447,"2016-02-18 18:00:00",Dossier_16004,"PDR pour pompes ENSIVAL",https://esuppliers.ocpgroup.org/esop/toolkit/opportunity/opportunityDetail.do?opportunityId=5447,"2016-01-28 10:33:01","2016-01-28 10:33:01",,,0
16138,47.1170,"OCP/AXE NORD JORF LASFAR","ACCOUPLEMENTS ","2016-01-28 10:27:13","2016-02-18 23:00:00",5448,"2016-02-18 23:00:00",Dossier_16008,ACCOUPLEMENTS,https://esuppliers.ocpgroup.org/esop/toolkit/opportunity/opportunityDetail.do?opportunityId=5448,"2016-01-28 10:33:01","2016-01-28 10:33:01",,,0
16139,47.1170,"OCP/AXE NORD/JORF LASFAR","MANCHONS D’ACCOUPLEMENT ET ACCESSOIRES D’ACCOUPLEMENT","2016-01-28 10:26:06","2016-02-18 18:00:00",5452,"2016-02-18 18:00:00",Dossier_16010,"MANCHONS D’ACCOUPLEMENT ET ACCESSOIRES D’ACCOUPLEMENT",https://esuppliers.ocpgroup.org/esop/toolkit/opportunity/opportunityDetail.do?opportunityId=5452,"2016-01-28 10:33:01","2016-01-28 10:33:01",,,0
16140,48.1199,"OCP/AXE NORD/JORF LASFAR","Fourniture DES RECHANGES CFD","2016-01-28 11:06:35","2016-02-18 18:00:00",5458,"2016-02-18 18:00:00",Dossier_16018,"Fourniture DES RECHANGES CFD",https://esuppliers.ocpgroup.org/esop/toolkit/opportunity/opportunityDetail.do?opportunityId=5458,"2016-01-28 11:18:01","2016-01-28 11:18:01",,,0
16141,16.0350,"OCP / DIRECTION EXECUTIVE OPERATIONS INDUSTRIELLES / GANTOUR  ","ENTRETIEN DES ESPACES VERTS AUX CITES OCP ET ZONES INDUSTRIELLES DE GANTOUR

Consistances des prestations :
SCOPE DU PROJET EN PJ

Le délai des prestations est de 02 ANS","2016-02-17 07:23:07","2016-02-19 18:00:00",5460,"2016-02-22 18:00:00",Dossier_16020,"ENTRETIEN DES ESPACES VERTS AUX CITES OCP ET ZONES INDUSTRIELLES DE GANTOUR",https://esuppliers.ocpgroup.org/esop/toolkit/opportunity/opportunityDetail.do?opportunityId=5460,"2016-01-28 12:03:02","2016-01-28 12:03:02",,,0
16142,32.0744,"OCP AXE CENTRE / SAFI","CAILLEBOTIS ET MARCHE ESCALIER ","2016-01-28 12:35:01","2016-02-09 19:00:00",5453,"2016-02-11 19:00:00",Dossier_16012,"CAILLEBOTIS ET MARCHE ESCALIER ",https://esuppliers.ocpgroup.org/esop/toolkit/opportunity/opportunityDetail.do?opportunityId=5453,"2016-01-28 14:18:01","2016-01-28 14:18:01",,,0
16143,02.0024,"OCP/ACHAT CORPORATE/JORF LASFAR","Fourniture et installation des climatiseurs à JFC1 à Jorf Lasfar","2016-01-28 13:08:32","2016-02-09 18:00:00",5464,"2016-02-10 18:00:00",Dossier_16021,"Fourniture et installation des climatiseurs à JFC1 à Jorf Lasfar",https://esuppliers.ocpgroup.org/esop/toolkit/opportunity/opportunityDetail.do?opportunityId=5464,"2016-01-28 14:18:01","2016-01-28 14:18:01",,,0
16144,08.0124,"OCP / AXE NORD /  JORF LASFAR","SAVON DE MARSEILLE","2016-01-28 15:01:32","2016-02-11 23:00:00",5417,"2016-02-11 23:00:00",Dossier_15958,"SAVON DE MARSEILLE",https://esuppliers.ocpgroup.org/esop/toolkit/opportunity/opportunityDetail.do?opportunityId=5417,"2016-01-28 15:33:01","2016-01-28 15:33:01",,,0
16146,15.0335,"OCP / AXE NORD / JORF LASFAR","Badges magnétiques de contrôle d’accès au Site de Jorf lasfar.","2016-01-28 15:05:13","2016-02-15 12:00:00",5437,"2016-02-15 12:00:00",Dossier_15995,"Badges magnétiques de contrôle d’accès au Site de Jorf lasfar.",https://esuppliers.ocpgroup.org/esop/toolkit/opportunity/opportunityDetail.do?opportunityId=5437,"2016-01-28 15:33:01","2016-01-28 15:33:01",,,0
16147,33.0773,OCP,"IMC | Prestation de service pour le compte de IMACID","2016-01-29 12:02:16","2016-02-08 00:00:00",5470,"2016-02-11 18:00:00",Dossier_16031,"IMC | Prestation de service pour le compte de IMACID",https://esuppliers.ocpgroup.org/esop/toolkit/opportunity/opportunityDetail.do?opportunityId=5470,"2016-01-28 15:33:01","2016-01-28 15:33:01",,,0
16148,44.1142,"OCP / AXE NORD /  JORF LASFAR","Fourniture des EPI électriques des Tableaux BT et MT ","2016-01-28 15:04:40","2016-02-15 23:00:00",5465,"2016-02-15 23:00:00",Dossier_16025,"Fourniture des EPI électriques des Tableaux BT et MT ",https://esuppliers.ocpgroup.org/esop/toolkit/opportunity/opportunityDetail.do?opportunityId=5465,"2016-01-28 15:33:01","2016-01-28 15:33:01",,,0
16149,08.0124,"OCP / AXE NORD JORF LASFAR ","FOURNITURE DE SANITAIRE","2016-01-28 15:04:04","2016-02-15 23:00:00",5469,"2016-02-15 23:00:00",Dossier_16027,"FOURNITURE DE SANITAIRE",https://esuppliers.ocpgroup.org/esop/toolkit/opportunity/opportunityDetail.do?opportunityId=5469,"2016-01-28 15:33:01","2016-01-28 15:33:01",,,0
16150,09.0144,"OCP / AXE NORD / KHOURIBGA","CABLES ELECTRIQUES
Voir le détail du besoin sur les deux « BRIEF Technique » en pièce jointe dans la RFI.","2016-01-28 16:01:25","2016-02-11 18:00:00",5423,"2016-02-18 18:00:00",Dossier_15975,"CABLES ELECTRIQUES",https://esuppliers.ocpgroup.org/esop/toolkit/opportunity/opportunityDetail.do?opportunityId=5423,"2016-01-28 16:48:01","2016-01-28 16:48:01",,,0
16151,09.0146,"OCP / AXE NORD / KHOURIBGA ","Achat des chargeurs de batteries
 - Poste A : 05 chargeurs 24V
   -Tension de sortie : 24V
   - Courant de charge : 100A
 - Poste B  : 05 chargeurs 48V
   - Tension de sortie 48V
   - Courant de charge :50A","2016-01-28 15:59:38","2016-02-11 18:00:00",5403,"2016-02-18 18:00:00",Dossier_15949,"Achat de 10 chargeurs de batteries (05-24V ; 05-48V)",https://esuppliers.ocpgroup.org/esop/toolkit/opportunity/opportunityDetail.do?opportunityId=5403,"2016-01-28 16:48:01","2016-01-28 16:48:01",,,0
16152,01.0005,"OCP / AXE CENTRE / SAFI","Acquisition de 03 Centrifugeuses de Paillasse et 06 agitateurs magnétiques : 
Les centrifugeuses de paillasse seront dédiées à la détermination du taux de solide dans l'acide phosphorique.
Les agitateurs magnétiques seront dédiés à des usages routiniers de l’activité analytique du laboratoire
","2016-01-28 16:41:57","2016-02-17 18:00:00",5478,"2016-02-18 18:00:00",Dossier_16038,"Acquisition de 03 Centrifugeuses de Paillasse et 06 agitateurs magnétiques",https://esuppliers.ocpgroup.org/esop/toolkit/opportunity/opportunityDetail.do?opportunityId=5478,"2016-01-28 16:48:01","2016-01-28 16:48:01",,,0
16153,14.0301,"OCP/AXE NORD/KHOURIBGA","Rechanges BERNARD 
Articles destines pour la maintenance des fours sécheurs.
VOIR BRIEF CI-JOINT","2016-01-28 17:35:19","2016-02-11 18:00:00",5413,"2016-02-18 18:00:00",Dossier_15967,"Rechanges BERNARD",https://esuppliers.ocpgroup.org/esop/toolkit/opportunity/opportunityDetail.do?opportunityId=5413,"2016-01-28 18:18:01","2016-01-28 18:18:01",,,0
16154,09.0154,"OCP /AXE NORD / KHOURIBGA","Travaux d'équilibrage et de réparation  équipements de JFC2 pour:
 -Rotors tournants à l’entité JFC-2 à Jorf Lasfar .
 -Roues des ventilateurs  à l’entité JFC-2 à Jorf Lasfar. 
","2016-01-28 18:00:16","2016-02-11 18:00:00",5419,"2016-02-18 18:00:00",Dossier_15968,"Travaux d'équilibrage et de réparation des  équipements de JFC2",https://esuppliers.ocpgroup.org/esop/toolkit/opportunity/opportunityDetail.do?opportunityId=5419,"2016-01-28 18:18:01","2016-01-28 18:18:01",,,0
16155,13.0232,"OCP / AXE NORD / KHOURIBGA","FOURNITURE DES CHAINES TUBULAIRE REXNORD POUR ELEVATEURS A GODETS 107A-T01&T13.
 LES REFERENCES DES CHAINES TUBULAIRES DE MARQUE REXNORD CONCERNES PAR CET AMI SONT :
-CHAINE REXNORD R4065 G5 PLAN N° 200296-02-10 REP 28
-CHAINE REXNORD R4004-G5 PLAN N° 200296-05-01 REP 28
 * Délai de livraison : 05 MOIS APRES COMMANDE
 * Merci de consulter la pièce jointe pour de plus amples informations ","2016-02-09 09:55:58","2016-02-11 18:00:00",5424,"2016-02-18 18:00:00",Dossier_15972,"FOURNITURE DES CHAINES TUBULAIRE REXNORD POUR ELEVATEURS A GODETS 107A-T01&T13",https://esuppliers.ocpgroup.org/esop/toolkit/opportunity/opportunityDetail.do?opportunityId=5424,"2016-01-28 18:18:01","2016-01-28 18:18:01",,,0
16156,13.0232,"OCP / AXE NORD / KHOURIBGA","La fourniture des pièces de rechanges pour les transporteurs en masse marque FRAG .
 Ce besoin porte sur des pièces de rechanges d'élévateur à godets marque FRAG à savoir :
 - Degreneur FRAG PLAN T0510047 REP3
 - Axe "Boulon +Ecrou" FRAG PLAN CF26032BT1002 REP 2 ET 3.
 Délai de livraison : 2 mois.
 Merci de consulter la pièce jointe pour de plus amples informations ","2016-01-28 17:30:41","2016-02-11 18:00:00",5402,"2016-02-18 18:00:00",Dossier_15907,"Fourniture des pièces de rechanges pour les transporteurs en masse marque FRAG ",https://esuppliers.ocpgroup.org/esop/toolkit/opportunity/opportunityDetail.do?opportunityId=5402,"2016-01-28 18:18:01","2016-01-28 18:18:01",,,0
16157,14.0282,"OCP/AXE NORD/KHOURIBGA","RECHANGES PH.
FOURNITURE DES PIÈCES DE RECHANGE PH DESTINÉES POUR ASSURER LES ENTRETIENS SYSTÉMATIQUES ET LE DÉPANNAGE DES PELLES PH1 ET PH2.
VOIR BRIEF CI-JOINT","2016-01-28 17:36:07","2016-02-11 18:00:00",5410,"2016-02-18 18:00:00",Dossier_15955,"Rechanges PH",https://esuppliers.ocpgroup.org/esop/toolkit/opportunity/opportunityDetail.do?opportunityId=5410,"2016-01-28 18:18:01","2016-01-28 18:18:01",,,0
16158,20.0397,"OCP / AXE NORD / KHOURIBGA","Achat de l’outillage pour la maintenance à JFC2
 -Achat de matériel 
","2016-01-28 17:58:39","2016-02-11 18:00:00",5425,"2016-02-18 18:00:00",Dossier_15978,"Achat de l’outillage pour la maintenance à JFC2",https://esuppliers.ocpgroup.org/esop/toolkit/opportunity/opportunityDetail.do?opportunityId=5425,"2016-01-28 18:18:01","2016-01-28 18:18:01",,,0
16159,13.0247,"OCP/AXE NORD/KHOURIBGA","Révision générale des moteurs thermiques CATERPILLAR Type 3408E-8BL et 3408E-ABK.
 La révision consiste :
 - démontage et expertise du moteur thermique.
 - métrologie des pièces maitresses conformément au préconisations du constructeur.
 - Révision et test de l’installation électrique.
 - Révision et test des échangeurs thermiques. ","2016-01-28 17:33:47","2016-02-12 18:00:00",5349,"2016-02-12 18:00:00",Dossier_15879,"Révision générale des moteurs thermiques CATERPILLAR",https://esuppliers.ocpgroup.org/esop/toolkit/opportunity/opportunityDetail.do?opportunityId=5349,"2016-01-28 18:18:01","2016-01-28 18:18:01",,,0
16160,14.0289,"OCP / AXE NORD / KHOURIBGA","LA FOURNITURE DES PIECES DE RECHANGE POUR LA BALAYEUSE MECNIQUE DULEVO 5050041875 TYPE:5011 MODEL:5000 EVOLUTION SERIE N°:ZA950110009C38306
","2016-01-28 17:31:52","2016-02-11 18:00:00",5360,"2016-02-18 18:00:00",Dossier_15905,"LA FOURNITURE DES PIECES DE RECHANGE POUR LA BALAYEUSE MECANIQUE DULEVO",https://esuppliers.ocpgroup.org/esop/toolkit/opportunity/opportunityDetail.do?opportunityId=5360,"2016-01-28 18:18:01","2016-01-28 18:18:01",,,0
16161,32.0754,"OCP/ AXE NORD/ JORF LASFAR","Fourniture des pièces usinées et chaudronnées suivant plan JFC V ","2016-01-28 17:46:24","2016-01-21 18:00:00",5164,"2016-02-18 16:00:00",Dossier_15646,"Fourniture des pièces usinées et chaudronnées suivant plan JFC V",https://esuppliers.ocpgroup.org/esop/toolkit/opportunity/opportunityDetail.do?opportunityId=5164,"2016-01-28 18:18:01","2016-01-28 18:18:01",,,0
16162,28.0670,"OCP/ACHAT CORPORATE","Acquisition des huiles et graisses pour le complexe JFC1. JORF LASFAR","2016-03-21 08:37:04","2016-02-16 12:00:00",5466,"2016-03-29 11:00:00",Dossier_16024,"Acquisition des huiles et graisses pour le complexe JFC1. JORF LASFAR",https://esuppliers.ocpgroup.org/esop/toolkit/opportunity/opportunityDetail.do?opportunityId=5466,"2016-01-28 18:18:01","2016-01-28 18:18:01",,,0
16163,29.0681,"OCP / AXE NORD / KHOURIBGA","Fourniture d'outillage pneumatique et manuel :
 Ce besoin porte sur l'achat d'outillage pneumatique et manuel pour le service de maintenance mécanique à savoir:
-Cisailles à levier
-Coffrets clé à chocs
-Meuleuse d’angle pneumatique
 -Pull lift 
 -Palans manuel
 Délai de livraison : 02 Mois.
  ","2016-01-28 17:27:39","2016-02-10 18:00:00",5440,"2016-02-17 18:00:00",Dossier_15988,"Fourniture d'outillage pneumatique et manuel pour service de maintenance mécaniq",https://esuppliers.ocpgroup.org/esop/toolkit/opportunity/opportunityDetail.do?opportunityId=5440,"2016-01-28 18:18:01","2016-01-28 18:18:01",,,0
16164,25.0591,"OCP/AXE NORD/JORF LASFAR","Fourniture pour maintenance d'appareil d'instrumentation de secouage des fours.","2016-01-28 17:29:30","2016-02-11 18:00:00",5467,"2016-02-18 18:00:00",Dossier_16026,"Fourniture pour maintenance d'appareil d'instrumentation de secouage des fours",https://esuppliers.ocpgroup.org/esop/toolkit/opportunity/opportunityDetail.do?opportunityId=5467,"2016-01-28 18:18:01","2016-01-28 18:18:01",,,0
16165,32.0754,"OCP/AXE NORD/JORF LASFAR","Fourniture des pièces de rechange pour les concasseurs des installations fixes à Khouribga. ","2016-01-28 17:28:45","2016-02-11 18:00:00",5476,"2016-02-18 18:00:00",Dossier_16028,"Fourniture pour concasseurs des installations fixes à Khouribga",https://esuppliers.ocpgroup.org/esop/toolkit/opportunity/opportunityDetail.do?opportunityId=5476,"2016-01-28 18:18:01","2016-01-28 18:18:01",,,0
16166,24.0509,"OCP/ ACHAT AXED NORD/ JORF LAFAR","Travaux de réparation des fissures des bandages des sécheurs des unités 07A et 07B  de production des engrais à OCP JORF LASFAR","2016-01-28 17:28:03","2016-02-11 18:00:00",5473,"2016-02-18 16:00:00",Dossier_16033,"Travaux de réparation des fissures des bandages des sécheurs des unités 07A et 0",https://esuppliers.ocpgroup.org/esop/toolkit/opportunity/opportunityDetail.do?opportunityId=5473,"2016-01-28 18:18:01","2016-01-28 18:18:01",,,0
16167,32.0752,"OCP/AXE NORD/JORF LASFAR","Fourniture en Rechange TUYAUTERIE ET ACCESSOIRE","2016-01-28 17:34:14","2016-02-11 18:00:00",5459,"2016-02-18 18:00:00",Dossier_16017,"Fourniture en Rechange TUYAUTERIE ET ACCESSOIRE",https://esuppliers.ocpgroup.org/esop/toolkit/opportunity/opportunityDetail.do?opportunityId=5459,"2016-01-28 18:18:01","2016-01-28 18:18:01",,,0
16168,36.0844,"OCP/ ACHATS AXE NORD / JORF LASFAR","Prestations de chaudronnerie et tuyauterie plastiques ","2016-01-28 17:32:10","2016-02-11 18:00:00",5472,"2016-02-18 16:00:00",Dossier_16022,"Prestations de chaudronnerie et tuyauterie plastiques",https://esuppliers.ocpgroup.org/esop/toolkit/opportunity/opportunityDetail.do?opportunityId=5472,"2016-01-28 18:18:01","2016-01-28 18:18:01",,,0
16169,08.0120,"OCP/ AXE NORD/ JORF LASFAR","Fourniture des Rivelons destinés pour la révision du crible de la trémie à Khouribga. ","2016-01-28 17:30:13","2016-02-11 18:00:00",5462,"2016-02-18 18:00:00",Dossier_16023,"Fourniture des Rivelons destinés pour la révision du crible de la trémie ",https://esuppliers.ocpgroup.org/esop/toolkit/opportunity/opportunityDetail.do?opportunityId=5462,"2016-01-28 18:18:01","2016-01-28 18:18:01",,,0
16170,32.0754,"OCP / AXE CENTRE / SAFI","CONFECTION S/MODEL  DA 19533","2016-02-09 16:59:39","2016-02-15 18:00:00",5297,"2016-02-16 19:00:00",Dossier_15824,"CONFECTION S/MODEL  DA 19530",https://esuppliers.ocpgroup.org/esop/toolkit/opportunity/opportunityDetail.do?opportunityId=5297,"2016-01-28 19:33:01","2016-01-28 19:33:01",,,0
16171,32.0754,"OCP / AXE CENTRE / SAFI","CONFECTION S/PLAN  DA 19496","2016-02-09 17:05:13","2016-02-15 18:00:00",5293,"2016-02-16 19:00:00",Dossier_15819,"CONFECTION S/PLAN  DA 19496",https://esuppliers.ocpgroup.org/esop/toolkit/opportunity/opportunityDetail.do?opportunityId=5293,"2016-01-28 19:33:01","2016-01-28 19:33:01",,,0
16172,32.0748,"OCP / AXE CENTRE / SAFI","FONTE S/MODEL  DA 19532","2016-02-09 17:02:37","2016-02-15 18:00:00",5301,"2016-02-16 19:00:00",Dossier_15830,"FONTE S/MODEL  DA 19532",https://esuppliers.ocpgroup.org/esop/toolkit/opportunity/opportunityDetail.do?opportunityId=5301,"2016-01-28 19:33:01","2016-01-28 19:33:01",,,0
16173,32.0747,"OCP / AXE CENTRE / SAFI","FONTE S/MODEL  DA 19531","2016-02-09 17:00:59","2016-02-15 18:00:00",5299,"2016-02-16 19:00:00",Dossier_15826,"FONTE S/MODEL  DA 19531",https://esuppliers.ocpgroup.org/esop/toolkit/opportunity/opportunityDetail.do?opportunityId=5299,"2016-01-28 19:33:01","2016-01-28 19:33:01",,,0
16174,26.0640,"OCP / AXE CENTRE / SAFI","Achat des équipements de rechange pour la fiabilisation du système HRS de la ligne sulfurique PSIII de Maroc-Chimie, à savoir :
- Evaporateur HRS 
- Réchauffeur d’acide HRS 
- Dilueur HRS 

","2016-02-12 18:05:34","2016-02-11 19:00:00",5387,"2016-02-15 12:00:00",Dossier_15919,"Equipements de rechange pour fiabilisation système HRS ligne sulfurique PSIII",https://esuppliers.ocpgroup.org/esop/toolkit/opportunity/opportunityDetail.do?opportunityId=5387,"2016-01-28 19:33:01","2016-01-28 19:33:01",,,0
16175,18.0370,"OCP / AXE CENTRE / SAFI","ETANCHEITE BURGMANN : ETANCHEITE INDUSTRIELLE SPECIFIQUE","2016-02-12 18:04:28","2016-02-11 19:00:00",5457,"2016-02-15 19:00:00",Dossier_16019,"ETANCHEITE BURGMANN",https://esuppliers.ocpgroup.org/esop/toolkit/opportunity/opportunityDetail.do?opportunityId=5457,"2016-01-28 19:33:01","2016-01-28 19:33:01",,,0
16176,38.0899,"OCP / AXE CENTRE / SAFI","RECHANGES POMPES ENSIVAL","2016-02-19 16:13:25","2016-02-11 19:00:00",5455,"2016-02-23 19:00:00",Dossier_16015,"RECHANGES POMPES ENSIVAL",https://esuppliers.ocpgroup.org/esop/toolkit/opportunity/opportunityDetail.do?opportunityId=5455,"2016-01-28 19:33:01","2016-01-28 19:33:01",,,0
16177,14.0302,"OCP / AXE CENTRE / SAFI","RECHANGES SULZER","2016-02-19 16:13:43","2016-02-11 19:00:00",5456,"2016-02-23 19:00:00",Dossier_16016,"RECHANGES SULZER",https://esuppliers.ocpgroup.org/esop/toolkit/opportunity/opportunityDetail.do?opportunityId=5456,"2016-01-28 19:33:01","2016-01-28 19:33:01",,,0
16178,98.9985,"OCP / DIRECTION EXECUTIVE OPERATIONS INDUSTRIELLES / GANTOUR","Prestation de restauration: (Buffet brunch).

Petit déjeuner.
Effectif: 400 personnes
Heure de la prestation 08h00 à 09h00 du matin.","2016-01-29 08:00:14","2016-02-06 18:00:00",5474,"2016-02-08 12:00:00",Dossier_16034,"Prestations de restauration",https://esuppliers.ocpgroup.org/esop/toolkit/opportunity/opportunityDetail.do?opportunityId=5474,"2016-01-29 08:18:01","2016-01-29 08:18:01",,,0
16179,98.9984,"OCP / DIRECTION EXECUTIVE OPERATIONS INDUSTRIELLES / GANTOUR ","Location de matériel de restauration:

* Le matériel désigné doit être de 1er choix.
-Tente caidale 12mx12m.
-Tables
-Chaises
-Nappes pour table
-Assiettes plates GM
-Assiettes plates GM
-Couteaux de table
-..........
","2016-01-29 08:10:15","2016-02-06 18:00:00",5451,"2016-02-08 12:00:00",Dossier_16009,"Location matériel de restauration",https://esuppliers.ocpgroup.org/esop/toolkit/opportunity/opportunityDetail.do?opportunityId=5451,"2016-01-29 08:18:01","2016-01-29 08:18:01",,,0
16180,31.0720,"OCP / AXE NORD / JORF LASFAR","fourniture de : 
• Floculant pour la décantation des boues de lavage ; 
• Floculant pour concentration de la pulpe de phosphate broyé.","2016-01-29 09:17:17","2016-02-01 12:00:00",4602,"2016-02-01 12:00:00",Dossier_14952,"FOURNITURE DE FLOCULANTS",https://esuppliers.ocpgroup.org/esop/toolkit/opportunity/opportunityDetail.do?opportunityId=4602,"2016-01-29 09:33:01","2016-01-29 09:33:01",,,0
16181,41.1052,"OCP / AXE CENTRE / SAFI","Fourniture des vannes et purgeurs et filtres à tamis pour vapeur.
","2016-01-29 10:28:03","2016-02-15 19:00:00",5371,"2016-02-16 19:00:00",Dossier_15924,"Robinetteries industrielles circuit (acide)",https://esuppliers.ocpgroup.org/esop/toolkit/opportunity/opportunityDetail.do?opportunityId=5371,"2016-01-29 10:33:01","2016-01-29 10:33:01",,,0
16182,41.1052,"OCP / AXE CENTRE / SAFI","Fourniture des vannes circuit divers
","2016-01-29 10:31:08","2016-02-15 19:00:00",5370,"2016-02-16 19:00:00",Dossier_15922,"Fourniture des vannes circuit divers",https://esuppliers.ocpgroup.org/esop/toolkit/opportunity/opportunityDetail.do?opportunityId=5370,"2016-01-29 10:48:01","2016-01-29 10:48:01",,,0
16183,24.0503,"OCP/AXE NORD/JORF LASFAR","Fourniture, en rechanges BERNARD, destinés pour assurer la maintenance des fours","2016-01-29 10:43:40","2016-02-08 18:00:00",5483,"2016-02-08 18:00:00",Dossier_16043,"Fourniture, en rechanges BERNARD, destinés pour assurer la maintenance des fours",https://esuppliers.ocpgroup.org/esop/toolkit/opportunity/opportunityDetail.do?opportunityId=5483,"2016-01-29 10:48:01","2016-01-29 10:48:01",,,0
16184,33.0773,"OCP/AXE NORD/KHOURIBGA","Travaux de nettoyage industriel  des convoyeurs à bande de la liaison SIDI CHENNANE- BENI AMIR et du parc de stockage à la mine de BENI AMIR.
 selon le brief technique joint à la RFI
Durée du marché : 12 mois















","2016-01-29 12:04:01","2016-02-12 18:00:00",5358,"2016-02-19 18:00:00",Dossier_15858,"Travaux de nettoyage des convoyeurs de la liaison Sidi chennane -Béni Amir",https://esuppliers.ocpgroup.org/esop/toolkit/opportunity/opportunityDetail.do?opportunityId=5358,"2016-01-29 12:18:01","2016-01-29 12:18:01",,,0
16185,25.0607,"OCP / AXE CENTRE / SAFI","Fourniture pièces de rechanges pour filtre PRESS CHOQUENET ","2016-01-29 12:36:24","2016-02-12 19:00:00",3603,"2016-02-15 19:00:00",Dossier_13734,"Fourniture pièces de rechanges pour filtre PRESS CHOQUENET",https://esuppliers.ocpgroup.org/esop/toolkit/opportunity/opportunityDetail.do?opportunityId=3603,"2016-01-29 12:48:01","2016-01-29 12:48:01",,,0
16186,13.0247,"OCP/ACHAT CORPORATE/JORF LASFAR","Maintenance du groupe électrogène de secours installé dans l’atelier sulfurique de l’entité de JFC1 à Jorf Lasfar
","2016-03-03 14:54:45","2016-02-18 12:00:00",5485,"2016-03-14 14:00:00",Dossier_16045,"Maintenance du groupe électrogène de secours installé dans l’atelier sulfurique ",https://esuppliers.ocpgroup.org/esop/toolkit/opportunity/opportunityDetail.do?opportunityId=5485,"2016-01-29 13:33:01","2016-01-29 13:33:01",,,0
16187,15.0338,"OCP / OPERATIONS INDUSTRIELLES / KHOURIBGA","Le lit complet simple place comprend :
- Lit : 1 place en bois massif
- Matelas
- Oreiller
- Tête d’oreiller
- Housse double
- Sommier
Délai de livraison : 1 mois","2016-01-29 14:23:23","2016-02-12 18:00:00",5461,"2016-02-19 18:00:00",Dossier_16014,"Achat des lits simples place pour Pont-Blondin MOHAMMEDIA",https://esuppliers.ocpgroup.org/esop/toolkit/opportunity/opportunityDetail.do?opportunityId=5461,"2016-01-29 14:33:01","2016-01-29 14:33:01",,,0
16188,11.0211,"OCP / OPERATIONS INDUSTRIELLES / KHOURIBGA","Remise en état des équipements de cuisine du Centre d'estivage Pont-Blondin Mohammedia :
- Entretien et révision générale des équipements de cuisine;
- Entretien et révision générale du matériel froid;
- Entretien et révision générale de 2 Machines à laver;
- Entretien et révision générale d’un four poly cuiseur.

Délai de réalisation : 1 mois

","2016-01-29 15:10:47","2016-02-12 18:00:00",5361,"2016-02-19 18:00:00",Dossier_15888,"REMISE EN ETAT D'EQUIPEMENTS DE LA CUISINE DU CENTRE D’ESTIVAGE P.B A MOHAMMEDIA",https://esuppliers.ocpgroup.org/esop/toolkit/opportunity/opportunityDetail.do?opportunityId=5361,"2016-01-29 18:03:01","2016-01-29 18:03:01",,,0
16189,09.0141,"OCP / AXE NORD / KHOURIBGA","Achat des appareils de mesure et contrôle pour la maintenance 
  - Achat d’appareillage
","2016-01-29 17:12:00","2016-02-12 18:00:00",5428,"2016-02-19 18:00:00",Dossier_15980,"Achat des appareils de mesure et contrôle pour la maintenance éléctrique",https://esuppliers.ocpgroup.org/esop/toolkit/opportunity/opportunityDetail.do?opportunityId=5428,"2016-01-29 18:03:01","2016-01-29 18:03:01",,,0
16190,20.0397,"OCP / AXE NORD / KHOURIBGA","Fourniture d’un lot de Marteaux piqueurs et leurs accessoires pour le compte de l’Atelier Engrais à JFC2  à Jorf Lasfar:
-Marteaux piqueurs :
?	*1    Marteau piqueur        12 Kg
?	*2    Marteaux piqueurs   8 Kg
?	*10  Marteaux piqueurs  5 Kg
?	*6    Marteaux piqueurs   3.5 Kg,
-Accessoires:
?	*1   Pic pour chaque marteau,
?	*1   Burin pour chaque marteau,
?	*1   Bèche pour chaque marteau,
?	*20 Paire de gants Anti vibration,
?	*30  Litre d’huile de lubrification,
?	*8    longueurs de flexibles à air de 40 m chacun,
?	*20  Raccords Tête de chat mâle  DN 25,
?	*20  Raccords Tête de chat femelles  DN 25,
?	*8    Enrouleurs automatiques en acier Inox,
?	*2    Armoires métalliques hautes à double portes battantes


","2016-01-29 17:17:28","2016-02-12 18:00:00",5430,"2016-02-19 18:00:00",Dossier_15982,"Fourniture d’un lot de Marteaux piqueurs et leurs accessoires pour le compte de ",https://esuppliers.ocpgroup.org/esop/toolkit/opportunity/opportunityDetail.do?opportunityId=5430,"2016-01-29 18:03:01","2016-01-29 18:03:01",,,0
16191,06.0094,"OCP/ AXE NORD /  KHOURIBGA ","Convention des travaux sur les convoyeurs à bande à JFC-2
-Vulcanisation
-Changement des bandes,
- Changement des rouleaux et tambours,
-Revêtement des tambours…)

","2016-01-29 17:18:44","2016-02-12 18:00:00",5475,"2016-02-19 18:00:00",Dossier_16032,"Convention des travaux sur les convoyeurs à bande à JFC-2",https://esuppliers.ocpgroup.org/esop/toolkit/opportunity/opportunityDetail.do?opportunityId=5475,"2016-01-29 18:03:01","2016-01-29 18:03:01",,,0
16192,09.0157,"OCP / AXE NORD / KHOURIBGA","Installation réseaux électrique  pour éclairage extérieur des villas accueil.
Les travaux objet de cette réquisition comprennent :
-Fourniture, installation et  mise en service d’une armoire métallique de distribution générale de basse tension  ;
-Fourniture et pose des Projecteurs LED de 220V ;
-Fourniture, installation et mise en service des Lampadaires en aluminium ou inox ;
-Fourniture, installation et mise en service des Bornes d’éclairage en inox ou polyesters source lumineuse type LED ;
-Fourniture, installation et mise en service des spots jardin orientable LED étanche.…….etc.
","2016-01-29 17:09:31","2016-02-12 18:00:00",5434,"2016-02-19 18:00:00",Dossier_15989,"Installation réseaux électrique  pour éclairage extérieur des villas accueil.",https://esuppliers.ocpgroup.org/esop/toolkit/opportunity/opportunityDetail.do?opportunityId=5434,"2016-01-29 18:03:01","2016-01-29 18:03:01",,,0
16193,33.0770,"OCP / OPERATIONS INDUSTRIELLES / KHOURIBGA","Achat de nettoyeurs haute pression à eau chaude :
- Equipé de 4 roues dont 2 directionnelles permettant un déplacement simplifié;
- Livré avec accessoires professionnels : pistolet, flexible haute pression et câble électrique;
- Puissance moteur : 3200W, Voltage : 220V, Fréquence : 50Hz, Pression maximale : 200 bars, Débit maximum : 900 litres/heure, Température maximale de l'eau : 140°C

Délai de livraison : 1 mois
","2016-01-29 17:36:37","2016-02-12 18:00:00",5480,"2016-02-19 18:00:00",Dossier_16040,"Achat de nettoyeur haute pression à eau chaude",https://esuppliers.ocpgroup.org/esop/toolkit/opportunity/opportunityDetail.do?opportunityId=5480,"2016-01-29 18:03:01","2016-01-29 18:03:01",,,0
16194,25.0608,"OCP / OPERATIONS INDUSTRIELLES / JORF LASFAR","Articles destinés pour la maintenance des fours sécheurs","2016-01-29 17:06:42","2016-02-12 18:00:00",5490,"2016-02-19 16:00:00",Dossier_16051,"Fourniture de rechanges pour surpresseurs",https://esuppliers.ocpgroup.org/esop/toolkit/opportunity/opportunityDetail.do?opportunityId=5490,"2016-01-29 18:03:01","2016-01-29 18:03:01",,,0
16195,24.0514,"OCP AXE CENTRE / SAFI","Convention d’entretien mécanique courant à OIS/P/P.","2016-02-19 14:36:16","2016-02-17 19:00:00",5492,"2016-02-22 19:00:00",Dossier_16052,"Convention d’entretien mécanique courant à OIS/P/P.",https://esuppliers.ocpgroup.org/esop/toolkit/opportunity/opportunityDetail.do?opportunityId=5492,"2016-01-29 18:03:01","2016-01-29 18:03:01",,,0
16196,50.1255,"OCP / Axe centre / Safi","Vente, réparation et entretien systématique des camions : diagnostique, réparation des pannes sous garantie, changement des filtres, huile, contrôle des niveaux…, et la réalisation des prestations demandées dans les règles de l’art.  ","2016-02-18 18:23:21","2016-02-19 19:00:00",5487,"2016-02-20 19:00:00",Dossier_16048,"Achat d'un camion à ridelle.",https://esuppliers.ocpgroup.org/esop/toolkit/opportunity/opportunityDetail.do?opportunityId=5487,"2016-01-29 18:03:01","2016-01-29 18:03:01",,,0
16197,32.0744,"OCP / OPERTAIONS INDUSTRIELLES / JORF LASFAR","CAILLEBOTIS EN POLYESTER pour assurer la sécurisation des passerelles, marches, et les allées au niveau des installations de la laverie MEA","2016-01-29 17:07:11","2016-02-12 18:00:00",5489,"2016-02-19 16:00:00",Dossier_16050,"Fourniture des caillebotis en polyester",https://esuppliers.ocpgroup.org/esop/toolkit/opportunity/opportunityDetail.do?opportunityId=5489,"2016-01-29 18:03:01","2016-01-29 18:03:01",,,0
16198,32.0747,OCP/AXENORD/JORFLASFAR,"CND des échangeurs SAP par courant de Foucault","2017-01-19 16:49:53","2017-01-27 23:00:00",5484,"2017-01-27 23:00:00",Dossier_16044,"CND des échangeurs SAP par courant de Foucault",https://esuppliers.ocpgroup.org/esop/toolkit/opportunity/opportunityDetail.do?opportunityId=5484,"2016-01-29 18:03:01","2016-01-29 18:03:01",,,0
16199,25.0586,"OCP / AXE NORD / KHOURIBGA","RECHANGES ATMOS :
Assurer la maintenance des tourteaux des extracteurs des tabliers métalliques de la trémie des phosphates
Rechanges ATMOS :
-Voir « BRIEF Technique » en pièce jointe à la RFI","2016-01-29 18:09:38","2016-02-12 18:00:00",5479,"2016-02-19 18:00:00",Dossier_16039,"RECHANGES ATMOS",https://esuppliers.ocpgroup.org/esop/toolkit/opportunity/opportunityDetail.do?opportunityId=5479,"2016-01-29 18:18:01","2016-01-29 18:18:01",,,0
16200,11.0210,"OCP/ACHAT CORPORATE","Achat des appareils électroménagers. Pour le complex JFC1, JORF LASFAR","2016-01-29 18:03:31","2016-02-18 12:00:00",5471,"2016-02-18 12:00:00",Dossier_16030,"Achat des appareils électroménagers. Pour le complex JFC1, JORF LASFAR",https://esuppliers.ocpgroup.org/esop/toolkit/opportunity/opportunityDetail.do?opportunityId=5471,"2016-01-29 18:18:01","2016-01-29 18:18:01",,,0
16201,44.1141,"OCP/ACHAT CORPORATE","Travaux de maintenance des systèmes de détection et d’extinction incendie pour le complexe JFC1 Jorf Lasfar","2016-03-07 09:30:03","2016-02-16 12:00:00",5482,"2016-03-15 12:00:00",Dossier_16036,"Travaux de maintenance des systèmes de détection et d’extinction incendie pour l",https://esuppliers.ocpgroup.org/esop/toolkit/opportunity/opportunityDetail.do?opportunityId=5482,"2016-01-29 18:18:01","2016-01-29 18:18:01",,,0
16202,39.0951,"OCP/achat corporate","Achat d’un détecteur de multi gaz portable pour complexe JFC1 à Jorf Lasfar","2016-01-29 18:06:05","2016-02-15 12:00:00",5488,"2016-02-15 12:00:00",Dossier_16046,"Achat d’un détecteur de multi gaz portable pour complexe JFC1 à Jorf Lasfar",https://esuppliers.ocpgroup.org/esop/toolkit/opportunity/opportunityDetail.do?opportunityId=5488,"2016-01-29 18:18:01","2016-01-29 18:18:01",,,0
16203,26.0640,"OCP-Jorf Lasfar","Projet de réalisation en mode EPC d'une nouvelle unité de production d’acide sulfurique de capacité 4200TMH/J SAP 101U à Jorf Lasfar avec en option la réalisation d'une deuxième unité de production d'acide sufurique pour le complexe d'engrais de Laayoune","2016-03-11 15:38:55","2016-03-07 22:00:00",5493,"2016-03-14 16:00:00",Dossier_16056,"Projet SAP U Jorf avec option SAP Laayoune",https://esuppliers.ocpgroup.org/esop/toolkit/opportunity/opportunityDetail.do?opportunityId=5493,"2016-01-29 20:03:01","2016-01-29 20:03:01",,,0
16204,08.0121,"OCP / AXE NORD / KHOURIBGA","Fourniture des flacons d'échantillons
(Selon le BREIF attaché à la RFI)","2016-02-01 09:51:22","2016-02-15 18:00:00",5241,"2016-02-22 18:00:00",Dossier_15737,"Fourniture des flacons d'échantillons",https://esuppliers.ocpgroup.org/esop/toolkit/opportunity/opportunityDetail.do?opportunityId=5241,"2016-02-01 10:03:02","2016-02-01 10:03:02",,,0
16205,44.1142,"OCP / AXE NORD / KHOURIBGA","Fourniture des articles de signalisation
(Selon le BREIF attaché à la RFI)","2016-02-01 10:14:33","2016-02-15 18:00:00",5226,"2016-02-22 18:00:00",Dossier_15717,"Fourniture des articles de signalisation",https://esuppliers.ocpgroup.org/esop/toolkit/opportunity/opportunityDetail.do?opportunityId=5226,"2016-02-01 10:18:01","2016-02-01 10:18:01",,,0
16206,11.0211,"OCP SA/ AXE NORD/ KHOURIBGA","Acquisition d'équipements et matériel pour le centre d'estivage de Pont Blondin/ Mohammedia :
*Téléviseurs SMART 40’’ ; 
*Téléviseurs SMART 60’’ ; 
*Cuisinière 4 feux a gaz ; 
*Chauffe eau électrique de 50l ; 
*Réfrigérateurs 250 l ;
*Parasols.

Délai de livraison : 01 mois
","2016-02-01 10:40:37","2016-02-15 18:00:00",5498,"2016-02-22 18:00:00",Dossier_16059,"Acquisition d'équipements et matériel pour le centre d'estivage de Pont Blondin",https://esuppliers.ocpgroup.org/esop/toolkit/opportunity/opportunityDetail.do?opportunityId=5498,"2016-02-01 10:48:01","2016-02-01 10:48:01",,,0
16207,53.1311,"OCP/AXE CENTRE/ PHOSBOUCRAA",EPI,"2016-02-01 10:55:43","2016-02-13 18:00:00",5500,"2016-02-15 20:00:00",Dossier_16063,EPI,https://esuppliers.ocpgroup.org/esop/toolkit/opportunity/opportunityDetail.do?opportunityId=5500,"2016-02-01 11:03:01","2016-02-01 11:03:01",,,0
16208,31.0714,"OCP / AXE CENTRE / SAFI","ENLEVEMENT DU VANADIUM USAGEE 
","2016-03-07 09:49:02","2016-03-09 19:00:00",5494,"2016-03-11 19:00:00",Dossier_16057,"ENLEVEMENT DU VANADIUM USAGEE ",https://esuppliers.ocpgroup.org/esop/toolkit/opportunity/opportunityDetail.do?opportunityId=5494,"2016-02-01 11:18:01","2016-02-01 11:18:01",,,0
16209,38.0899,"OCP SA/AXE CENTRE/SAFI","Fourniture des pièces de rechange pour pompes ENSIVAL MORET","2016-02-01 11:16:08","2016-02-12 18:00:00",5277,"2016-02-15 18:00:00",Dossier_15801,"Fourniture des pièces de rechange pour pompes ENSIVAL MORET DA N°6134",https://esuppliers.ocpgroup.org/esop/toolkit/opportunity/opportunityDetail.do?opportunityId=5277,"2016-02-01 11:33:01","2016-02-01 11:33:01",,,0
16210,08.0122,"OCP/AXE NORD/KOURIBGA","Achat de 42 Plates-formes, 06 marchepieds et 04 échelles  destinés pour atelier  de maintenance mécanique à Sidi Chennane et atelier électrique au COZ : 
- Achat de plateformes en acier (3-4-5-6-12 et 14 marches) ;charge utile 200 kg et plateau de L470XP520 mm; 
- Achat de plateformes en aluminium (3-5-7-9 et 11 marches) ;charge utile 200 kg et plateau de L520XP760 mm;
- Achat de marchepieds extra-larges (3-4 et 5 marches) ;charge utile 150 kg et revêtement des marches en tôle cannelée.
- Achats de 02 échelles pliantes;
- Achats de 02 échelles télescopiques;
- Achat de plate-forme individuelle roulante.

Délai de livraison : 02 mois","2016-02-01 11:29:57","2016-02-15 18:00:00",5432,"2016-02-22 18:00:00",Dossier_15983,"Achat de 42 Plates-formes, 06 marchepieds et 04 échelles ",https://esuppliers.ocpgroup.org/esop/toolkit/opportunity/opportunityDetail.do?opportunityId=5432,"2016-02-01 11:33:01","2016-02-01 11:33:01",,,0
16211,38.0927,"OCP SA/AXE CENTRE/SAFI","Rechanges "Pompes-RHEINHUTTE"","2016-02-01 11:18:45","2016-02-12 18:00:00",5497,"2016-02-15 18:00:00",Dossier_16060,"Rechanges "Pompes-RHEINHUTTE" DA N°18914",https://esuppliers.ocpgroup.org/esop/toolkit/opportunity/opportunityDetail.do?opportunityId=5497,"2016-02-01 11:33:01","2016-02-01 11:33:01",,,0
16212,38.0907,"OCP SA/AXE CENTRE/SAFI","Rechanges "POMPES HIBON"","2016-02-01 11:19:58","2016-02-12 18:00:00",5499,"2016-02-15 18:00:00",Dossier_16064,"Rechanges "POMPES HIBON" DA N°18922",https://esuppliers.ocpgroup.org/esop/toolkit/opportunity/opportunityDetail.do?opportunityId=5499,"2016-02-01 11:33:01","2016-02-01 11:33:01",,,0
16213,20.0393,OCP/Coprorate/Casablanca,"AO ouvert- Location de matériel de reprographie -Centres de Compétences Industrielles OCP SA 

Prestations de Location de matériel de reprographie pour CCI OCP SA pour une durée de 36 mois de 08 photocopieuses à raison de 02 par CCI (04 centres répartis géographiquement sur Khouribga, Jorf lasfar, Safi et Benguerir). Cette prestation concerne la location des photocopieuses, la livraison et l’installation des consommables hors papier, la maintenance avec une réactivité importante et la mise en service.
","2016-02-01 11:46:51","2016-02-16 18:00:00",5368,"2016-02-18 10:00:00",Dossier_15917,"Location de matériel de reprographie -Centres de Compétences Industrielles",https://esuppliers.ocpgroup.org/esop/toolkit/opportunity/opportunityDetail.do?opportunityId=5368,"2016-02-01 15:18:01","2016-02-01 15:18:01",,,0
16214,98.9986,"OCP/Achats corporate/ Casablanca","Organisation d’une animation pour enfants","2016-02-01 11:51:47","2016-02-15 18:00:00",5505,"2016-02-15 18:00:00",Dossier_16069,"Organisation d’une animation pour enfants",https://esuppliers.ocpgroup.org/esop/toolkit/opportunity/opportunityDetail.do?opportunityId=5505,"2016-02-01 15:18:01","2016-02-01 15:18:01",,,0
16215,53.1313,"OCP / AXE NORD / KHOURIBGA","Fourniture d'habillement (Treillis ) 
(Selon le BREIF attaché à la RFI)","2016-02-01 17:54:24","2016-02-15 18:00:00",5504,"2016-02-22 18:00:00",Dossier_16066,"Fourniture d'habillement (Treillis ) ",https://esuppliers.ocpgroup.org/esop/toolkit/opportunity/opportunityDetail.do?opportunityId=5504,"2016-02-01 18:18:01","2016-02-01 18:18:01",,,0
16216,39.0955,"OCP / DIRECTION EXECUTIVE OPERATIONS INDUSTRIELLES / GANTOUR  ","Le présent dossier consiste au déblocage de l’ouverture du coffre-fort  :
Marque : BAUCHE selon les travaux :
• Déblocage de l’ouverture ;
• Essai de l’ouverture et fermeture ;
","2016-02-02 08:30:32","2016-02-09 23:00:00",5509,"2016-02-10 12:00:00",Dossier_16074,"REPARATION DU COFFRE FORT MARQUE BAUCHE ",https://esuppliers.ocpgroup.org/esop/toolkit/opportunity/opportunityDetail.do?opportunityId=5509,"2016-02-02 08:48:01","2016-02-02 08:48:01",,,0
16217,50.1253,"OCP / OPERATIONS INDUSTRIELLES / KHOURIBGA","Révision générale d'embrayage et boite de vitesse du Camion RENAULT KERAX 340 : 
- remplacement disuqe d'embrayage;
- Remplacement plateau d'embrayage;
- Remplacement butée d'embrayage;
- Remplacement maitre-cylindre d'embrayage;
- Remplacement cylindre récepteur;
- Révision boite de vitesses;
- Révision système pneumatique du multiplicateur de vitesses;
- Changement huile de vitesses.

le délai de réparation ne doit pas excéder 07 jours.
Selon Brief lié à la RFI_7298","2016-02-02 09:14:24","2016-02-16 18:00:00",5317,"2016-02-23 18:00:00",Dossier_15841,"Révision générale du camion RENAULT KERAX 340",https://esuppliers.ocpgroup.org/esop/toolkit/opportunity/opportunityDetail.do?opportunityId=5317,"2016-02-02 09:18:01","2016-02-02 09:18:01",,,0
16218,04.0074,OCP,"AMI"Expertise des décanteurs de la laverie MEA"","2016-03-02 09:37:54","2016-03-06 23:00:00",5511,"2016-03-08 16:00:00",Dossier_16076,"Expertise des décanteurs de la laverie MEA",https://esuppliers.ocpgroup.org/esop/toolkit/opportunity/opportunityDetail.do?opportunityId=5511,"2016-02-02 09:48:01","2016-02-02 09:48:01",,,0
16219,15.0334,"OCP / AXE NORD / JORF LASFAR","CARTOUCHES POUR IMPRIMANTES ","2016-02-02 10:37:46","2016-02-15 23:00:00",5491,"2016-02-15 23:00:00",Dossier_16049,"CARTOUCHES POUR IMPRIMANTES",https://esuppliers.ocpgroup.org/esop/toolkit/opportunity/opportunityDetail.do?opportunityId=5491,"2016-02-02 10:48:01","2016-02-02 10:48:01",,,0
16220,24.0514,"OCP / AXE NORD / JORF LASFAR","Travaux de maintenance mécanique des équipements à l’atelier engrais de JFD","2016-02-02 11:05:22","2016-02-16 18:00:00",5516,"2016-02-16 18:00:00",Dossier_16083,"Travaux de maintenance mécanique des équipements DAP à JFD",https://esuppliers.ocpgroup.org/esop/toolkit/opportunity/opportunityDetail.do?opportunityId=5516,"2016-02-02 11:18:01","2016-02-02 11:18:01",,,0
16221,09.0164,"OCP / AXE CENTRE / SAFI","Renouvellement de deux transformateurs de puissance à l’atelier phosphorique de    
 Maroc Chimie.
 Les prestations objet de ce projet comprennent :
La fourniture de deux nouveaux transformateurs de puissance 2000KVA – 6300V/400V;
Le démontage des anciens transformateurs ;
Le montage et la mise en service des nouveaux transformateurs.
","2016-02-02 11:00:13","2016-02-22 19:00:00",5512,"2016-02-23 19:00:00",Dossier_16075,"Renouvellement de 2 transformateurs MT/BT DA 19540",https://esuppliers.ocpgroup.org/esop/toolkit/opportunity/opportunityDetail.do?opportunityId=5512,"2016-02-02 11:18:01","2016-02-02 11:18:01",,,0
16222,36.0840,"OCP / AXE NORD / JORF LASFAR","Besoin destiné pour remplacer les revêtements usés et installés aux épierreurs vibrants des installations fixes de SIDI CHENNANE T2","2016-02-02 11:06:03","2016-02-16 18:00:00",5513,"2016-02-16 16:00:00",Dossier_16080,"Fourniture des pièces de rechange suivant plan",https://esuppliers.ocpgroup.org/esop/toolkit/opportunity/opportunityDetail.do?opportunityId=5513,"2016-02-02 11:18:01","2016-02-02 11:18:01",,,0
16223,32.0754,"OCP / AXE CENTRE / SAFI","CONFECTION S/PLAN  DA 19520","2016-02-12 10:59:39","2016-02-12 18:00:00",5288,"2016-02-16 18:00:00",Dossier_15813,"Confection suivant plan DA 19520",https://esuppliers.ocpgroup.org/esop/toolkit/opportunity/opportunityDetail.do?opportunityId=5288,"2016-02-02 11:33:01","2016-02-02 11:33:01",,,0
16224,37.0853,"OCP / AXE CENTRE / SAFI","Renouvellement d'un lot de pompes d'eau de mer et de dessablage pour OCP SA site de SAFI","2016-02-18 15:35:18","2016-02-17 19:00:00",5514,"2016-02-22 12:00:00",Dossier_16077,"Renouvellement d'un lot de pompes d'eau de mer et de dessablage",https://esuppliers.ocpgroup.org/esop/toolkit/opportunity/opportunityDetail.do?opportunityId=5514,"2016-02-02 11:33:01","2016-02-02 11:33:01",,,0
16225,42.1114,"OCP / AXE NORD / JORF LASFAR","FOURNITURE DE VANNES ET DEMULTIPLICATEURS ","2016-02-03 08:51:01","2016-02-15 23:00:00",5495,"2016-02-19 23:00:00",Dossier_16053,"FOURNITURE DE VANNES ET DEMULTIPLICATEURS ",https://esuppliers.ocpgroup.org/esop/toolkit/opportunity/opportunityDetail.do?opportunityId=5495,"2016-02-02 18:48:01","2016-02-02 18:48:01",,,0
16226,23.0474,"OCP / CORPORATE / CASABLANCA","Réalisation de 40 vidéos réparties en 2 lots :
20 vidéos type émission de présentation métiers VF (tournage dans différentes villes)
20 capsules de sensibilisation VF  (vidéos animées), réparties en 2 thématiques :
 10 capsules Hygiène et sécurité
 10 capsules développement durable et environnement

1/ Conception - rédaction :
- Création d’un concept différent pour chaque lot (pour le lot 2, un concept différent par thématique)
- Création d’un branding et naming propre à chaque lot (pour le lot 2,  un branding et naming différent par thématique)
- Création d’une identité visuelle propre à chaque lot et thématique (générique début/fin en 3D, transition, musique, surimp, synthés…)
- Prise en charge du contenu : rédaction du script et réalisation du story board pour chaque vidéo et capsule sur la base des informations transmises, rédaction du texte de la voix off, prise en charge des interviews et de tout le contenu en général
- Adaptation en autres langues 

2/ Production
- Tournage dans différentes villes (pour le lot 1)
- Réalisation d’interviews (pour le lot 1)
- Illustration 2D – 3D (pour le lot 2)
- Production des vidéos et des capsules animées : montage, mixage, calage…
-Enregistrement des voix off

NB : chaque prestataire devra choisir parmi un des lots
","2016-03-14 11:16:54","2016-03-25 23:00:00",5519,"2016-03-27 22:00:00",Dossier_16086,"Conception et production de plusieurs vidéos et capsules de sensibilisation",https://esuppliers.ocpgroup.org/esop/toolkit/opportunity/opportunityDetail.do?opportunityId=5519,"2016-02-02 18:48:01","2016-02-02 18:48:01",,,0
16227,98.9984,"OCP/Achats Corporate/ Casablanca","Production film d’une compétition sportive et animation enfants ","2016-02-02 18:09:44","2016-02-22 18:00:00",5521,"2016-02-23 18:00:00",Dossier_16090,"Production film d’une compétition sportive et animation enfants",https://esuppliers.ocpgroup.org/esop/toolkit/opportunity/opportunityDetail.do?opportunityId=5521,"2016-02-02 18:48:01","2016-02-02 18:48:01",,,0
16228,02.0029,"OCP / IDD / LAAYOUNE","Travaux d’aménagement du circuits d’alimentation en eau potable, réseau d’assainissement, branchement électrique et travaux génie civil pour des locaux temporaires de chantier :
Terrassement 
Réalisation des passages dallés 
Installations sanitaires
fourniture et installation de fosse septique  avec réseau d’assainissement 
Réseau eau potable 
Raccordement au réseau électrique 
Travaux d’éclairage 
Système de protection contre l’incendie ","2016-02-02 16:21:36","2016-02-17 18:00:00",5527,"2016-02-17 22:00:00",Dossier_16095,"Génie Civil & Alimentation eau des locaux temporaires Stockage LAAYOUNE",https://esuppliers.ocpgroup.org/esop/toolkit/opportunity/opportunityDetail.do?opportunityId=5527,"2016-02-02 18:48:01","2016-02-02 18:48:01",,,0
16229,40.0991,"OCP / AXE NORD / JORF LASFAR","FOURNITURE DE REGULATION ENDRESS HAUSER ","2016-02-03 08:47:02","2016-02-17 23:00:00",5517,"2016-02-23 23:00:00",Dossier_16078,"FOURNITURE DE REGULATION ENDRESS HAUSER",https://esuppliers.ocpgroup.org/esop/toolkit/opportunity/opportunityDetail.do?opportunityId=5517,"2016-02-02 18:48:01","2016-02-02 18:48:01",,,0
16230,98.9988,"OCP/Achats Corporate/Casablanca","OCP Games "Organisation événementiel" ","2016-02-02 18:06:25","2016-02-22 18:00:00",5523,"2016-02-23 18:00:00",Dossier_16091,"OCP Games "Organisation événementiel"",https://esuppliers.ocpgroup.org/esop/toolkit/opportunity/opportunityDetail.do?opportunityId=5523,"2016-02-02 18:48:01","2016-02-02 18:48:01",,,0
16231,04.0074,OCP/corporate/casablanca,"AO OUVERT- Prestation d’archivage et de numérisation 
","2016-02-02 17:49:33","2016-02-09 18:00:00",5526,"2016-02-09 18:00:00",Dossier_16096,"Prestation d’archivage et de numérisation ",https://esuppliers.ocpgroup.org/esop/toolkit/opportunity/opportunityDetail.do?opportunityId=5526,"2016-02-02 18:48:01","2016-02-02 18:48:01",,,0
16232,48.1192,"OCP/AXE NORD JORF LASFAR","freins à disque ","2016-02-18 09:04:05","2016-02-23 23:00:00",5515,"2016-02-23 23:00:00",Dossier_16082,"Freins à disque ",https://esuppliers.ocpgroup.org/esop/toolkit/opportunity/opportunityDetail.do?opportunityId=5515,"2016-02-03 11:48:02","2016-02-03 11:48:02",,,0
16233,48.1204,"OCP/AXE NORD JORF LASFAR","Fourniture  des ressorts marque FALK ","2016-02-03 11:02:18","2016-02-24 23:00:00",5530,"2016-02-24 23:00:00",Dossier_16100,"Fourniture  des ressorts marque FALK ",https://esuppliers.ocpgroup.org/esop/toolkit/opportunity/opportunityDetail.do?opportunityId=5530,"2016-02-03 11:48:02","2016-02-03 11:48:02",,,0
16234,24.0521,OCP,"AMI' Prestations de suivi et supervision des travaux de montage pour les projets de développement industriel de PHOSBOUCRAA" 
","2016-02-16 15:33:12","2016-02-15 18:00:00",5535,"2016-02-17 18:00:00",Dossier_16102,"Suivi et supervision des travaux de montage pour PHOSBOUCRAA",https://esuppliers.ocpgroup.org/esop/toolkit/opportunity/opportunityDetail.do?opportunityId=5535,"2016-02-03 11:48:02","2016-02-03 11:48:02",,,0
16235,40.1008,"OCP / AXE NORD / JORF LASFAR","FOURNITURE DE REGULATION MASONEILAN. ","2016-02-03 11:04:39","2016-02-17 23:00:00",5529,"2016-02-25 23:00:00",Dossier_16097,"FOURNITURE DE REGULATION MASONEILAN.",https://esuppliers.ocpgroup.org/esop/toolkit/opportunity/opportunityDetail.do?opportunityId=5529,"2016-02-03 11:48:02","2016-02-03 11:48:02",,,0
16236,09.0141,"OCP/ACHAT JV/JORF LASFAR/EL JADIDA MAROC","IMA- TRANSMETTEURS ","2016-02-03 17:16:40","2016-02-08 18:00:00",5327,"2016-02-11 18:00:00",Dossier_15868,"IMA- TRANSMETTEURS",https://esuppliers.ocpgroup.org/esop/toolkit/opportunity/opportunityDetail.do?opportunityId=5327,"2016-02-04 07:03:01","2016-02-04 07:03:01",,,0
16237,21.0438,"OCP / AXE NORD / KHOURIBGA","ACHAT DES THERMOPLONGEURS : 

THERMOPLONGEUR SUR BRIDES AVEC THERMOSTAT 0° A 100°C ( VULCANIC REF:2001 PUISSANCE:40 KW TENSION: 525 TRI DN:125 DIN:2527)

Voir le détail du besoin sur le « Brief Technique » en pièce jointe dans la RFI","2016-02-03 20:56:01","2016-02-16 18:00:00",5477,"2016-02-23 18:00:00",Dossier_16035,"ACHAT DES THERMOPLONGEURS",https://esuppliers.ocpgroup.org/esop/toolkit/opportunity/opportunityDetail.do?opportunityId=5477,"2016-02-04 07:03:01","2016-02-04 07:03:01",,,0
16238,20.0401,"OCP / AXE NORD / KHOURIBGA","Achat des postes de soudage et des outillages électriques :
-Achat de 04 postes de soudage portatifs de : classe d’isolation H, alimentation primaire 230V et affichage numérique.
 -Poste de soudure portable
 -Poinçonneuse manuelle hydraulique Compact en aluminium
 -Mesureur de champs électromagnétiques 
-Presse de sertissage hydraulique à deux vitesses
 -Pince pour courant alternatif et continu 

","2016-02-03 20:45:34","2016-02-16 18:00:00",5481,"2016-02-23 18:00:00",Dossier_16042,"Achat des postes de soudage et des outillages électriques  ",https://esuppliers.ocpgroup.org/esop/toolkit/opportunity/opportunityDetail.do?opportunityId=5481,"2016-02-04 07:03:01","2016-02-04 07:03:01",,,0
16239,09.0152,"OCP/Axe nord / Khouribga","Achat des Moteurs électrique basse tension :
• Moteur électrique de 4 KW / 500 V pour Convoyeur
• Moteur électrique de 5,5 KW /525 V pour Agitateur
• Moteur électrique de 7,5 KW / 500 V pour Agitateur
• Moteur électrique de 11 KW – IM-V3/ 500 V pour Roue pelle
• Moteur électrique de 11 KW – IM-V1/ 525 V pour Agitateur
• Moteur électrique de 11 KW – IM-V5/ 525 V pour Pompe puisard
• Moteur électrique de 15 KW – B5 / 500 V pour Roue pelle
• Moteur électrique de 15 KW – IMV1 / 525 V pour Agitateur
• Moteur électrique de 17 KW / 525 V pour Pompe puisard
• Moteur électrique de 18,5 KW / 500 V pour Débourbeur
• Moteur électrique de 20,2 KW / 525 V pour Pompe puisard
• Moteur électrique de 22KW / 525 V pour Agitateur
• Moteur électrique de 45 KW / 525 V pour Décanteur produit
• Moteur électrique de 75 KW / 525 V pour Crible
• Moteur électrique de 90 KW / 525 V pour Agitateur
• Moteur électrique de 110 KW / 500 V pour Malaxeur
• Moteur électrique de 160 KW / 525 V pour Convoyeur
• Moteur électrique de 200 KW / 500 V pour Pompe
• 03 moteurs électriques 525V,52KW,3000tr/min,B35 ","2016-02-03 14:16:58","2016-02-15 18:00:00",5502,"2016-02-22 18:00:00",Dossier_16041,"Achat des Moteurs électrique basse tenssion",https://esuppliers.ocpgroup.org/esop/toolkit/opportunity/opportunityDetail.do?opportunityId=5502,"2016-02-04 07:03:01","2016-02-04 07:03:01",,,0
16240,08.0124,"OCP / AXE  NORD / KHOURIBGA","CHIFFON POUR ESSUYAGE
(Selon le BREIF attaché à la RFI)","2016-02-03 19:34:32","2016-02-15 18:00:00",5506,"2016-02-22 18:00:00",Dossier_16070,"CHIFFON POUR ESSUYAGE",https://esuppliers.ocpgroup.org/esop/toolkit/opportunity/opportunityDetail.do?opportunityId=5506,"2016-02-04 07:03:01","2016-02-04 07:03:01",,,0
16241,14.0286,"OCP SA / AXE NORD / KHOURIBGA","Achat des pièces de rechanges destinées pour la révision des bulls, camions , paydozer et niveleuse de marque KOMATSU ","2016-02-03 21:04:33","2016-02-16 18:00:00",5510,"2016-02-22 18:00:00",Dossier_16072,"RECHANGES KOMATSU ",https://esuppliers.ocpgroup.org/esop/toolkit/opportunity/opportunityDetail.do?opportunityId=5510,"2016-02-04 07:03:01","2016-02-04 07:03:01",,,0
16242,24.0514,"OCP / AXE NORD / JORF LASFAR","Travaux de maintenance mécanique des équipements aux ateliers sulfurique, utilités et phosphorique","2016-02-03 15:10:03","2016-02-16 18:00:00",5518,"2016-02-16 18:00:00",Dossier_16085,"Travaux de maintenance mécanique des équipements aux ateliers SAP et PAP à JFD",https://esuppliers.ocpgroup.org/esop/toolkit/opportunity/opportunityDetail.do?opportunityId=5518,"2016-02-04 07:03:01","2016-02-04 07:03:01",,,0
16243,24.0509,"OCP / AXE NORD / JORF LASFAR"," Fourniture, montage et livraison des passerelles et plateforme d’accès","2016-02-03 13:39:08","2016-02-16 18:00:00",5520,"2016-02-16 18:00:00",Dossier_16087,"Travaux de charpente, passerelles et plateformes d'accès à JFC2",https://esuppliers.ocpgroup.org/esop/toolkit/opportunity/opportunityDetail.do?opportunityId=5520,"2016-02-04 07:03:01","2016-02-04 07:03:01",,,0
16244,24.0509,"OCP/ AXE NORD/ JORF LASFAR","Fourniture et installation des cabines de commande des roues pelles et des casques de remplissage des wagons au complexe de séchage Oued Zem
","2016-02-03 15:14:45","2016-02-16 18:00:00",5522,"2016-02-23 16:00:00",Dossier_16081,"Fourniture et installation des cabines de commande des roues pelles ",https://esuppliers.ocpgroup.org/esop/toolkit/opportunity/opportunityDetail.do?opportunityId=5522,"2016-02-04 07:03:01","2016-02-04 07:03:01",,,0
16245,32.0745,"OCP/AXE NORD/JORF LASFAR","Fourniture des rechanges pour filtre à panier","2016-02-03 13:35:47","2016-02-16 18:00:00",5525,"2016-02-23 18:00:00",Dossier_16088,"Fourniture des rechanges pour filtre à panier (VIROLE) ",https://esuppliers.ocpgroup.org/esop/toolkit/opportunity/opportunityDetail.do?opportunityId=5525,"2016-02-04 07:03:01","2016-02-04 07:03:01",,,0
16246,54.1320,"OCP / DIRECTION EXECUTIVE OPERATIONS INDUSTRIELLES / GANTOUR ","Construction et installation d'une station complète de traitement d'eau potable par chloration à la recette 6

Consistance des travaux :

-Travaux génie civil ( Terrassements, Maçonnerie, revêtement et étanchéité du terrasse; Menuiserie, quincaillerie, Peinture et vitrerie; Electricité;...)
- Mise en place d'un système de traitement d'eau avec les équipements de chloration.

La durée des travaux est de 06 Mois","2016-02-03 17:05:18","2016-02-10 18:00:00",5533,"2016-02-12 18:00:00",Dossier_16104,"Construction et installation d'une station complète de traitement d'eau potable ",https://esuppliers.ocpgroup.org/esop/toolkit/opportunity/opportunityDetail.do?opportunityId=5533,"2016-02-04 07:03:01","2016-02-04 07:03:01",,,0
16247,33.0773,"OCP/JORF LASFAR","prestation de nettoyage industriel au niveau des ateliers de JFC2","2016-02-03 16:21:19","2016-02-24 23:00:00",5536,"2016-02-24 23:00:00",Dossier_16107,"prestation de nettoyage industriel au niveau des ateliers de JFC2",https://esuppliers.ocpgroup.org/esop/toolkit/opportunity/opportunityDetail.do?opportunityId=5536,"2016-02-04 07:03:01","2016-02-04 07:03:01",,,0
16248,32.0754,"OCP/AXE NORD/JORF LASFAR","Fourniture des rechanges pour filtre à panier (GRILLE)","2016-02-03 13:33:25","2016-02-17 18:00:00",5539,"2016-02-24 18:00:00",Dossier_16109,"Fourniture des rechanges pour filtre a panier (GRILLE)",https://esuppliers.ocpgroup.org/esop/toolkit/opportunity/opportunityDetail.do?opportunityId=5539,"2016-02-04 07:03:01","2016-02-04 07:03:01",,,0
16249,32.0742,"OCP / AXE NORD / JORF LASFAR","Tube d’arrivée d’acide sulfurique en inox 316L revêtus a l’intérieur et l’extérieur en téflon  suivant plan  N° MMII 00373","2016-02-03 13:30:32","2016-02-17 18:00:00",5540,"2016-02-24 16:00:00",Dossier_16111,"Fourniture des tube d’arrivée d’acide sulfurique en inox 316L",https://esuppliers.ocpgroup.org/esop/toolkit/opportunity/opportunityDetail.do?opportunityId=5540,"2016-02-04 07:03:01","2016-02-04 07:03:01",,,0
16250,25.0550,"OCP/AXE NORD/JORF LASFAR","Fourniture des buses de pulvérisation de soufre liquide","2016-03-18 12:25:44","2016-04-01 17:00:00",5541,"2016-04-01 17:00:00",Dossier_16112,"Fourniture des buses de pulvérisation de soufre liquide",https://esuppliers.ocpgroup.org/esop/toolkit/opportunity/opportunityDetail.do?opportunityId=5541,"2016-02-04 07:03:01","2016-02-04 07:03:01",,,0
16251,32.0742,"OCP / AXE NORD / JORF LASFAR","Fourniture des  joints à cardan","2016-06-16 09:56:30","2016-06-30 18:00:00",5544,"2016-07-07 16:00:00",Dossier_16116,"Fourniture des joints à cardan",https://esuppliers.ocpgroup.org/esop/toolkit/opportunity/opportunityDetail.do?opportunityId=5544,"2016-02-04 07:03:01","2016-02-04 07:03:01",,,0
16252,32.0743,"OCP / AXE NORD / JORF LASFAR","Fourniture des tôles en  inox ","2016-02-03 16:54:31","2016-02-17 18:00:00",5547,"2016-02-25 16:00:00",Dossier_16119,"Fourniture des tôles en inox",https://esuppliers.ocpgroup.org/esop/toolkit/opportunity/opportunityDetail.do?opportunityId=5547,"2016-02-04 07:03:01","2016-02-04 07:03:01",,,0
16253,02.0029,"OCP / Direction Exécutive Opérations Industrielles / Gantour ","Construction d’un mur de soutènement de protection du regard PT 103 au niveau de la voie ferrée à Benguérir.

CONSISTANCE DES TRAVAUX :

Construire un ouvrage d’art dans un délai de 21 jours pour protéger le regard dit PT 103 de la canalisation des eaux épurées provenant de la nouvelle STEP de Benguérir vers le panneau 3 et qui passe sous la voie ferrée.
Cet ouvrage protégera le regard limitrophe aux travaux de dédoublement de la voie ferrée entre les villes de Casablanca et Marrakech.

- Installation de chantier
- Travaux de terrassement
- Façonnage aciers
- Coulage bétons pour béton de propreté et béton armé

Le délai de réalisation est de 21 jours.","2016-02-04 07:53:30","2016-02-11 17:00:00",5531,"2016-02-12 17:00:00",Dossier_16101,"Mur de souténement de protection du regard PT 103 à Benguerir",https://esuppliers.ocpgroup.org/esop/toolkit/opportunity/opportunityDetail.do?opportunityId=5531,"2016-02-04 08:03:01","2016-02-04 08:03:01",,,0
16254,14.0294,"OCP / DIRECTION EXECUTIVE OPERATION INDUSTRIELLES / GANTOUR    ","Besoin consiste  à l’achat des rechanges UNIT-RIG pour réviser les parties : hydraulique +électriques +structure et cabine du camion TEREX01 planifié pour l’année 2016.","2016-02-08 14:54:06","2016-02-15 00:00:00",5532,"2016-02-17 17:00:00",Dossier_16103,"RECHANGE UNIT-RIG",https://esuppliers.ocpgroup.org/esop/toolkit/opportunity/opportunityDetail.do?opportunityId=5532,"2016-02-04 08:03:01","2016-02-04 08:03:01",,,0
16255,14.0270,"OCP / DIRECTION EXECUTIVE OPERATION INDUSTRIELLES / GANTOUR    ","Le présent dossier consiste à fournir des éléments filtrants pour assurer l’exécution des travaux des entretiens systématiques des camions TEREX MT 3300 AC, 136 tonnes et la sondeuse LIEBHERR.","2016-02-08 14:49:38","2016-02-15 00:00:00",5534,"2016-02-17 17:00:00",Dossier_16106,"FITRES FLEETGUARD ",https://esuppliers.ocpgroup.org/esop/toolkit/opportunity/opportunityDetail.do?opportunityId=5534,"2016-02-04 08:03:01","2016-02-04 08:03:01",,,0
16256,24.0514,"OCP - Achats JV - Jorf lasfar","IMA | Fabrication de 04 galaxies en UB6 pour les échelons de la CAP d'IMACID ","2016-02-04 08:40:50","2016-02-12 18:00:00",5285,"2016-02-16 18:00:00",Dossier_15809,"IMA | Fabrication de 04 galaxies en UB6 pour les échelons de la CAP d'IMACID",https://esuppliers.ocpgroup.org/esop/toolkit/opportunity/opportunityDetail.do?opportunityId=5285,"2016-02-04 09:03:02","2016-02-04 09:03:02",,,0
16257,50.1255,"OCP / AXE NORD / JORF LASFAR ","Achat 2 vehicules éléctriques ","2016-02-04 10:28:19","2016-02-25 23:00:00",5555,"2016-02-25 23:00:00",Dossier_16089,"Achat 2 vehicules éléctriques",https://esuppliers.ocpgroup.org/esop/toolkit/opportunity/opportunityDetail.do?opportunityId=5555,"2016-02-04 11:03:01","2016-02-04 11:03:01",,,0
16258,03.0063,"OCP / AXE CENTRE / SAFI","RECHANGES SOLYVENT VENTEC DA 19463
","2016-02-04 11:58:02","2016-02-18 18:00:00",5280,"2016-02-19 19:00:00",Dossier_15804,"RECHANGES SOLYVENT VENTEC  DA 19463",https://esuppliers.ocpgroup.org/esop/toolkit/opportunity/opportunityDetail.do?opportunityId=5280,"2016-02-04 12:03:01","2016-02-04 12:03:01",,,0
16259,34.0780,"OCP / AXE CENTRE / SAFI","CHAINES DE MANUTENTION  DA 19571","2016-02-08 09:56:01","2016-02-18 18:00:00",5286,"2016-02-19 19:00:00",Dossier_15810,"CHAINES DE MANUTENTION  DA 19571",https://esuppliers.ocpgroup.org/esop/toolkit/opportunity/opportunityDetail.do?opportunityId=5286,"2016-02-04 12:03:01","2016-02-04 12:03:01",,,0
16260,24.0505,"OCP / AXE CENTRE / SAFI","RECHANGES GRATTEUR   DA 19482","2016-02-04 11:54:13","2016-02-18 18:00:00",5294,"2016-02-19 19:00:00",Dossier_15821,"RECHANGES GRATTEUR DSE ENGRAIS  DA 19482",https://esuppliers.ocpgroup.org/esop/toolkit/opportunity/opportunityDetail.do?opportunityId=5294,"2016-02-04 12:03:01","2016-02-04 12:03:01",,,0
16261,32.0754,"OCP / AXE CENTRE / SAFI","CONFECTION S/PLAN  DA 19533","2016-02-08 09:54:30","2016-02-18 18:00:00",5296,"2016-02-19 19:00:00",Dossier_15822,"CONFECTION S/PLAN  DA 19533",https://esuppliers.ocpgroup.org/esop/toolkit/opportunity/opportunityDetail.do?opportunityId=5296,"2016-02-04 12:03:01","2016-02-04 12:03:01",,,0
16262,25.0593,"OCP / AXE CENTRE / SAFI","PROCEDE DE FILTRATION BEAUDREY DA 19457","2016-02-04 12:00:17","2016-02-18 18:00:00",5278,"2016-02-19 19:00:00",Dossier_15796,"PROCEDE DE FILTRATION BEAUDREY  DA 19457",https://esuppliers.ocpgroup.org/esop/toolkit/opportunity/opportunityDetail.do?opportunityId=5278,"2016-02-04 13:03:01","2016-02-04 13:03:01",,,0
16263,25.0556,"OCP/AXE NORD/JORF LASFAR","Fourniture en pièces de rechanges pour réfrigérant d’air ATLAS COPCO ","2016-02-04 14:55:34","2016-02-18 18:00:00",5562,"2016-02-25 18:00:00",Dossier_16143,"Fourniture en pièces de rechanges pour réfrigérant d’air ATLAS COPCO",https://esuppliers.ocpgroup.org/esop/toolkit/opportunity/opportunityDetail.do?opportunityId=5562,"2016-02-04 15:03:01","2016-02-04 15:03:01",,,0
16264,24.0514,"OCP/AXE NORD/JORF LASFAR","Prestation de cubature du produit engrais stocké aux halls de stockage des engrais à JFC2.","2016-02-04 14:57:17","2016-02-18 18:00:00",5557,"2016-02-25 18:00:00",Dossier_16133,"Prestation de cubature du produit engrais stocké au halls stockage engrais JFC 2",https://esuppliers.ocpgroup.org/esop/toolkit/opportunity/opportunityDetail.do?opportunityId=5557,"2016-02-04 15:03:01","2016-02-04 15:03:01",,,0
16265,32.0754,"OCP/AXE NORD/JORF LASFAR","Sangles de freins ","2016-02-04 14:56:03","2016-02-18 18:00:00",5558,"2016-02-25 18:00:00",Dossier_16135,"Sangles de freins",https://esuppliers.ocpgroup.org/esop/toolkit/opportunity/opportunityDetail.do?opportunityId=5558,"2016-02-04 15:03:01","2016-02-04 15:03:01",,,0
16266,41.1055,"OCP / AXE NORD / JORF LASFAR","FOURNITURE DE VANNE A SPHERE DN100 AVEC SERVOMOTEUR ET FIN COURSE. ","2016-02-04 16:57:43","2016-02-17 23:00:00",5546,"2016-02-25 23:00:00",Dossier_16110,"FOURNITURE DE VANNE A SPHERE DN100 AVEC SERVOMOTEUR ET FIN COURSE.",https://esuppliers.ocpgroup.org/esop/toolkit/opportunity/opportunityDetail.do?opportunityId=5546,"2016-02-04 17:03:01","2016-02-04 17:03:01",,,0
16267,25.0593,"OCP / AXE CENTRE / SAFI","RECHANGE POUR FILTRE PRAYON","2016-02-04 17:59:57","2016-02-17 19:00:00",5445,"2016-02-18 19:00:00",Dossier_16002,"RECHANGES FILTRE PRAYON",https://esuppliers.ocpgroup.org/esop/toolkit/opportunity/opportunityDetail.do?opportunityId=5445,"2016-02-04 18:03:01","2016-02-04 18:03:01",,,0
16268,15.0334,"OCP / AXE CENTRE / SAFI","*DISQUE DUR INTERNE 480 GB
*SOURIS ETANCHE EN SILICONE
*SOURIS OPTIQUE USB 3 BOUTONS
*CLAVIER AZERTY SOUPLE AVEC SOURIS INTEGRIE
*CARTE GRAPHIQUE 256MB
*CARTOUCHE TONER NOIR
*CARTOUCHE MAGENTA
*CARTOUCHE JAUNE
*CARTOUCHE CYAN
*CARTOUCHE NOIRE
*SOURIS OPTIQUE
","2016-02-04 17:20:54","2016-02-23 19:00:00",5567,"2016-02-25 19:00:00",Dossier_16132,"FOURNITURE DE BUREAU CONCERNANT LA DA 19614",https://esuppliers.ocpgroup.org/esop/toolkit/opportunity/opportunityDetail.do?opportunityId=5567,"2016-02-04 18:03:01","2016-02-04 18:03:01",,,0
16269,53.1310,"OCP / AXE NORD / KHOURIBGA","Articles de sport
Fourniture des articles de sport (Espadrilles de sport, Survêtements de sport, T-Shirts POLO manche courte, Shorts des entrainements, Paire de chaussettes de sport, Casquettes) de marques ADIDAS, JOMA, NIKE, PEAK ou qualité similaire :
Selon le BREIF attaché à la RFI.","2016-02-04 22:04:49","2016-02-18 18:00:00",5088,"2016-02-25 18:00:00",Dossier_15572,"Articles de sport",https://esuppliers.ocpgroup.org/esop/toolkit/opportunity/opportunityDetail.do?opportunityId=5088,"2016-02-05 07:03:01","2016-02-05 07:03:01",,,0
16270,04.0073,"OCP / AXE NORD / JORF LASFAR","Expertise des engins roulants du service sécurité (Ambulance, Camions incendie, groupes électrogènes, balayeuse, Camions à échelle)
","2016-02-05 09:18:23","2016-02-10 18:00:00",2353,"2016-02-17 16:00:00",Dossier_12199,"Expertise des engins roulants",https://esuppliers.ocpgroup.org/esop/toolkit/opportunity/opportunityDetail.do?opportunityId=2353,"2016-02-05 10:03:01","2016-02-05 10:03:01",,,0
16271,02.0029,"OCP SA JORF LASFAR","réalisation d’une clôture défensive en panneaux de treillis soudés:
 Les diverses notes de calcul, études techniques et plans d’exécution
Les travaux de terrassement, décapage et préparation de la plateforme avant la pose des clôtures. 
La réalisation de la clôture en treillis soudés
La réalisation de deux portails métalliques à ouverture manuels, à deux vantaux. 
","2016-02-05 09:01:51","2016-02-25 23:00:00",5556,"2016-02-25 23:00:00",Dossier_16128,"Réalisation d’une clôture en treillis soudés avec deux portes métalliques ",https://esuppliers.ocpgroup.org/esop/toolkit/opportunity/opportunityDetail.do?opportunityId=5556,"2016-02-05 10:03:01","2016-02-05 10:03:01",,,0
16272,53.1312,"OCP - Achats JV - Jorf lasfar","IMA | Achats des douches et laves yeux pour IMACID ","2016-02-05 09:30:38","2016-02-17 18:00:00",5545,"2016-02-24 18:00:00",Dossier_16118,"IMA | Achats des douches et laves yeux pour IMACID",https://esuppliers.ocpgroup.org/esop/toolkit/opportunity/opportunityDetail.do?opportunityId=5545,"2016-02-05 10:03:01","2016-02-05 10:03:01",,,0
16273,45.1150,OCP/Corporate/Casablanca,"Réalisation de prestations de la restauration des Centres de Compétences Industrielles (Khouribga, Bengurir, Jorf Lasfar et Safi)
Le prestataire a pour mission la préparation, la gestion, la réalisation, la supervision et la conduite des prestations de restauration, y compris les prestations connexes et de support y relatives, ainsi que les prestations de nettoyage, d’hygiène, de remise à niveau des locaux mis à sa disposition ou qu’il exploite dans le cadre du contrat ou sous sa responsabilité.","2016-02-05 10:01:53","2016-02-09 10:00:00",489,"2016-02-09 10:00:00",Dossier_9822,"Prestations de restauration des Centres de Compétences Industrielles",https://esuppliers.ocpgroup.org/esop/toolkit/opportunity/opportunityDetail.do?opportunityId=489,"2016-02-05 11:03:01","2016-02-05 11:03:01",,,0
16274,98.9988,"OCP / CORPORATTE / CASABLANCA","Appel à Manifestation d’Intérêt pour l’accompagnement de l’Entité Contenu de la Direction Exécutive Affaires Publiques et Communication Groupe dans la rédaction, l’adaptation, le rewriting et la synthétisation de contenu éditorial sur une période d’un an. La production sera faite à partir de contenu brut fourni par l’entité ou de brief sur des thématiques particulière. La rédaction peut se faire en français, en arabe ou en anglais en fonction des projets, pour différents types de supports (brochures, web, synthèses, rapports, etc.) 
","2016-02-05 10:19:50","2016-02-17 23:00:00",5564,"2016-02-18 23:00:00",Dossier_16147,"Contrat cadre pour le choix d’une agence de production de contenu éditorial en 3",https://esuppliers.ocpgroup.org/esop/toolkit/opportunity/opportunityDetail.do?opportunityId=5564,"2016-02-05 11:03:01","2016-02-05 11:03:01",,,0
16275,23.0471,"OCP / CORPORATE / CASABLANCA","Appel à manifestation d’intérêt pour la location des bornes interactives et de la Photobooth pour le compte de la Direction Exécutive Affaires Publiques et Communication Groupe
","2016-02-05 10:14:59","2016-02-18 23:00:00",5563,"2016-02-19 10:00:00",Dossier_16144,"CONTRAT CADRE : LOCATION DES BORNES INTERACTIVES ET PHOTOBOOTH",https://esuppliers.ocpgroup.org/esop/toolkit/opportunity/opportunityDetail.do?opportunityId=5563,"2016-02-05 11:03:01","2016-02-05 11:03:01",,,0
16276,53.1313,"OCP / AXE CENTRE / SAFI","PULL OVER MI-SAISON
TRICOT POLO
CHEMISE ETE TAILLE 38
CHEMISE ETE TAILLE 40
CHEMISE ETE TAILLE 42
CHEMISE ETE TAILLE 44
CASQUET MONITEUR TAIL 54
CASQUET MONITEUR TAIL 56
","2016-02-05 11:29:46","2016-02-22 19:00:00",5551,"2016-02-24 19:00:00",Dossier_16124,HABILLEMENTS,https://esuppliers.ocpgroup.org/esop/toolkit/opportunity/opportunityDetail.do?opportunityId=5551,"2016-02-05 12:03:02","2016-02-05 12:03:02",,,0
16277,44.1141,"OCP / AXE CENTRE / SAFI","BOUCHE D'INCENDIE SERIE A2-10 DN100	: BOUCHE D'INCENDIE SERIE A2-10 DN 100 POUR EAU POTABLE
SUIVANT FICHE TECHNIQUE(CI-JOINT)"
","2016-02-05 11:31:09","2016-02-22 19:00:00",5550,"2016-02-24 19:00:00",Dossier_16123,"DOUCHES D'INCENDIE",https://esuppliers.ocpgroup.org/esop/toolkit/opportunity/opportunityDetail.do?opportunityId=5550,"2016-02-05 12:03:02","2016-02-05 12:03:02",,,0
16278,53.1311,"OCP / AXE CENTRE / SAFI","TENUE INTERN S-P TAILL 40
TENUE INTERN S-P TAILL 42
TENUE INTERN S-P TAILL 44
TENUE INTERN S-P TAILL 46
TENUE INTERN S-P TAILL 48
TENUE INTERN S-P TAILL 52
TENUE D'EXIRCICE DES POMPIERS
TEE-SHIRT SAPEURS POMPIERS BLEU MARINE
TEE-SHIRT SAPEURS POMPIERS BLEU MARINE
TEE-SHIRT SAPEURS POMPIERS BLEU MARINE
TEE-SHIRT SAPEURS POMPIERS BLEU MARINE
PAIR DE BOTTES D'INTERVENTION SAPEUR POMPIER TYPES BRODEQUINS
","2016-02-05 11:28:59","2016-02-23 19:00:00",5559,"2016-02-25 19:00:00",Dossier_16129,"EPI TENUS D'INTERVENTION CONCERNANT DA ",https://esuppliers.ocpgroup.org/esop/toolkit/opportunity/opportunityDetail.do?opportunityId=5559,"2016-02-05 12:03:02","2016-02-05 12:03:02",,,0
16279,53.1312,"OCP / AXE CENTRE / SAFI","1.	POMME ACIER INOX
2.	BRAS DE COMMANDE
3.	TIGE DE COMMANDE
4.	RAMPE ASSEMBLEE COMPLETE
5.	EROGATEUR INOX AVEC ECROU
6.	VASQUE ACIER INOX
7.	PALETTE DE COMMANDE
8.	PEDALE COMPLETE AVEC CHAINE
9.	PIED POUR DOUCHE ET LAVE YEUX
10.	VALVE 1/2''
11.	VALVE 1''
","2016-02-05 11:31:47","2016-02-22 19:00:00",5548,"2016-02-24 19:00:00",Dossier_16120,"EQUIPEMENTS DE SECURITE",https://esuppliers.ocpgroup.org/esop/toolkit/opportunity/opportunityDetail.do?opportunityId=5548,"2016-02-05 12:03:02","2016-02-05 12:03:02",,,0
16280,53.1313,"OCP /AXE CENTRE / SAFI","TREILLIS SURETE HIVER : HABILLEMENT  DESTINE AU PERSONNEL DES SERVICES DE SURETE  TENUE DE TRAVAIL  (TREILLIS) HIVER, QUALITE: TISSU DE BONNE QUALITE  ,  FERMETURE ZIPPÉE, COULEUR: NOIR CONFECTION SOIGNEE AVEC BANDE RETRO REFLICHISSANTE GRISE 3M SUR LE DOS, LA POITRINE ET LES PIEDS INSCRIPTION :  - SURETE BRODE FIL BLANC SUR LE DEVANT, LOGO OCP BRODE AU DESSUS DU MOT SURETE  - SURETE BRODE FIL BLANC SUR LE DOS  -APS BRODE FIL BLANC SUR LA MANCHE GAUCHE N.B:- PRISE DE MESURE PAR LE FOURNISSEUR ADJUDICATAIRE DE LA COMMANDE","2016-02-05 11:25:14","2016-02-23 19:00:00",5565,"2016-02-25 19:00:00",Dossier_16131,"TREILLIS CONCERNANT LA DA 19583",https://esuppliers.ocpgroup.org/esop/toolkit/opportunity/opportunityDetail.do?opportunityId=5565,"2016-02-05 12:03:02","2016-02-05 12:03:02",,,0
16281,15.0332,"OCP / AXE NORD / KHOURIBGA","Travaux d'aménagement d'une salle polyvalente au Centre Khouribga Skills 
Les travaux objet de cette réquisition comprennent :
- Fourniture et pose d'un ensemble de siège pliable sur rail;
- Revêtement sol;
- Traitement acoustique sur sol, murs et plafonds;
- Fourniture et pose de panneaux décoratif et acoustique;
- Fourniture et pose d'une peinture décorative;
- Fourniture et pose d'un projecteur avec écran de projection motorisée.

Durée des travaux : 03 mois

","2016-02-12 17:57:15","2016-02-12 18:00:00",5577,"2016-02-12 20:00:00",Dossier_16159,"Travaux d'aménagement d'une salle polyvalente au Centre khouribga Skills",https://esuppliers.ocpgroup.org/esop/toolkit/opportunity/opportunityDetail.do?opportunityId=5577,"2016-02-05 13:03:01","2016-02-05 13:03:01",,,0
16282,14.0278,"OCP / AXE NORD / KHOURIBGA","FOURNITURE DES PIECES DE RECHANGES DESTINEES POUR LA MAINTENANCE DES AUTOCARS MAN DE LA SOTREG SELON LE BRIEF JOINT A LA RFI","2016-02-05 13:55:21","2016-02-16 18:00:00",5552,"2016-02-19 18:00:00",Dossier_16126,"FOURNITURE DES PIECES DE RECHANGES MAN",https://esuppliers.ocpgroup.org/esop/toolkit/opportunity/opportunityDetail.do?opportunityId=5552,"2016-02-05 14:03:01","2016-02-05 14:03:01",,,0
16283,50.1252,"OCP/AXE NORD/KHOURIBGA","* PNEUS TUBLESS POUR VEHICULES UTILITAIRES (CARS) A GRANDE CAPACITE DE CHARGE TYPE : RADIAL - DIMENSIONS : 295/80 R22.5.

* PNEUS TUBLESS POUR FOURGON R16-215/70.

SELON LE BRIEF TECHNIQUE JOINT A LA RFI","2016-02-05 14:22:21","2016-02-16 18:00:00",5528,"2016-02-19 18:00:00",Dossier_16099,"FOURNITURE DES PNEUS POUR VEHICULES DE LA SOTREG",https://esuppliers.ocpgroup.org/esop/toolkit/opportunity/opportunityDetail.do?opportunityId=5528,"2016-02-05 15:03:02","2016-02-05 15:03:02",,,0
16284,28.0670,"OCP/ Direction executive operations industrielles /GANTOUR  ","Fourniture Lubrifiants et graisses :HUILE 423","2016-02-05 15:41:59","2016-02-14 18:00:00",5568,"2016-02-15 18:00:00",Dossier_16150,"Fourniture Lubrifiants et graisses ",https://esuppliers.ocpgroup.org/esop/toolkit/opportunity/opportunityDetail.do?opportunityId=5568,"2016-02-05 16:03:01","2016-02-05 16:03:01",,,0
16285,24.0508,"OCP/ACHAT CORPORATE/JORF LASFAR","Convention des travaux de calorifugeage au niveau des installations de JFC1 à Jorf Lasfar ","2016-02-05 15:59:43","2016-02-17 14:00:00",5578,"2016-02-17 14:00:00",Dossier_16163,"Convention des travaux de calorifugeage au niveau des installations de JFC1 à JL",https://esuppliers.ocpgroup.org/esop/toolkit/opportunity/opportunityDetail.do?opportunityId=5578,"2016-02-05 16:03:01","2016-02-05 16:03:01",,,0
16286,14.0302,"OCP/Achat Corporate/Jorf Lasfar","Acquisition des pièces de rechange pour pompes SULZER pour le complexe JFC1","2016-02-05 16:00:16","2016-02-15 12:00:00",5574,"2016-02-15 12:00:00",Dossier_16158,"Acquisition des pièces de rechange pour pompes SULZER pour le complexe JFC1",https://esuppliers.ocpgroup.org/esop/toolkit/opportunity/opportunityDetail.do?opportunityId=5574,"2016-02-05 17:03:01","2016-02-05 17:03:01",,,0
16287,50.1254,"OCP / DIRECTION EXECUTIVE OPERATION INDUSTRIELLES / GANTOUR","Le présent dossier consiste à fournir ACCUMULATEURS ELECTRIQUES pour les chargeurs des batteries à l’usine laverie","2016-02-08 14:59:20","2016-02-15 18:00:00",5584,"2016-02-17 17:00:00",Dossier_16162,"ACCUMULATEURS ELECTRIQUE.",https://esuppliers.ocpgroup.org/esop/toolkit/opportunity/opportunityDetail.do?opportunityId=5584,"2016-02-05 18:03:01","2016-02-05 18:03:01",,,0
16288,98.9983,"OCP/ DIRECTION EXECUTIVE OPERATIONS INDUSTRIELLES/ GANTOUR","Prestations hôtelière:

Excursion à Fes-Ifrane	
Excursion à Dakhela	
Excursion à Bin El Ouidane 	
Excursion à Agadir	


Escapades:

Escapade à Sindibad (Casablanca)
Escapade à Palooza (Marrakech)	
Escapade à Marrakech (MEGARAMA) 	
Escapade à PARC ZOOLOGIQUE RABAT





","2016-02-05 17:51:03","2016-02-10 18:00:00",5587,"2016-02-11 12:00:00",Dossier_16169,"Prestations hôtelière et Escapades pour personnels OCP",https://esuppliers.ocpgroup.org/esop/toolkit/opportunity/opportunityDetail.do?opportunityId=5587,"2016-02-05 18:03:01","2016-02-05 18:03:01",,,0
16289,44.1141,"OCP / Direction Exécutive Opérations Industrielles / Gantour ","Contrat maintenance systèmes extinction automatique à Youssoufia et Benguerir.

CONSISTANCE DES TRAVAUX : voir pièce jointe.

Le délai de réalisation est 1 an.","2016-02-05 17:20:57","2016-02-17 17:00:00",5583,"2016-02-19 17:00:00",Dossier_16154,"Contrat maintenance systèmes extinction automatique à Youssoufia et Benguerir",https://esuppliers.ocpgroup.org/esop/toolkit/opportunity/opportunityDetail.do?opportunityId=5583,"2016-02-05 18:03:01","2016-02-05 18:03:01",,,0
16290,09.0149,"OCP / AXE NORD / KHOURIBGA","Rechanges électriques :

 PLAFONNIER APPARENT 2X36W
 LAMPE FLUORESCENTE G13
 LUMINAIRE D'ECLAIRAGE
 PRISE COUR VO 10/16A 250V
 AMORCEUR P/LAMPE V-SODIUM
 DISJONCTEUR BIPOLAIRE
 INTERRUPTEUR VA ET VIENT
 BLOC DIFFERENTIEL 2P 30MA
 COLLIER COLSON 280X3,5 MM","2016-02-07 12:37:25","2016-02-19 18:00:00",5586,"2016-02-26 18:00:00",Dossier_16153,"Rechanges éléctriques ",https://esuppliers.ocpgroup.org/esop/toolkit/opportunity/opportunityDetail.do?opportunityId=5586,"2016-02-07 13:03:01","2016-02-07 13:03:01",,,0
16291,22.0460,"OCP / AXE CENTRE/ PHOSBOUCRAA","Travaux de gardiennage, contrôle d'accès et d'acceuil à la mine de Boucraâ ","2016-02-10 17:32:50","2016-02-14 18:00:00",5537,"2016-02-16 18:00:00",Dossier_15965,"Travaux de gardiennage, contrôle d'accès et d'acceuil à la mine de Boucraâ",https://esuppliers.ocpgroup.org/esop/toolkit/opportunity/opportunityDetail.do?opportunityId=5537,"2016-02-08 07:03:01","2016-02-08 07:03:01",,,0
16292,08.0122,"OCP/ AXE CENTRE/ PHOSBOUCRAA","* 20492.17934 SYSTEME UNIVERSEL CONSIGNATION DE DISJONCTEURS MULTIPOLAIRES ref: BRADY 066320
* 20492.20532 GRAND SYSTÈME DE CONSIGNATION ELECTRIQUE/PNEUMATIQUE ref: BRADY 800126
* 20492.16977 ETAGERE DE BARRES DE BLOCAGE ref: BRADY 051265
*20492.16974 BARRE DE BLOCAGE ROUGE ref: BRADY 090892
* 20492.16973 KIT DE BLOCAGE DE DISJONCTEURSref: BRADY 090891
* 20492.20535 CAPTEUR CA ref: BRADY 065269
* 20492.07668 CABLE EN ACIER RECOUVERT DE VINYLE LONG : 3,65M DIA : 4,76MM	ref: BRADY 050950
","2016-02-07 18:19:23","2016-02-15 23:00:00",5538,"2016-02-17 23:00:00",Dossier_16105,"Matériel de consignation/déconsignation ",https://esuppliers.ocpgroup.org/esop/toolkit/opportunity/opportunityDetail.do?opportunityId=5538,"2016-02-08 07:03:01","2016-02-08 07:03:01",,,0
16293,48.1192,"OCP / Direction des achats / Jorf Lasfar","Fourniture des coupleurs hydrauliques, bondage et plaquettes de freins à Jorf Lasfar.","2016-02-08 08:59:45","2016-02-29 23:00:00",5579,"2016-02-29 23:00:00",Dossier_16164,"Fourniture des coupleurs hydrauliques, bondage et plaquettes de freins à Jorf La",https://esuppliers.ocpgroup.org/esop/toolkit/opportunity/opportunityDetail.do?opportunityId=5579,"2016-02-08 09:03:01","2016-02-08 09:03:01",,,0
16294,17.0360,"OCP / Direction des achats / Jorf Lasfar.","Fourniture des tresses carrées à Khouribga.","2016-02-08 09:03:36","2016-02-29 23:00:00",5542,"2016-02-29 23:00:00",Dossier_16113,"Fourniture des tresses carrées à Khouribga",https://esuppliers.ocpgroup.org/esop/toolkit/opportunity/opportunityDetail.do?opportunityId=5542,"2016-02-08 10:03:01","2016-02-08 10:03:01",,,0
16295,23.0471,"OCP OIA/JV","EMP | Acquisition de micro-ordinateurs fixes ","2016-02-08 09:02:18","2016-02-19 18:00:00",5571,"2016-02-26 18:00:00",Dossier_16142,"EMP | Acquisition de micro-ordinateurs fixes ",https://esuppliers.ocpgroup.org/esop/toolkit/opportunity/opportunityDetail.do?opportunityId=5571,"2016-02-08 10:03:01","2016-02-08 10:03:01",,,0
16296,48.1207,"OCP / Direction Achats / Jorf Lasfar","Fourniture d'un arbre intermédiaire à Khouribga","2016-02-08 09:02:52","2016-02-29 23:00:00",5554,"2016-02-29 23:00:00",Dossier_16115,"Fourniture d'un arbre intermédiare à Khouribga.",https://esuppliers.ocpgroup.org/esop/toolkit/opportunity/opportunityDetail.do?opportunityId=5554,"2016-02-08 10:03:01","2016-02-08 10:03:01",,,0
16297,32.0743,"OCP / AXE CENTRE / SAFI","1*TOLE EN ACIER INOXYDABLE  NUANCE AFNOR : Z1 NCDU 25-20               AISI      : 904 L  GENRE : "CREUSOT-LOIRE URANUS B6" OU "UGINE NS B6"  COMPOSITION -CHIMIQUE MOYENNE (%) : C < 0,02 - Cr : 20 - Ni : 25 -  Mo : 4,3 - Cu : 1,5 LONGUEUR = 3 METRES  LARGEUR = 1,5 METRE  EPAISSEUR = 6 MM
2*TOLE EN ACIER INOXYDABLE  NUANCE AFNOR : Z1 NCDU 25-20               AISI      : 904 L  GENRE : "CREUSOT-LOIRE URANUS B6" OU "UGINE NS B6"  COMPOSITION -CHIMIQUE MOYENNE (%) : C < 0,02 - Cr : 20 - Ni : 25 -  Mo : 4,3 - Cu : 1,5  LONGUEUR = 3 METRES  LARGEUR = 1,5 METRE  EPAISSEUR = 8 MM
3*TOLE EN ACIER INOXYDABLE  NUANCE AFNOR : Z1 NCDU 25-20               AISI      : 904 L  GENRE : "CREUSOT-LOIRE URANUS B6" OU "UGINE NS B6"  COMPOSITION -CHIMIQUE MOYENNE (%) : C < 0,02 - Cr : 20 - Ni : 25 -  Mo : 4,3 - Cu : 1,5  LONGUEUR = 3 METRES  LARGEUR = 1,5 METRE  EPAISSEUR = 10 MM
4*TOLE EN ACIER INOXYDABLE  NUANCE AFNOR : Z2 CND 17-13                 DIN     : X2 Cr Ni Mo 18-12 GENRE : "CREUSOT-LOIRE ICL 166 BC "OU" UGINE NSM 22S  COMPOSITION -CHIMIQUE MOYENNE (%) : C < 0,03 - Cr : 16-18 - Ni : 11,5-13,5 -  Mo : 2,5-3 - Mn : 2 - Si  LONGUEUR = 3 METRES  LARGEUR   = 1,5 METRE  EPAISSEUR = 3 MM  
5*TOLE EN ACIER INOXYDABLE REFRACTAIRE  NUANCE : AFNOR -  Z12 CN 25-20                  AISI - 310 S                 DIN - X6 Cr Ni 25-20  GENRE : UGINE 310 S 24 OU CREUZOT-LOIRE SIRIUS 310 LONGUEUR = 3 METRES  LARGEUR = 1,5 METRE  EPAISSEUR = 3 MM   
6*TOLE EN ACIER INOXYDABLE REFRACTAIRE  NUANCE : AFNOR -  Z12 CN 25-20                  AISI - 310 S                 DIN - X6 Cr Ni 25-20  GENRE : UGINE 310 S 24 OU CREUZOT-LOIRE SIRIUS 310 LONGUEUR = 3 METRES  LARGEUR = 1,5 METRE  EPAISSEUR = 8 MM   
","2016-02-08 09:35:18","2016-02-19 19:00:00",5591,"2016-02-22 19:00:00",Dossier_16174,"TOLES EN ACIERS INOXYDABLES",https://esuppliers.ocpgroup.org/esop/toolkit/opportunity/opportunityDetail.do?opportunityId=5591,"2016-02-08 10:03:01","2016-02-08 10:03:01",,,0
16298,47.1171,"OCP / Direction Achats / Jorf Lasfar ","Fourniture des coupleurs à Khouribga.","2016-02-08 09:02:09","2016-02-29 23:00:00",5572,"2016-02-29 23:00:00",Dossier_16156,"Fourniture des coupleurs à Khouribga.",https://esuppliers.ocpgroup.org/esop/toolkit/opportunity/opportunityDetail.do?opportunityId=5572,"2016-02-08 10:03:01","2016-02-08 10:03:01",,,0
16299,38.0928,"OCP / Direction des achats / Jorf Lasfar","Fourniture des pièces de rechanges pour pompe à engrenages intérieurs à Khouribga.","2016-02-08 09:01:20","2016-02-29 23:00:00",5575,"2016-02-29 23:00:00",Dossier_16160,"Fourniture des pièces de rechanges pour pompe à engrenages interieurs à Khouribg",https://esuppliers.ocpgroup.org/esop/toolkit/opportunity/opportunityDetail.do?opportunityId=5575,"2016-02-08 10:03:01","2016-02-08 10:03:01",,,0
16300,48.1200,"OCP / Direction des Achats / Jorf Lasfar","Fourniture des pièces de rechange pour réducteurs-CYCLO à Khouribga.","2016-02-08 09:00:40","2016-02-29 23:00:00",5576,"2016-02-29 23:00:00",Dossier_16161,"Fourniture des pièces de rechange pour réducteurs-CYCLO à Khouribga.",https://esuppliers.ocpgroup.org/esop/toolkit/opportunity/opportunityDetail.do?opportunityId=5576,"2016-02-08 10:03:01","2016-02-08 10:03:01",,,0
16301,14.0286,"OCP / DIRECTION EXECUTIVE OPERATION INDUSTRIELLES / GANTOUR"," Le présent dossier consiste à fournir des sièges pour conducteurs des CAMIONS  KOMATSU 730E. (190 tonnes.)","2016-02-08 14:24:39","2016-02-15 18:00:00",5590,"2016-02-17 17:00:00",Dossier_16170,"RECHANGE KOMATSU",https://esuppliers.ocpgroup.org/esop/toolkit/opportunity/opportunityDetail.do?opportunityId=5590,"2016-02-08 11:03:01","2016-02-08 11:03:01",,,0
16302,44.1142,"OCP / AXE CENTRE / SAFI","*AFFICHE DE SECURITE INCENDIE ( CONDUITE A TENIR EN CAS D'INCENDIE )
*AFFICHE DE SECURITE ( CONSIGNE D'EVACUATION )
*AFFICHE DE SECURITE INCENDIE ( CONSIGNE DE SECURITE GROUPE ELECTROGENE )
*AFFICHE DE SECURITE  ( CONSIGNES A L'ATENTION DES CARISTES )
*AFFICHE SECURIT REF:AB496
*AFFICHE DE SECURITE  ( CONSIGNES GENERALES DE SECURITE AU PERSONNEL NON ELECTRICIEN )
*BRASSARD GRANDE DIFFUSION SST
*AFFICHE FORMATION A LA SECURITE ( LUTTE CONTRE L'INCENDIE , TRIANGLE DU FEU )
*AFFICHE DE SECURITE ( GUIDE DE PREMIERS SOINS A DONNER EN CAS D'ACCIDENT )
*AFFICHE DE SECURITE ( CLASSES ET CATEGORIES PRODUITS CHIMIQUES )
*AFFICHE DE SECURITE ( APPRENEZ A RECONNAITRE CES SYMBOLE )
","2016-02-08 10:47:12","2016-02-23 19:00:00",5566,"2016-02-25 19:00:00",Dossier_16130,"AFFICHES DE SECURITE CONCERNANT LA DA 19568",https://esuppliers.ocpgroup.org/esop/toolkit/opportunity/opportunityDetail.do?opportunityId=5566,"2016-02-08 11:03:01","2016-02-08 11:03:01",,,0
16303,15.0335,OCP/CASA/CORPORATE,"Impression de supports, formulaires, chavalets,... ","2016-02-08 11:46:21","2016-02-17 10:00:00",5599,"2016-02-17 12:00:00",Dossier_16186,"Impression de supports de formation",https://esuppliers.ocpgroup.org/esop/toolkit/opportunity/opportunityDetail.do?opportunityId=5599,"2016-02-08 12:03:01","2016-02-08 12:03:01",,,0
16304,33.0771,OCP/Corporate/Casablanca,"Prestations multitechniques et multiservices d’un espace bureaux à Sidi Maarouf.
Prise en charge, en mode forfaitaire, des prestations multi techniques et multi services d’un espace bureaux à Sidi Maarouf : la maintenance multi technique, le nettoyage et la prestation d’un coursier selon le besoin (avec son propre moyen de transport).
","2016-02-08 11:40:40","2016-02-19 10:00:00",5598,"2016-02-19 17:00:00",Dossier_16182,"Prestations multitechniques et multiservices d’un espace bureaux à Sidi Maarouf",https://esuppliers.ocpgroup.org/esop/toolkit/opportunity/opportunityDetail.do?opportunityId=5598,"2016-02-08 12:03:01","2016-02-08 12:03:01",,,0
16305,14.0301,"OCP/AXE CENTRE/SAFI","400V/50HZ SERIE 100% -BOITIER SEPARE . FIN DE COURSE 02 LIMITEURS D'EFFORT NOMBRE DEMARRAGE 1800 IMPULSON + COMMANDE MANUELLE + CARTE MODUGAM ","2016-02-08 12:23:37","2016-02-20 19:00:00",5588,"2016-02-22 19:00:00",Dossier_16171,"SERVOMOTEUR ELECTRIQUE ",https://esuppliers.ocpgroup.org/esop/toolkit/opportunity/opportunityDetail.do?opportunityId=5588,"2016-02-08 13:03:01","2016-02-08 13:03:01",,,0
16306,32.0744,"OCP/AXE CENTRE/SAFI","QUINCAILLERIE CAILLEBOTIS ELECTROFORGE EN ACIER GALVANISE A CHAUD , GALVANISATION CONFORME A LA NORME AFNOR NFA 91-121 DIMENSIONS : 1000 X 1000 MM HAUTEUR 28 MM SECTION : 25 X 3 MM MAILLE 30 X 30 MM  
QUINCAILLERIE DIVERSE , , DESIGNATION : CAILLEBOTIS ELECTROFORGE DE 25X3 MM GALVANISE A CHAUD , CONFORME A LA NORME NFA 91-121 AVEC 4 AGRAFES PAR , PANNEAU-DIMENSION : 750X1000 MM HAUTEUR HORS TOUT : 28 MM MAILLE 19 X 30 MM  
","2016-02-08 12:23:00","2016-02-20 19:00:00",5592,"2016-02-22 19:00:00",Dossier_16175,QUINCAILLERIE,https://esuppliers.ocpgroup.org/esop/toolkit/opportunity/opportunityDetail.do?opportunityId=5592,"2016-02-08 13:03:01","2016-02-08 13:03:01",,,0
16307,44.1141,"OCP /AXE CENTRE / SAFI","- ROBINET DMB A DIFFUSION: ROBINET DMB A DIFFUSION EN NAPPE ''POKET''  DE  40/12-12
MATIERE : EN ALLIAGE D'ALUMINIUM  POIDS : 0,46 KG  
CONFORME A LA NORME NF S 61-820  GENRE : POK 2784.
- CLE DE SERVICE : CLE DE SERVICE POUR POTEAUX D'INCENDIE
CORPS : ACIER REVETU DE PEINTURE POLYESTER CARRE DE MANOEUVRE DE 32X32 MM POUR POTEAUX D'INCENDIE CROCHET POUR COUVERCLE DE BOUCHE D'INCENDIE 
CORPS ET POIGNEE EN ACIER GENRE : POK 03145.","2016-02-25 11:03:42","2016-02-24 19:00:00",5604,"2016-02-29 19:00:00",Dossier_16193,"MATERIEL DCI CONCERNANT LA DA 19697",https://esuppliers.ocpgroup.org/esop/toolkit/opportunity/opportunityDetail.do?opportunityId=5604,"2016-02-08 13:03:01","2016-02-08 13:03:01",,,0
16308,39.0957,"OCP /AXE CENTRE / SAFI","- STYLO VIBROMETRE :AUTONOMIE DES PILES : 5 HEURES EN CONTINU TEMPERATURE DE FONCTIONNEMENT : 0 A 70 ° < 85% HRDIMENSIONS : COMPACTE.
- ENSEMBLE FILTRE / REGULATEUR +LUBRIFICATEUR AVEC PROTECTEUR DE CUVE ET PURGE AUTOMATIQUE : ENSEMBLE FILTRE / REGULATEUR +LUBRIFICATEUR AVEC PROTECTEUR DE CUVE ET PURGE AUTOMATIQUERACCORDEMENT G : 3/4PRESSION REGULEE : 0-14 BARSPRESSION MAXI D'ENTREE : 16 BARSTEMPERATURE AMBIANTE : 0-50 °CSEUIL DE FILTRATION : 25 ?mCUVE : METALLIQUE AVEC VISUALISATION DE NIVEAUCORPS : EN INOXENCOMBREMENT : 510MMPURGE : AUTOMATIQUEDEBIT D'AIR : 8600 L/MINSUIVANT FICHE TECHNIQUE CI ATTACHE.","2016-02-08 12:22:18","2016-02-24 19:00:00",5594,"2016-02-26 19:00:00",Dossier_16178,"MATERIELS ET FOURNITURES DE REGULATION CONCERNANT LA DA 19703",https://esuppliers.ocpgroup.org/esop/toolkit/opportunity/opportunityDetail.do?opportunityId=5594,"2016-02-08 13:03:01","2016-02-08 13:03:01",,,0
16309,48.1198,"OCP /AXE CENTRE / SAFI"," RECHANGES CITROEN : ACCOUPLEMENT FLEX SID 125 ","2016-03-04 09:50:54","2016-03-09 19:00:00",5597,"2016-03-11 19:00:00",Dossier_16181,"RECHANGES CITROEN : ACCOUPLEMENT FLEX SID 125 CONCERNANT LA DA 19701",https://esuppliers.ocpgroup.org/esop/toolkit/opportunity/opportunityDetail.do?opportunityId=5597,"2016-02-08 13:03:01","2016-02-08 13:03:01",,,0
16310,50.1254,"OCP/AXE NORD/KHOURIBGA","FOURNITURE DES RECHANGES PNEUMATIQUES POUR AUTOCARS.
FOURNITURE DES PIECES DE RECHANGES PNEUMATIQUES POUR AUTOCARS DE LA SOTREG.","2016-02-08 13:12:18","2016-02-18 18:00:00",5585,"2016-02-22 18:00:00",Dossier_16167,"FOURNITURE DES RECHANGES PNEUMATIQUES POUR AUTOCARS",https://esuppliers.ocpgroup.org/esop/toolkit/opportunity/opportunityDetail.do?opportunityId=5585,"2016-02-08 14:03:01","2016-02-08 14:03:01",,,0
16311,32.0754,"OCP/ACHAT CORPORATE","Confection de quatre réchauffeurs en UB6 pour la zone de stockage d’acide phosphorique pour le complexe JFC1 à jorf lasfar","2016-02-08 16:36:09","2016-03-01 12:00:00",5602,"2016-03-01 12:00:00",Dossier_16189,"Confection de quatre réchauffeurs en UB6 pour la zone de stockage d’acide phosph",https://esuppliers.ocpgroup.org/esop/toolkit/opportunity/opportunityDetail.do?opportunityId=5602,"2016-02-08 17:03:01","2016-02-08 17:03:01",,,0
16312,24.0509,"OCP/Axe Nord/Jorf Lasfar","Réparation et remise en état du portail métallique de l'atelier électrique du service 339 à sidi chennane","2016-02-08 17:03:53","2016-02-22 18:00:00",5609,"2016-02-29 18:00:00",Dossier_16205,"Réparation et remise en état d'un portail métallique",https://esuppliers.ocpgroup.org/esop/toolkit/opportunity/opportunityDetail.do?opportunityId=5609,"2016-02-08 18:03:01","2016-02-08 18:03:01",,,0
16313,25.0564,"OCP/Axe Nord/Jorf Lasfar","Fournitures des cartouches coalescentes","2016-02-09 11:49:21","2016-02-22 18:00:00",5612,"2016-02-29 18:00:00",Dossier_16206,"Fournitures des cartouches coalescentes",https://esuppliers.ocpgroup.org/esop/toolkit/opportunity/opportunityDetail.do?opportunityId=5612,"2016-02-08 18:03:01","2016-02-08 18:03:01",,,0
16314,24.0500,"OCP AXE CENTRE /SAFI","Capteur et Analyseur concernant la DA 19231 ","2016-02-23 08:04:56","2016-03-02 19:00:00",5508,"2016-03-04 19:00:00",Dossier_16073,"Capteur et Analyseur concernant la DA 19231",https://esuppliers.ocpgroup.org/esop/toolkit/opportunity/opportunityDetail.do?opportunityId=5508,"2016-02-09 07:03:01","2016-02-09 07:03:01",,,0
16315,45.1150,"OCP / AXE CENTRE / PHOSBOUCRAA","Restauration collective du personnel de Phosboucraâ, depuis l’approvisionnement en vivres jusqu’au service à table ou self service.
","2016-02-10 09:21:38","2016-02-22 18:00:00",5615,"2016-02-24 18:00:00",Dossier_16207,"Externalisation de la restauration au site de PHOSBOUCRAA",https://esuppliers.ocpgroup.org/esop/toolkit/opportunity/opportunityDetail.do?opportunityId=5615,"2016-02-09 07:03:01","2016-02-09 07:03:01",,,0
16316,98.9989,"OCP / AXE CENTRE / SAFI","1*EAU MINERALE SIDI ALI 1.5 L
2*EAU MENERALE SIDI ALI 0.5 L
3*EAU MINERALE SIDI ALI 33 CL
4*CAFE DUBOIS DE 250 GR
5*THE VERT EN PAQUET DE 200g
6*VERVEINE PAQUET DE 25 SACHETS
7*FILTRE A CAFE PAQUET DE 40 PIECES
8*LIPTON BOITE DE 25 SACHET
9*SUCRE LINGOT BOITE D' 1KG
10*SACHET DE SUCRE DE 10Gr AVEC CUILLERE EN PLASTIQUE
","2016-02-16 18:29:18","2016-02-17 23:00:00",5616,"2016-02-19 23:00:00",Dossier_16208,"Fournitures à caractère social (denrées, produits alimentaires) la DA 19719",https://esuppliers.ocpgroup.org/esop/toolkit/opportunity/opportunityDetail.do?opportunityId=5616,"2016-02-09 10:03:01","2016-02-09 10:03:01",,,0
16317,98.9985,"OCP / DIRECTION EXECUTIVE OPERATIONS INDUSTRIELLES / GANTOUR","Diners Animés

Dates des prestations: 26/03/2016 - 23/04/2016 
Effectif: 120 personnes par diner
Nombre de couvert: 8 personnes par table
Menu: collation de bienvenue & diner par table
Animation Orchestre musicale 
Matériels: Tables, couverts, chaises, assiettes...........","2016-02-09 10:53:28","2016-02-15 18:00:00",5623,"2016-02-17 12:00:00",Dossier_16187,"Prestations de restauration",https://esuppliers.ocpgroup.org/esop/toolkit/opportunity/opportunityDetail.do?opportunityId=5623,"2016-02-09 11:03:01","2016-02-09 11:03:01",,,0
16318,08.0122,"OCP / JORF LASFAR ","Fournitures des poires des câbles des portiques de soufre ","2016-02-09 14:17:31","2016-03-01 23:00:00",5561,"2016-03-01 23:00:00",Dossier_16137,"Fournitures des poires des câbles des portiques de soufre ",https://esuppliers.ocpgroup.org/esop/toolkit/opportunity/opportunityDetail.do?opportunityId=5561,"2016-02-09 15:03:01","2016-02-09 15:03:01",,,0
16319,44.1141,"OCP SA JORF LASFAR","Articles accessoires DCI (défense contre incendie) et direction de vent
","2016-02-09 14:16:08","2016-03-01 23:00:00",5581,"2016-03-01 23:00:00",Dossier_16084,"fourniture des accessoires de défense contre incendie et la direction de vent ",https://esuppliers.ocpgroup.org/esop/toolkit/opportunity/opportunityDetail.do?opportunityId=5581,"2016-02-09 15:03:01","2016-02-09 15:03:01",,,0
16320,37.0862,"OCP/AXE NORD/JORF LASFAR","RECHANGE POUR LES POMPES D’AMMONIAC DE MARQUE RUHRPUMPEN ","2016-02-09 14:56:10","2016-03-01 18:00:00",5625,"2016-03-01 18:00:00",Dossier_16214,"RECHANGE POUR LES POMPES D’AMMONIAC DE MARQUE RUHRPUMPEN ",https://esuppliers.ocpgroup.org/esop/toolkit/opportunity/opportunityDetail.do?opportunityId=5625,"2016-02-09 15:03:01","2016-02-09 15:03:01",,,0
16321,38.0927,"OCP / Achats Axe Nord / Jorf Lasfar","PDR pompes FRIATEC ","2016-02-09 14:58:20","2016-02-29 18:00:00",5613,"2016-02-29 18:00:00",Dossier_16201,"PDR pompes FRIATEC",https://esuppliers.ocpgroup.org/esop/toolkit/opportunity/opportunityDetail.do?opportunityId=5613,"2016-02-09 15:03:01","2016-02-09 15:03:01",,,0
16322,17.0363,"OCP / Achats Axe Nord / Jorf Lasfar","Manchons Compensateurs","2016-02-09 14:57:01","2016-02-29 18:00:00",5614,"2016-02-29 18:00:00",Dossier_16203,"Manchons Compensateurs",https://esuppliers.ocpgroup.org/esop/toolkit/opportunity/opportunityDetail.do?opportunityId=5614,"2016-02-09 15:03:01","2016-02-09 15:03:01",,,0
16323,15.0335,"OCP / AXE NORD","Achat des rubans couleur 45200 au site Jorf Lasfar ","2016-02-09 14:27:07","2016-03-01 23:00:00",5618,"2016-03-01 23:00:00",Dossier_16146,"Achat des rubans couleur 45200 au site Jorf Lasfar",https://esuppliers.ocpgroup.org/esop/toolkit/opportunity/opportunityDetail.do?opportunityId=5618,"2016-02-09 15:03:01","2016-02-09 15:03:01",,,0
16324,25.0593,"OCP / AXE NORD / JORF LASFAR","Fourniture des tuyaux de liaison pour filtre Prayon :
-   model :   30-160 E  Rep:216-1; 216-2","2016-02-09 14:22:15","2016-02-23 18:00:00",5619,"2016-03-01 16:00:00",Dossier_16199,"Fourniture des tuyaux de liaison pour filtre",https://esuppliers.ocpgroup.org/esop/toolkit/opportunity/opportunityDetail.do?opportunityId=5619,"2016-02-09 15:03:01","2016-02-09 15:03:01",,,0
16325,40.1024,"OCP / AXE CENTRE / SAFI","REFROIDISSEUR D'ECHANTILLON COMPLET : SPIRAX SACRO TYPE : SC 20 VERSION BSP.","2016-03-04 09:52:21","2016-03-09 19:00:00",5634,"2016-03-11 19:00:00",Dossier_16223,"REFROIDISSEURS D'ECHANTILLON COMPLET CONCERNANT LA DA 19641",https://esuppliers.ocpgroup.org/esop/toolkit/opportunity/opportunityDetail.do?opportunityId=5634,"2016-02-09 16:03:01","2016-02-09 16:03:01",,,0
16326,25.0556,"OCP/AXE NORD/JORF LASFAR","Fourniture des pièces de rechange ATLAS COPCO pour la maintenance des compresseurs d’air et les sécheurs d’air.","2016-02-09 15:55:20","2016-02-23 18:00:00",5635,"2016-02-23 18:00:00",Dossier_16222,"Pièces de rechange ATLAS COPCO pour maintenance des compresseurs, sécheurs d’air",https://esuppliers.ocpgroup.org/esop/toolkit/opportunity/opportunityDetail.do?opportunityId=5635,"2016-02-09 16:03:01","2016-02-09 16:03:01",,,0
16327,54.1320,"OCP / AXE CENTRE / PHOSBOUCRAA","Les travaux objet du présent appel d’offres consistent en :
* Construction de la chaussée sur les tronçons indiqués par PHOSBOUCRAA;
* Réalisation des accotements de par et d’autre du corps de la chaussée;
  Signalisation routière horizontale et verticale;
* Réalisation de Bordures pour trottoirs, giratoires, parkings, ilots directionnels, y 
  compris peinture;
","2016-02-09 16:47:16","2016-02-22 18:00:00",5624,"2016-02-24 18:00:00",Dossier_16213,"Construction d'une route entre l'usine de traitement et la station 10",https://esuppliers.ocpgroup.org/esop/toolkit/opportunity/opportunityDetail.do?opportunityId=5624,"2016-02-09 17:03:01","2016-02-09 17:03:01",,,0
16328,42.1103,"OCP / AXE NORD / JORF LASFAR","SOUPAPES D'AMMONIAC ","2016-02-09 16:09:41","2016-02-24 23:00:00",5570,"2016-02-24 23:00:00",Dossier_16151,"SOUPAPES D'AMMONIAC",https://esuppliers.ocpgroup.org/esop/toolkit/opportunity/opportunityDetail.do?opportunityId=5570,"2016-02-09 17:03:01","2016-02-09 17:03:01",,,0
16329,20.0398,"OCP / AXE CENTRE / PHOSBOUCRAA","Fourniture des instruments de mesure à la mine de Boucraâ","2016-02-09 16:49:36","2016-02-26 14:00:00",5632,"2016-03-01 14:00:00",Dossier_16221,"Fourniture des instruments de mesure à la mine de Boucraâ",https://esuppliers.ocpgroup.org/esop/toolkit/opportunity/opportunityDetail.do?opportunityId=5632,"2016-02-09 17:03:01","2016-02-09 17:03:01",,,0
16330,53.1310,"OCP / DIRECTION EXECUTIVE OPERATIONS INDUSTRIELLES / Gantour  ","Fourniture Articles de Sport " T-Shirts et Casquettes " ( Voir la liste des articles en pièce jointe)","2016-02-09 16:29:18","2016-02-16 18:00:00",5629,"2016-02-17 18:00:00",Dossier_16212,"Fourniture Articles de Sport " T-Shirts et Casquettes "",https://esuppliers.ocpgroup.org/esop/toolkit/opportunity/opportunityDetail.do?opportunityId=5629,"2016-02-09 17:03:01","2016-02-09 17:03:01",,,0
16331,38.0917,"OCP / AXE CENTRE /SAFI ","Fournitures de:
RECHANGES POUR POMPE "KSB".
","2016-02-09 18:45:56","2016-02-24 23:00:00",5626,"2016-02-25 23:00:00",Dossier_16216,"RECHANGES KSB",https://esuppliers.ocpgroup.org/esop/toolkit/opportunity/opportunityDetail.do?opportunityId=5626,"2016-02-09 19:03:01","2016-02-09 19:03:01",,,0
16332,38.0934,"OCP / AXE CENTRE / SAFI","Rechanges SIHI : Rechanges pour pompes SIHI","2016-02-24 18:05:24","2016-02-23 19:00:00",5596,"2016-03-02 19:00:00",Dossier_16180,"Rechanges SIHI",https://esuppliers.ocpgroup.org/esop/toolkit/opportunity/opportunityDetail.do?opportunityId=5596,"2016-02-09 19:03:01","2016-02-09 19:03:01",,,0
16333,48.1194,"OCP / AXE CENTRE / SAFI","Rechanges VOITH : Rechanges pour coupleurs VOITH.","2016-02-09 18:49:07","2016-02-22 19:00:00",5595,"2016-02-24 19:00:00",Dossier_16179,"Rechanges VOITH",https://esuppliers.ocpgroup.org/esop/toolkit/opportunity/opportunityDetail.do?opportunityId=5595,"2016-02-09 19:03:01","2016-02-09 19:03:01",,,0
16334,38.0912,"OCP / AXE CENTRE / SAFI ","Fournitures de:
RECHANGES POUR POMPE "KESTNER".
","2016-02-25 17:50:01","2016-02-24 23:00:00",5638,"2016-03-03 23:00:00",Dossier_16228,"RECHANGES "KESTNER"",https://esuppliers.ocpgroup.org/esop/toolkit/opportunity/opportunityDetail.do?opportunityId=5638,"2016-02-09 19:03:01","2016-02-09 19:03:01",,,0
16335,15.0339,"OCP / AXE CENTRE / SAFI","1)BANDEROLE AVEC ECRITURE CALLIGRAPHIQUE  BACHE TOILE  LONGUEUR : 6 METRES  POURTOUR COUSU SUR LES 4 COTES  SUPPORTS EN BOIS FIXES SUR LES 2 COTES DE LA LONGUEUR  SOIT 2 SUPPORTS EN BOIS DE 0.9M  48M DE CORDE EN NYLON (8M POUR BANDEROLE)  COULEUR: A PRECISER  ECRITURE: A PRECISER
2) BANDEROLE AVEC ECRITURE NUMERIQUE SUR BACHE BLACKLIGHT ENDUITE 700gr AVEC ENCRAGE UV   COULEUR ET ECRITURE : A PRECISER  LONGUEUR : 6 METRES   LARGEUR: 1 METRE   POURTOUR COUSU SUR LES 4 COTES SUPPORTS EN BOIS DE 1,40 METRE  FIXES SUR LES 2 COTES DE LA LONGUEUR  8 METRES  DE CORDE EN NYLON 
","2016-02-09 19:08:31","2016-02-22 19:00:00",5639,"2016-02-24 19:00:00",Dossier_16211,"PAVOISEMENT ( BANDEROLES) CONCERNANT LA DA 19709",https://esuppliers.ocpgroup.org/esop/toolkit/opportunity/opportunityDetail.do?opportunityId=5639,"2016-02-10 07:03:01","2016-02-10 07:03:01",,,0
16336,15.0334,"OCP /AXE CENTRE / SAFI","1	20691.01256	CARTOUCHE TONER NOIR	HEWLETT PACKARD  CF283A  P/IMPRIMANTE LASER JET PRO MFP M125nw. N.B : A PRECISER SUR OFFRE ''MARQUE ORIGINE OU ADAPTABLE". 
2	20691.01239	TONER NOIR	KONICA MINOLTA TNP-44 (A6VK01H) P/IMPRIMANTE TYPE BIZHUB 4750 ET 4050 N.B : A PRECISER SUR OFFRE ''MARQUE ORIGINE OU ADAPTABLE''
3	20691.01051	TONER NOIR	KONICA MINOLTA AOX5153 P/IMPRIMANTE TYPE BIZHUB C25 N.B : A PRECISER SUR OFFRE ''MARQUE ORIGINE OU ADAPTABLE''
4	20691.01052	TONER CYAN	KONICA MINOLTA  AOX5253 P/IMPRIMANTE TYPE BIZHUB C25 N.B : A PRECISER SUR OFFRE ''MARQUE ORIGINE OU ADAPTABLE''
5	20691.01053	TONER JAUNE	KONICA MINOLTA AOX5453 P/IMPRIMANTE TYPE BIZHUB C25 N.B : A PRECISER SUR OFFRE ''MARQUE ORIGINE OU ADAPTABLE''
6	20691.01054	TONER MARGENTA	KONICA MINOLTA AOX5353 P/IMPRIMANTE TYPE BIZHUB C25 N.B : A PRECISER SUR OFFRE ''MARQUE ORIGINE OU ADAPTABLE''
7	20691.01257	TONER NOIR	XEROX 106R02747 P/IMPRIMANTE WORKCENTRE TYPE 6655. NB : A PRECISER SUR OFFRE "MARQUE ORIGINE OU ADAPTABLE. 
8	20691.01260	TONER CYAN	XEROX 106R02744 P/IMPRIMANTE WORKCENTRE TYPE 6655. NB : A PRECISER SUR OFFRE "MARQUE ORIGINE OU ADAPTABLE. 
9	20691.01259	TONER MAGENTA.	XEROX 106R02745 P/IMPRIMANTE WORKCENTRE TYPE 6655. NB : A PRECISER SUR OFFRE "MARQUE ORIGINE OU ADAPTABLE. 
10	20691.01258	TONER YELLOW.	XEROX 106R02746 P/IMPRIMANTE WORKCENTRE TYPE 6655. NB : A PRECISER SUR OFFRE "MARQUE ORIGINE OU ADAPTABLE. 
11	20691.01247	TONER NOIR	KONICA MINOLTA A6VK01F P/IMPRIMANTE BIZHUB 4750,4050 N.B : A PRECISER SUR OFFRE ''MARQUE ORIGINE OU ADAPTABLE''
12	20691.01063	TONER	LEXMARK X463X11G P/IMPRIMANTE TYPE X463DE/X463 N.B : A PRECISER SUR OFFRE ''MARQUE ORIGINE OU ADAPTABLE''
13	20691.01064	KIT PHOTOCONDUCTEUR	LEXMARK E260X22G P/IMPRIMANTE TYPE X463DE/X463   
14	20691.01099	TONER NOIR	XEROX 006R01513 POUR IMPRIMANTES WORK CENTRE 7545 ET 7845 N.B : A PRECISER SUR OFFRE ''MARQUE ORIGINE OU ADAPTABLE''
15	20691.01100	TONER JAUNE	XEROX 006R01514 POUR IMPRIMANTES WORK CENTRE 7545 ET 7845 N.B :","2016-02-09 19:07:57","2016-02-29 19:00:00",5641,"2016-03-02 19:00:00",Dossier_16218,"FOURNITURE DE BUREAU (TONERS)",https://esuppliers.ocpgroup.org/esop/toolkit/opportunity/opportunityDetail.do?opportunityId=5641,"2016-02-10 07:03:01","2016-02-10 07:03:01",,,0
16337,53.1313,"OCP/AXE CEBTRE / SAFI","CASQUETTE AVEC LOGO OCP CASQUETTE EN TISSU (COTON 200 gr/m2), RESISTANT AU SOLEIL, COULEUR BLANCHE, ATTACHE EN METAL, VISIERE ARRONDIE, OREILLEITTES D'AERATION SUR LES COTES, AVEC MARQUAGE DU LOGO OCP.                    "SUIVANT MODELE"
TEE-SHIRT AVEC LOGO OCP                                                                         TAILLE : M                                                                                                           SUIVANT MODELE
TEE-SHIRT AVEC LOGO OCP                                                                         TAILLE : L                                                                                                          SUIVANT MODELE
TEE-SHIRT AVEC LOGO OCP                                                                    TAILLE : XL                                                                                                                SUIVANT MODELE
","2016-02-09 19:07:28","2016-02-29 19:00:00",5642,"2016-03-02 19:00:00",Dossier_16217,"TEES SHIRT ET CASQUETTE CONCERNANT LA DA 19708",https://esuppliers.ocpgroup.org/esop/toolkit/opportunity/opportunityDetail.do?opportunityId=5642,"2016-02-10 07:03:01","2016-02-10 07:03:01",,,0
16338,48.1219,"OCP / DIRECTION EXECUTIVE OPERATIONS INDUSTRIELLES / GANTOUR","Fourniture des rechanges SIAM (Voir la liste des articles demandés en pièces jointes).","2016-02-19 17:12:33","2016-02-24 18:00:00",5621,"2016-02-25 18:00:00",Dossier_15860,"Rechanges SIAM",https://esuppliers.ocpgroup.org/esop/toolkit/opportunity/opportunityDetail.do?opportunityId=5621,"2016-02-10 09:03:01","2016-02-10 09:03:01",,,0
16339,30.0697,"OCP / DIRECTION EXECUTIVE OPERATIONS INDUSTRIELLES / GANTOUR","Fourniture des rechanges hydraulique PARKER (Voir la liste des articles demandés en pièce jointe).","2016-02-22 11:20:48","2016-02-23 18:00:00",5627,"2016-02-24 18:00:00",Dossier_15861,"Rechanges PARKER",https://esuppliers.ocpgroup.org/esop/toolkit/opportunity/opportunityDetail.do?opportunityId=5627,"2016-02-10 09:03:01","2016-02-10 09:03:01",,,0
16340,02.0022,"OCP / DIRECTION EXECUTIVE OPERATIONS INDUSTRIELLES / GANTOUR","Fourniture de bois de chauffage pour four et Hammam OCP. (Voir pièce jointe)
Caractéristique du bois de chauffe:
  *Bois de chêne sec
  *Bois sans tronc d’arbre déracinés comportant la terre végétal et bloc de pierre
 *Découpage en morceau :
 -Pour le Hammam : de50cm à 70cmde long et de 20cm à 40cm de diamètre. 
 - Pour le Four : de 20cm à 35cm de long et de diamètre 10 cm à  15cm de diamètre.
NB : 
- Besoin annuel en bois de chauffage type chêne livré PARTIELLEMENT selon un planning.
- Le fournisseur doit nous fournir le bois de chauffe de hammam indépendant du four, car ce dernier c’est un bois de cuisine (petite taille).
","2016-02-22 09:11:35","2016-02-25 18:00:00",5607,"2016-02-26 18:00:00",Dossier_16136,"BOIS DE CHAUFFAGE 2016",https://esuppliers.ocpgroup.org/esop/toolkit/opportunity/opportunityDetail.do?opportunityId=5607,"2016-02-10 09:03:01","2016-02-10 09:03:01",,,0
16341,08.0122,"OCP / DIRECTION EXECUTIVE OPERATIONS INDUSTRIELLES / GANTOUR","Fourniture des quincailleries (voir la liste des articles en pièce jointe) :
* Pinces pour levage des tôles horizontales avec les élingues;
* Elingues de manutention;
* Grillages mécanique en fer en T.","2016-02-10 08:49:19","2016-02-18 18:00:00",5611,"2016-02-19 18:00:00",Dossier_16139,QUINCAILLERIES,https://esuppliers.ocpgroup.org/esop/toolkit/opportunity/opportunityDetail.do?opportunityId=5611,"2016-02-10 09:03:01","2016-02-10 09:03:01",,,0
16342,30.0697,"OCP / AXE CENTRE / SAFI","Fournitures de:  HYDRAULIQUES - PARKER concernant la DA 18931","2016-02-23 08:03:05","2016-03-02 19:00:00",5501,"2016-03-04 19:00:00",Dossier_16067,"Fournitures de:  HYDRAULIQUES - PARKER concernant la DA 18931",https://esuppliers.ocpgroup.org/esop/toolkit/opportunity/opportunityDetail.do?opportunityId=5501,"2016-02-10 09:03:01","2016-02-10 09:03:01",,,0
16343,40.1027,"OCP / DIRECTION EXECUTIVE OPERATIONS INDUSTRIELLES / GANTOUR","Fourniture des articles de rechanges SIEMENS 
Les articles demandés doivent être de marque d'origine
(voir la liste des articles demandés en pièce jointe)","2016-02-10 08:46:34","2016-02-18 18:00:00",5608,"2016-02-19 18:00:00",Dossier_16138,"Rechanges SIEMENS",https://esuppliers.ocpgroup.org/esop/toolkit/opportunity/opportunityDetail.do?opportunityId=5608,"2016-02-10 09:03:01","2016-02-10 09:03:01",,,0
16344,18.0371,"OCP AXE CENTRE / SAFI","Rechanges d'Etanchétié - SKEGA TROMMEL.concernant la DA 18949.","2016-03-01 15:09:15","2016-03-09 19:00:00",5503,"2016-03-11 19:00:00",Dossier_16068,"Rechages d'Etanchétié - SKEGA TROMMEL.concernant la DA 18949.",https://esuppliers.ocpgroup.org/esop/toolkit/opportunity/opportunityDetail.do?opportunityId=5503,"2016-02-10 09:03:01","2016-02-10 09:03:01",,,0
16345,04.0070,OCP,"Prestations Architecturales Extension IPSE COLLEGE YOUSSOUFIA","2016-02-10 13:50:43","2016-02-15 12:00:00",5650,"2016-02-15 22:00:00",Dossier_16240,"AO Architecte Extension IPSE COLLEGE YOUSSOUFIA",https://esuppliers.ocpgroup.org/esop/toolkit/opportunity/opportunityDetail.do?opportunityId=5650,"2016-02-10 13:03:01","2016-02-10 13:03:01",,,0
16346,32.0755,"OCP/ AXE NORD/ JORF LASFAR","Fourniture des Vérin hydraulique suivant plan","2016-02-10 12:47:42","2016-02-24 18:00:00",5645,"2016-03-01 18:00:00",Dossier_16224,"Fourniture  des Vérin hydraulique suivant plan",https://esuppliers.ocpgroup.org/esop/toolkit/opportunity/opportunityDetail.do?opportunityId=5645,"2016-02-10 13:03:01","2016-02-10 13:03:01",,,0
16347,24.0514,"OCP/ AXE NORD/ JORF LASFAR","Travaux de maintenance au Complexe de Séchage Oued Zem à Khouribga. ","2016-02-10 12:46:45","2016-02-24 18:00:00",5649,"2016-03-02 18:00:00",Dossier_16233,"Travaux de maintenance au Complexe de Séchage Oued Zem à Khouribga. ",https://esuppliers.ocpgroup.org/esop/toolkit/opportunity/opportunityDetail.do?opportunityId=5649,"2016-02-10 13:03:01","2016-02-10 13:03:01",,,0
16348,25.0556,"OCP/AXE NORD/JORF LASFAR","Fourniture des pièces de rechange du compresseur marque ATLAS COPCO ","2016-02-10 15:39:00","2016-02-24 18:00:00",5652,"2016-03-02 18:00:00",Dossier_16241,"Fourniture des pièces de rechange du compresseur marque ATLAS COPCO",https://esuppliers.ocpgroup.org/esop/toolkit/opportunity/opportunityDetail.do?opportunityId=5652,"2016-02-10 16:03:01","2016-02-10 16:03:01",,,0
16349,09.0150,"OCP / DIRECTION EXECUTIVE OPERATIONS INDUSTRIELLES / GANTOUR","Fourniture du câble d'instrumentation (Voir pièce jointe).","2016-02-10 16:59:54","2016-02-18 18:00:00",5636,"2016-02-19 18:00:00",Dossier_15865,"Câble d'instrumentation",https://esuppliers.ocpgroup.org/esop/toolkit/opportunity/opportunityDetail.do?opportunityId=5636,"2016-02-10 17:03:01","2016-02-10 17:03:01",,,0
16350,09.0144,"OCP / DIRECTION EXECUTIVE OPERATIONS INDUSTRIELLES / GANTOUR","Fourniture de fil de bobinage des moteurs électriques (voir la liste des articles demandés en pièce jointe)","2016-02-10 16:53:59","2016-02-18 18:00:00",5630,"2016-02-19 18:00:00",Dossier_15863,"Fil de bobinage",https://esuppliers.ocpgroup.org/esop/toolkit/opportunity/opportunityDetail.do?opportunityId=5630,"2016-02-10 17:03:01","2016-02-10 17:03:01",,,0
16351,06.0095,"OCP / DIRECTION EXECUTIVE OPERATIONS INDUSTRIELLES / GANTOUR","Fourniture des rouleaux de parcours.
NB : En pièces jointes vous trouverez des fiches techniques, liste des articles demandés et le règlement de l'AMI).","2016-02-10 16:57:57","2016-02-18 18:00:00",5633,"2016-02-19 18:00:00",Dossier_15864,"Rouleaux parcours",https://esuppliers.ocpgroup.org/esop/toolkit/opportunity/opportunityDetail.do?opportunityId=5633,"2016-02-10 17:03:01","2016-02-10 17:03:01",,,0
16352,24.0509,"OCP / DIRECTION EXECUTIVE OPERATIONS INDUSTRIELLES / GANTOUR  ","Voir le scope du projet et plan en piéces jointe ci-dessous.","2016-02-10 16:04:01","2016-02-16 23:00:00",5646,"2016-02-17 16:00:00",Dossier_16234,"Confection de 10 Bouquets support Drapeaux en charpente métallique",https://esuppliers.ocpgroup.org/esop/toolkit/opportunity/opportunityDetail.do?opportunityId=5646,"2016-02-10 17:03:01","2016-02-10 17:03:01",,,0
16353,16.0352,OCP,"Dans le cadre de l’embellissement des espaces verts du patrimoine OCP, nous envisageons l’acquisition de 400 Palmiers Washingtonia de hauteur 4m en vue de les planter :
• A l’entrée du carreau industriel : à partir du rond-point El Kelaa.
• En remplacement aux palmiers desséchés et jaunis des voies 11 et 15 et de la double-voie.

NB : La fourniture des palmiers est de hauteur 4m de stipe et de circonférence entre de 1.2m et 1.5m 
","2016-02-10 16:35:39","2016-02-16 18:00:00",5653,"2016-02-17 17:00:00",Dossier_16244,"PALMIERS WASHINGTONIA HAUTEUR: 4M ",https://esuppliers.ocpgroup.org/esop/toolkit/opportunity/opportunityDetail.do?opportunityId=5653,"2016-02-10 17:03:01","2016-02-10 17:03:01",,,0
16354,24.0513,"OCP / AXE CENTRE / SAFI ","Le projet est un marché sur 20 jours pour les travaux de renforcement des poteaux en briques anti-acide support des grilles et intalox à l’intérieur de la tour d’absorption de la ligne sulfurique X de Maroc Chimie. L’entreprise aura à sa charge les prestations suivantes :
Fourniture et mise en place d’une solution de supportage provisoire
Fourniture des briques anti acide en grés suivant spécifications 
Démolition et évacuation des poteaux en briques 
Construction des nouveaux poteaux en briques 
Chemisage des poteaux existants
","2016-02-10 16:17:00","2016-02-18 23:00:00",5600,"2016-02-19 10:00:00",Dossier_16183,"Renforcement des poteaux en briques AA de la tour d'absorption ligne sulfu X.",https://esuppliers.ocpgroup.org/esop/toolkit/opportunity/opportunityDetail.do?opportunityId=5600,"2016-02-10 17:03:01","2016-02-10 17:03:01",,,0
16355,09.0149,"OCP / DIRECTION EXECUTIVE OPERATIONS INDUSTRIELLES / GANTOUR","Fourniture des articles d'éclairage : 
* Projecteurs à LED
* Réglettes
* Lampes fluorescente
(Voir pièce jointe).","2016-02-10 17:26:28","2016-02-18 18:00:00",5628,"2016-02-19 18:00:00",Dossier_15862,"Matériels d'éclairage",https://esuppliers.ocpgroup.org/esop/toolkit/opportunity/opportunityDetail.do?opportunityId=5628,"2016-02-10 18:03:01","2016-02-10 18:03:01",,,0
16356,41.1055,"OCP/ACHAT/AXE CENTRE","Vannes de régulation","2016-02-11 08:57:09","2016-02-24 17:00:00",5648,"2016-02-25 17:00:00",Dossier_16239,"Vannes de régulation DAX 19646",https://esuppliers.ocpgroup.org/esop/toolkit/opportunity/opportunityDetail.do?opportunityId=5648,"2016-02-10 18:03:01","2016-02-10 18:03:01",,,0
16357,39.0958,"OCP /AXE CENTRE / SAFI","Le projet concerne la rénovation de la partie contrôle commande de l’unité 50 de stockage et distribution de phosphate. Il consiste à mettre en place un SNCC avec supervision (CPU, cartes E/S, communication, postes de conduite et développement, armoires, etc.), avec aménagement de la salle de contrôle et du local technique.
Le but est d'avoir une convivialité d'exploitation, gestion des alarmes, asservissements et historique de cette unité.
Il s'agit d'une acquisition, installation, programmation, configuration, mise en service et formation.","2016-02-10 17:15:16","2016-02-24 19:00:00",5593,"2016-02-25 19:00:00",Dossier_16176,"Rénovation de la partie contrôle commande de l'unité 50 à MP I DA 19479",https://esuppliers.ocpgroup.org/esop/toolkit/opportunity/opportunityDetail.do?opportunityId=5593,"2016-02-10 18:03:01","2016-02-10 18:03:01",,,0
16358,25.0549,"OCP / AXE CENTRE / SAFI","CORPS DE VANNE POUR LA VANNE FUEL,ENTREE CHAMBRE COMBUSTION DES UNITES MCP/ENGRAIS A ICS/C
 ECONOMISEURS-SAACKE","2016-02-10 17:19:47","2016-02-24 00:00:00",5601,"2016-02-24 19:00:00",Dossier_16191,"CORPS DE VANNE DA-19542",https://esuppliers.ocpgroup.org/esop/toolkit/opportunity/opportunityDetail.do?opportunityId=5601,"2016-02-10 18:03:01","2016-02-10 18:03:01",,,0
16359,34.0790,"OCP / AXE NORD / KHOURIBGA","Fourniture des pièces de rechange pour treuil du gratteur marque HIDROFERSA.","2016-03-29 07:48:00","2016-04-05 17:00:00",4867,"2016-04-05 17:00:00",Dossier_15269,"Fourniture des pièces de rechange pour treuil du gratteur marque HIDROFERSA ",https://esuppliers.ocpgroup.org/esop/toolkit/opportunity/opportunityDetail.do?opportunityId=4867,"2016-02-11 07:03:01","2016-02-11 07:03:01",,,0
16360,02.0035,"OCP / DIRECTION EXECUTIVE OPERATIONS INDUSTRIELLES / GANTOUR  ","Travaux de peinture de la cloture du chantier de la ville verte Benguerir

Consistance des travaux :

- Travaux de peinture des palissades de la cloture de la ville verte Benguerir

La durée des travaux est de 12 Jours","2016-02-18 14:33:47","2016-02-17 18:00:00",5631,"2016-02-18 18:00:00",Dossier_16220,"Travaux de peinture de la cloture du chantier de la ville verte Benguerir",https://esuppliers.ocpgroup.org/esop/toolkit/opportunity/opportunityDetail.do?opportunityId=5631,"2016-02-11 10:03:01","2016-02-11 10:03:01",,,0
16361,44.1141,"OCP / DIRECTION EXECUTIVE OPERATIONS INDUSTRIELLES / GANTOUR  ","Etude et la réalisation de 02 installations de détection d'incendie pour les 02 sièges de la direction de Gantour ( Youssoufia & Benguérir)

Consistance des travaux :

Etude et la réalisation de 02 installations de détection d'incendie pour les 02 sièges de la direction de Gantour ( Youssoufia & Benguérir). Cette étude doit être en conformité avec la réglementation Française et la directive "SEVESO II ". Les standarts APSAD et NFPA seront retenus.

Le délai des travaux est de 03 Mois","2016-02-11 09:53:38","2016-02-23 18:00:00",5660,"2016-02-25 18:00:00",Dossier_16248,"Etude et la réalisation de 02 installations de détection d'incendie pour les 02 ",https://esuppliers.ocpgroup.org/esop/toolkit/opportunity/opportunityDetail.do?opportunityId=5660,"2016-02-11 10:03:01","2016-02-11 10:03:01",,,0
16362,08.0120,OCP-AXENORD/JORFLASFAR,"fourniture de boulonnerie gérer en MIN-MAX","2016-02-11 10:37:00","2016-02-17 18:00:00",5663,"2016-02-17 16:00:00",Dossier_16254,"fourniture de boulonnerie",https://esuppliers.ocpgroup.org/esop/toolkit/opportunity/opportunityDetail.do?opportunityId=5663,"2016-02-11 11:03:01","2016-02-11 11:03:01",,,0
16363,23.0471,"OCP / AXE CENTRE / SAFI","*Le projet concerne la fourniture de 11 photocopieurs avec garantie de 5 ans.
Ces photocopieurs sont dédiés à une utilisation professionnelle de ce fait, elles doivent être d’une technologie robuste et confirmée.
Principales exigences :
?- Les photocopieurs doivent être d’une technologie robuste et confirmée sur ce type d’utilisation ;
?- Les photocopieurs devront être d’une nouvelle technologie qui répondent aux exigences techniques les plus récentes ;
? -Le fournisseur aura à sa charge, le transport et la livraison CF déchargé Safi, Maroc, de la totalité de notre besoin.
? -Le fournisseur joindra à sa fourniture, de la documentation technique, manuel d’utilisation et fiches techniques pour chaque équipement, et ce en 3 exemplaires en langue française.
?- La fourniture englobe tous les accessoires nécessaires au bon fonctionnement (Logiciel, Câble USB …..)
? -Le fournisseur aura à sa charge toutes les prestations de maintenance pour une durée de garantie de 5 ans ;
? -Respect du délai de livraison ;
? -Respect de la durée de garantie.","2016-02-11 10:48:14","2016-02-17 19:00:00",5640,"2016-02-19 19:00:00",Dossier_16229,"Acquisition d’un lot de photocopieurs",https://esuppliers.ocpgroup.org/esop/toolkit/opportunity/opportunityDetail.do?opportunityId=5640,"2016-02-11 11:03:01","2016-02-11 11:03:01",,,0
16364,02.0029,"OCP / Direction Exécutive Opérations Industrielles / Gantour","Travaux de peinture des bordures des trottoirs à la cité OCP Benguérir. 

Le délai de réalisation est de 15 jours.","2016-02-18 14:36:25","2016-02-17 18:00:00",5661,"2016-02-18 17:00:00",Dossier_16253,"Travaux de peinture des trottoirs à la cité OCP Benguérir.",https://esuppliers.ocpgroup.org/esop/toolkit/opportunity/opportunityDetail.do?opportunityId=5661,"2016-02-11 11:03:01","2016-02-11 11:03:01",,,0
16365,25.0570,"OCP / AXE NORD / JORF LASFAR","FOURNITURE PIÈCES DE RECHANGE CRIBLES COMESSA POUR LA MAINTENANCE DES CRIBLES COMESSA DES UNITÉ DE PRODUCTION DES PHOSPHATES","2016-02-11 15:17:32","2016-02-25 18:00:00",5667,"2016-03-03 16:00:00",Dossier_16263,"Fourniture de rechanges pour maintenance des CRIBLES COMESSA",https://esuppliers.ocpgroup.org/esop/toolkit/opportunity/opportunityDetail.do?opportunityId=5667,"2016-02-11 16:03:01","2016-02-11 16:03:01",,,0
16366,32.0745,"OCP SA/AXE CENTRE/SAFI","CHAUDRONNERIE INOX SUIVANT PLAN","2016-02-25 08:47:16","2016-03-01 18:00:00",5674,"2016-03-02 18:00:00",Dossier_16272,"CHAUDRONNERIE INOX SUIVANT PLAN DA N°19669",https://esuppliers.ocpgroup.org/esop/toolkit/opportunity/opportunityDetail.do?opportunityId=5674,"2016-02-11 18:03:01","2016-02-11 18:03:01",,,0
16367,48.1211,"OCP SA/AXE CENTRE/SAFI","BOITIER DE COMMANDE ","2016-02-25 09:22:58","2016-02-25 18:00:00",5673,"2016-03-04 18:00:00",Dossier_16271,"BOITIER DE COMMANDE DA N°19640",https://esuppliers.ocpgroup.org/esop/toolkit/opportunity/opportunityDetail.do?opportunityId=5673,"2016-02-11 18:03:01","2016-02-11 18:03:01",,,0
16368,32.0745,"OCP SA/AXE CENTRE/SAFI","CHAUDRONNERIE INOX SUIVANT PLAN","2016-02-25 15:33:17","2016-03-01 18:00:00",5677,"2016-03-02 18:00:00",Dossier_16274,"CHAUDRONNERIE INOX SUIVANT PLAN DA N°19668-1",https://esuppliers.ocpgroup.org/esop/toolkit/opportunity/opportunityDetail.do?opportunityId=5677,"2016-02-11 18:03:01","2016-02-11 18:03:01",,,0
16369,02.0029,OCP,"Travaux de remise en état des chalets et colonie de vacances au centre d’estivage à Mohammedia.
","2016-02-12 11:26:53","2016-02-22 18:00:00",5675,"2016-02-22 18:00:00",Dossier_16262,"Travaux de remise en état des chalets et colonie de vacances au centre d’estivag",https://esuppliers.ocpgroup.org/esop/toolkit/opportunity/opportunityDetail.do?opportunityId=5675,"2016-02-11 19:03:01","2016-02-11 19:03:01",,,0
16370,02.0029,"OCP/AXE NORD/KHOURIBGA","Travaux de confection des tampons des regards défectueux au site de Khouribga","2016-02-11 18:03:53","2016-02-18 18:00:00",5678,"2016-02-18 18:00:00",Dossier_16267,"Travaux de confection des tampons des regards défectueux au site de Khouribga",https://esuppliers.ocpgroup.org/esop/toolkit/opportunity/opportunityDetail.do?opportunityId=5678,"2016-02-11 19:03:01","2016-02-11 19:03:01",,,0
16371,98.9985,"OCP / DIRECTION EXECUTIVE OPERATIONS INDUSTRIELLES / GANTOUR","Sous-traitance de la prestation de restauration 
 
Prestation de service : 
•Petit-déjeuner est servi sous forme individuel (1200 personnes)
•L’ensemble des équipements:
tables, chaises, housses, nappes, napperons, serviettes de table ......sont à la charge de l’entreprise
•Lieu de livraison : A fixer par le chef de projet OCP. 
•Les dates de prestation seront communiquées par le chef de projet une journée à l’avance de prestation..
•Les quantités seront consommées selon le besoin OCP.  
","2016-02-19 11:27:05","2016-02-18 18:00:00",5671,"2016-02-19 15:00:00",Dossier_16265,"Prestations de restauration",https://esuppliers.ocpgroup.org/esop/toolkit/opportunity/opportunityDetail.do?opportunityId=5671,"2016-02-12 09:03:01","2016-02-12 09:03:01",,,0
16372,30.0693,"OCP / Axe centre / SAFI","Rechanges ENERPAC : vérin série lourd","2016-02-12 09:24:04","2016-02-23 19:00:00",5676,"2016-02-25 19:00:00",Dossier_16273,"Rechanges ENERPAC.",https://esuppliers.ocpgroup.org/esop/toolkit/opportunity/opportunityDetail.do?opportunityId=5676,"2016-02-12 10:03:01","2016-02-12 10:03:01",,,0
16373,23.0473,"OCP/AXE NORD/JORF LASFAR","ACHAT DES RADIOS DE TRANSMISSION POUR LA LAVERIE BENI AMIR","2016-02-12 09:40:36","2016-02-23 18:00:00",5637,"2016-03-01 18:00:00",Dossier_16226,"ACHAT DES RADIOS DE TRANSMISSION POUR LA LAVERIE BENI AMIR",https://esuppliers.ocpgroup.org/esop/toolkit/opportunity/opportunityDetail.do?opportunityId=5637,"2016-02-12 10:03:01","2016-02-12 10:03:01",,,0
16374,02.0029,"OCP / OPERATIONS INDUSTRIELLES / KHOURIBGA","Les travaux objet de cette réquisition comprennent :

- Terrassement ;
- Mise en place des fourreaux pour mâts porte-drapeaux
","2016-02-12 09:34:53","2016-02-18 18:00:00",5681,"2016-02-18 18:00:00",Dossier_16280,"FOURNITURE ET POSE DES FOURREAUX POUR MÂTS PORTE-DRAPEAUX AU SITE DE KHOURIBGA",https://esuppliers.ocpgroup.org/esop/toolkit/opportunity/opportunityDetail.do?opportunityId=5681,"2016-02-12 10:03:01","2016-02-12 10:03:01",,,0
16375,11.0210,"OCP/AXE CENTRE/SAFI","Achat de sept écrans LCD-52 '' pour sensibilisation HSE dans les salles de réunion ","2016-02-12 09:23:16","2016-03-01 19:00:00",5665,"2016-03-03 19:00:00",Dossier_16258,"Achat de 07 écrans LCD pour sensibilisation HSE dans les salles de réunion ",https://esuppliers.ocpgroup.org/esop/toolkit/opportunity/opportunityDetail.do?opportunityId=5665,"2016-02-12 10:03:01","2016-02-12 10:03:01",,,0
16376,33.0771,"OCP / AXE NORD / KHOURIBGA","TRAVAUX DE NETTOIEMENT DU SECTEUR NORD DE LA VILLE OCP KHOURIBGA :
- Collecte des ordures ménagères, leur tri et mise en  décharge publique ;
- Balayage des rues, places publiques et terrains vagues ;
- Désherbage mécanique des rues, et terrain vagues ;
- Enlèvement de tous types de déchets solides non compris dans les ordures.

Durée de la prestation : 01 mois
","2016-02-12 10:27:34","2016-02-19 12:00:00",5684,"2016-02-19 12:00:00",Dossier_16278,"TRAVAUX DE NETTOIEMENT DU SECTEUR NORD DE LA VILLE OCP KHOURIBGA.",https://esuppliers.ocpgroup.org/esop/toolkit/opportunity/opportunityDetail.do?opportunityId=5684,"2016-02-12 11:03:01","2016-02-12 11:03:01",,,0
16377,44.1142,"OCP / OPERATIONS INDUSTRIELLES / KHOURIBGA","Fourniture des barrières de balisage en plastique et barrières métalliques de protection : 
- Barrières de balisage en plastique : longueur 2 mètres et hauteur 1 mètre. 
- Barrières métalliques de protection 2m : longueur totale avec crochet 2 mètres avec 14 barreaux et pieds décalés accrochage universel 
Selon photo et plan attachés à la RFI. 
","2016-02-12 16:40:45","2016-02-19 12:00:00",5682,"2016-02-19 12:00:00",Dossier_16277,"BARRIERES DE BALISAGE EN PLASTIQUE ET BARRIERES METTALIQUES DE PROTECTION ",https://esuppliers.ocpgroup.org/esop/toolkit/opportunity/opportunityDetail.do?opportunityId=5682,"2016-02-12 11:03:01","2016-02-12 11:03:01",,,0
16378,38.0904,"OCP/AXE NORD JORF LASFAR","RECHANGES ALL_WEILLER","2016-02-12 10:19:59","2016-03-04 23:00:00",5643,"2016-03-04 23:00:00",Dossier_16227,"RECHANGES ALL_WEILLER",https://esuppliers.ocpgroup.org/esop/toolkit/opportunity/opportunityDetail.do?opportunityId=5643,"2016-02-12 11:03:01","2016-02-12 11:03:01",,,0
16379,42.1093,"OCP/AXE NORD/JORF LASFAR","Pièces de rechange pour agitateurs de marque MERSEN et LUMPP","2016-03-28 13:52:32","2016-04-10 17:00:00",5654,"2016-04-10 17:00:00",Dossier_16225,"Pièces de rechange pour agitateurs de marque MERSEN et LUMPP",https://esuppliers.ocpgroup.org/esop/toolkit/opportunity/opportunityDetail.do?opportunityId=5654,"2016-02-12 12:03:01","2016-02-12 12:03:01",,,0
16380,41.1055,"OCP/ACHATS AXE NORD/JORF LASFAR","Fourniture des vannes METSO ","2016-02-12 11:32:46","2016-02-26 18:00:00",5669,"2016-02-26 18:00:00",Dossier_16264,"Fourniture des vannes METSO",https://esuppliers.ocpgroup.org/esop/toolkit/opportunity/opportunityDetail.do?opportunityId=5669,"2016-02-12 12:03:01","2016-02-12 12:03:01",,,0
16381,44.1142,"OCP / DIRECTION EXECUTIVE OPERATIONS INDUSTRIELLES / GANTOUR  ","Le présent projet a pour but de faire la mise en œuvre de la signalisation Horizontale au site OCP de Benguerir. 
Ci-dessous les lieux objet de cette prestation :
- Cité OCP Benguerir.
- Voie menant à la station d’épuration Benguerir.
- Carreau industriel et installations OCP
Consistance des travaux :
- 42 000 ml de marquage en bandes de 15 cm de large
- 4 200 m² des marquages spéciaux en bandes.
A titre indicatif vous trouverez ci-après quelques informations utiles :
- La durée d’exécution des travaux dans un délai de 15 jours (réalisable sur 3 tranches au maximum), à compter du jour du commencement des travaux, fixé par ordre de service.
- La durée contractuelle de garantie sera de 12 mois.
","2016-02-18 17:21:45","2016-02-17 23:00:00",5683,"2016-02-19 12:00:00",Dossier_16281,"Mise en œuvre de la signalisation horizontale au site de Benguerir",https://esuppliers.ocpgroup.org/esop/toolkit/opportunity/opportunityDetail.do?opportunityId=5683,"2016-02-12 12:03:01","2016-02-12 12:03:01",,,0
16382,34.0781,"OCP / AXE CENTRE / PHOSBOUCRAA","Acquisition des chariots élévateurs pour la mine de Boucraâ","2016-02-29 15:58:29","2016-02-27 18:00:00",5664,"2016-03-03 18:00:00",Dossier_16236,"Acquisition des chariots élévateurs pour la mine de Boucrâa",https://esuppliers.ocpgroup.org/esop/toolkit/opportunity/opportunityDetail.do?opportunityId=5664,"2016-02-12 12:03:01","2016-02-12 12:03:01",,,0
16383,01.0005,"OCP/Achats Corporate/Casablanca","Fourniture et formation relatives à un appareil RFX portable ","2016-02-12 11:54:49","2016-03-02 18:00:00",5694,"2016-03-04 18:00:00",Dossier_16289,"Fourniture et formation relatives à un appareil RFX portable ",https://esuppliers.ocpgroup.org/esop/toolkit/opportunity/opportunityDetail.do?opportunityId=5694,"2016-02-12 12:03:01","2016-02-12 12:03:01",,,0
16384,42.1114,"OCP/ACHATS AXE NORD/JORF LASFAR","Fourniture des pièces de rechange Marque XOMOX ","2016-02-12 11:30:54","2016-02-26 18:00:00",5666,"2016-03-04 18:00:00",Dossier_16261,"Fourniture des pièces de rechange Marque XOMOX",https://esuppliers.ocpgroup.org/esop/toolkit/opportunity/opportunityDetail.do?opportunityId=5666,"2016-02-12 12:03:01","2016-02-12 12:03:01",,,0
16385,28.0672,"OCP / Opérations Industrielles / KHOURIBGA  ","Convention de sous-traitance des travaux de graissage à JFC-V : 
 - Réalisation des travaux de graissage, vidange, appoint d’huile et de graisse, des équipements installés à JFC-V, selon le planning global de graissage.

","2016-04-25 10:19:12","2016-02-26 18:00:00",5569,"2016-05-09 17:00:00",Dossier_16152,"Convention de sous-traitance des travaux de graissage à JFC-V",https://esuppliers.ocpgroup.org/esop/toolkit/opportunity/opportunityDetail.do?opportunityId=5569,"2016-02-12 16:03:01","2016-02-12 16:03:01",,,0
16386,29.0680,"OCP / Axe nord / Khouribga","La Fourniture des Flexible pour Filtres à soufre.
 Achat des flexibles pour des filtres à soufre destinés à l’unité de filtration du soufre à JORF LASFAR ","2016-02-12 15:47:46","2016-02-26 18:00:00",5651,"2016-03-04 18:00:00",Dossier_16238,"La Fourniture des Flexible pour Filtres à soufre ",https://esuppliers.ocpgroup.org/esop/toolkit/opportunity/opportunityDetail.do?opportunityId=5651,"2016-02-12 16:03:01","2016-02-12 16:03:01",,,0
16387,02.0029,"OCP / SADV / BENGUERIR","AO_Ouvert : Gros Œuvres – Etanchéité – Clos Couvert des (14) Villas Chercheurs du Quartier B à BENGUERIR :
TERRASSEMENT ET FOUILES POUR OUVRAGE EN BETON
BETON ARME EN FONDATION ET SUPERSTRUCTURE
ETANCHEITE – ISOLATION THERMIQUE
MENUISERIE ALUMINIUM
MENUISERIE Métallique
HABILLAGE EN PIERRE
MURS DE CLOTURE 
","2016-02-12 15:24:50","2016-02-29 18:00:00",5679,"2016-03-04 22:00:00",Dossier_16276,"Gros Œuvres – Etanchéité – Clos Couvert  des (14) Villas Chercheurs du Quartier ",https://esuppliers.ocpgroup.org/esop/toolkit/opportunity/opportunityDetail.do?opportunityId=5679,"2016-02-12 16:03:01","2016-02-12 16:03:01",,,0
16388,98.9983,"OCP / DIRECTION EXECUTIVE OPERATIONS INDUSTRIELLES / GANTOUR","Excursion à Marrakech pour femmes OCP.

Date: 12 et 13/03/2016
Effectif: 140 Personnes 
Prestation: Séjour d'une nuitée en pension Compléte
Visite guidée au jardin Majorelle
Diner Chez Ali
Visite guidée de Marrakech par bus touristique: (Ville ancienne monuments ......)","2016-02-12 15:47:41","2016-02-20 18:00:00",5693,"2016-02-22 12:00:00",Dossier_16288,"Prestations hôtelière pour personnels OCP",https://esuppliers.ocpgroup.org/esop/toolkit/opportunity/opportunityDetail.do?opportunityId=5693,"2016-02-12 16:03:01","2016-02-12 16:03:01",,,0
16389,08.0121,"OCP / AXE CENTRE / SAFI","- SAC EN POLYETH 300X160X30 : EMBALLAGE EMBALLAGE PLASTIQUE  SAC. DESIGNATION SAC EN POLYETHYLENE DIMENSIONS : 300 X 160 MM  EPAISSEUR 30 MICRONS UTILISATION POUR ECHANTILLON DE PHOSPHATE;EMBALLAGE EMBALLAGE PLASTIQUE  SAC . DESIGNATION SAC EN POLYETHYLENE  DIMENSIONS : 1100 X 750 MM EPAISSEUR 150 MICRONS UTILISATION ECHANTILLON DE PHOSPHATE ;BOUDIN EN CAOUTCHOUC E.P.D.M  ANTI-ACIDE. DURETE SHORE: 65-70 
DIAMETRE : INTERIEUR:6 MM,EXTERIEUR:18 MM.TEMPERATURE D UTILISATION 130 DEG.C
- BOUDIN EN CAOUTCHOUC EPDM 6/18: 
- SAC EN POLYET 1100X750X50: ","2016-03-04 09:53:40","2016-03-09 19:00:00",5690,"2016-03-11 19:00:00",Dossier_16287,"DROGUERIES : BOUDINS ET SACS EN POLYETHYLENE CONCERNANT LA DA 19679",https://esuppliers.ocpgroup.org/esop/toolkit/opportunity/opportunityDetail.do?opportunityId=5690,"2016-02-12 16:03:01","2016-02-12 16:03:01",,,0
16390,13.0236,"OCP SA / AXE NORD / KHOURIBGA","Convention de location des engins de manutention et d’accès à JFC-V:
    - Mise à disposition des grues de capacités allant de 30 à 400 T, des chariots élévateurs et télescopiques et les nacelles, pour la réalisation des différents travaux de maintenance des équipements propriété de JFC-V
","2016-02-12 15:41:08","2016-02-26 18:00:00",5573,"2016-03-04 18:00:00",Dossier_16155,"Convention de location des engins de manutention et d’accès à JFC-V",https://esuppliers.ocpgroup.org/esop/toolkit/opportunity/opportunityDetail.do?opportunityId=5573,"2016-02-12 16:03:01","2016-02-12 16:03:01",,,0
16391,98.9985,"OCP / DIRECTION EXECUTIVE OPERATIONS INDUSTRIELLES / GANTOUR","Sous-traitance de la préparation des sandwichs. 

L’entreprise devra prendre en charge et à ses frais la préparation et la livraison de 10000 sandwichs au Club des phosphatiers de Benguérir selon les plannings communiqué par le responsable OCP.

L’entreprise devra prendre en charge de livrer une quantité supplémentaire de 10 à 100 sandwichs pendent trois heures à la demande.

Les menus sont de trois types: 
Menu 1 :
•	 1 barquette de salade variée 250g (salade verte betteraves, carottes, haricots, concombres, riz, thon, cacher râpé, mayonnaise, formage en tranche.) 
•	Un pain de très bonne qualité.
•	Une barquette avec repas chaud : 150g rôti de bœuf, jardinière de légumes, riz, tranche de formage.
•	1 bouteille d’eau Sidi Ali PM  
•	1 canette limonade 
•	 01 yaourt + 01 Pomme qualité export  
•	1 Fourchette + 01 cuillère en plastique
•	Une serviette en papier+ un cure dent

Menu 2 :
•	1 barquette de salade variée 250g (salade verte betteraves, carottes, haricots, concombres, riz, thon, cacher râpé, mayonnaise, formage en tranche.) 
•	 Une barquette avec repas chaud : ¼ poulet (environ 250g), frites, riz, tranche de formage.
•	Un pain de très bonne qualité
•	1 bouteille d’eau Sidi Ali PM  
•	1 canette limonade 
•	01 yaourt + 01 Banane qualité export  
•	1 Fourchette + 01 cuillère en plastique
•	Une serviette en papier+ un cure dent
Menu 3
•	1 barquette de salade variée 250g (salade verte betteraves, carottes, haricots, concombres, riz, thon, cacher râpé, mayonnaise, formage en tranche..) 
•	Une barquette avec repas chaud : 150g viande hachée, riz avec sauce, tranche de formage.
•	Un pain de très bonne qualité
•	1 bouteille d’eau Sidi Ali PM  
•	1 canette limonade 
•	01 yaourt + 01 Poire qualité export  
•	1 Fourchette + 01 cuillère en plastique
•	Une serviette en papier+ un cure dent

","2016-02-19 11:26:18","2016-02-18 18:00:00",5701,"2016-02-19 15:00:00",Dossier_16293,"Prestations de restauration ",https://esuppliers.ocpgroup.org/esop/toolkit/opportunity/opportunityDetail.do?opportunityId=5701,"2016-02-12 16:03:01","2016-02-12 16:03:01",,,0
16392,09.0149,"OCP / DIRECTION EXECUTIVE OPERATIONS INDUSTRIELLES / GANTOUR ","Fourniture des luminaires pour éclairage extérieure public. 
Fixation : installation top raccord de 3/4" gas au mat. 
Corps : injection aluminium haute résistance, couleur noir au four.
Hauteur 850mm, ø 520mm.
Protection : IP65, IK10 équipe d’appareillage d’alimentation incorpore avec lampe à vapeur de sodium HP : E40-1x150w-230v genre neofernandina de benito réf. : ILFE85MN
N.B: voir pièces jointes   

","2016-02-12 15:24:24","2016-02-18 18:00:00",5696,"2016-02-19 16:00:00",Dossier_16294,"LUMINAIRES NEOFERNANDINA ",https://esuppliers.ocpgroup.org/esop/toolkit/opportunity/opportunityDetail.do?opportunityId=5696,"2016-02-12 16:03:01","2016-02-12 16:03:01",,,0
16393,53.1311,"OCP / DIRECTION EXECUTIVE OPERATIONS INDUSTRIELLES / Gantour  ","Fourniture des EPI " Chaussures de sécurité & Casques de protection" (Voir la liste des articles en pièce jointe)","2016-02-19 07:52:03","2016-02-18 18:00:00",5703,"2016-02-19 12:00:00",Dossier_16301,"Fourniture des EPI " Chaussures de sécurités & Casques de protection"",https://esuppliers.ocpgroup.org/esop/toolkit/opportunity/opportunityDetail.do?opportunityId=5703,"2016-02-12 17:03:01","2016-02-12 17:03:01",,,0
16394,53.1313,"OCP / DIRECTION EXECUTIVE OPERATIONS INDUSTRIELLES / Gantour  ","Fourniture Habillements " Blouses Grises" (Voir la liste des articles en pièce jointe)","2016-02-19 07:52:38","2016-02-18 18:00:00",5705,"2016-02-19 12:00:00",Dossier_16303,"Fourniture Habillements " Blouses Grises"",https://esuppliers.ocpgroup.org/esop/toolkit/opportunity/opportunityDetail.do?opportunityId=5705,"2016-02-12 17:03:01","2016-02-12 17:03:01",,,0
16395,32.0754,"OCP/ Direction executive operations industrielles /GANTOUR  ","Fourniture des Barrières métallique en USINAGE ET CHAUDRONNERIE SUIVANT PLAN OCP (voir en pièce jointe)","2016-02-19 07:43:37","2016-02-18 18:00:00",5706,"2016-02-19 12:00:00",Dossier_16302,"Fourniture des Barrières métallique en USINAGE ET CHAUDRONNERIE SUIVANT PLAN OCP",https://esuppliers.ocpgroup.org/esop/toolkit/opportunity/opportunityDetail.do?opportunityId=5706,"2016-02-12 18:03:01","2016-02-12 18:03:01",,,0
16396,24.0509,"OCP / AXE CENTRE / SAFI","révision des unités de production de l’atelier de fusion & de filtration de soufre de MPI.
Prise en charge de toutes les prestations liées à l’activité de chaudronnerie, soudure, mécanique, revêtement réfractaire, peinture et métallisation (encadrement, transport,….),
","2016-03-03 18:35:59","2016-03-08 19:00:00",5700,"2016-03-09 19:00:00",Dossier_16006,"Marché pour révision des unités de production de l’atelier de fusion & de fi",https://esuppliers.ocpgroup.org/esop/toolkit/opportunity/opportunityDetail.do?opportunityId=5700,"2016-02-12 19:03:01","2016-02-12 19:03:01",,,0
16397,24.0503,"OCP / AXE CENTRE / PHOSBOUCRAA","Courroies et toile filtrante pour filtre à bande:
* 20623.00076: Courroies de boite à vide: 32185X38X10 mm

* 20623.00071: Courroies de glissement :37688X30X7,5 mm

* 10065.00456: TOILE FILTRANTE
- QUALITE:	6623 POLYNOVA
- Dimensions: 43000X2320X1000 mm
- Matière: Polyster
- FIL: CHAINE ET TRAME MONO
- ARMURE:	SATIN
- JONCTION: CLIPPERS EN INOX 316L
- POIDS:650 g/m2
- NOMBRE DE FIL/cm: CHAINE=23 / TRAME=21
- PERMEABILITE A L’AIR (SOUS 20 mm C.E) L/DM2/MN:1300
- RESISTANCE A LA RUPTURE N/cm: CHAINE=14000 / TRAME=930
- TRAITEMENT:STABILISE
- MISE SANS FIN: CLIPPERS 2.26 BORDE A CHACUN ET ENDUITS
","2016-02-12 19:17:20","2016-02-29 23:00:00",5647,"2016-03-02 23:00:00",Dossier_16235,"Courroies et toile filtrante pour filtre à bande",https://esuppliers.ocpgroup.org/esop/toolkit/opportunity/opportunityDetail.do?opportunityId=5647,"2016-02-13 07:03:01","2016-02-13 07:03:01",,,0
16398,20.0400,"OCP / AXE Centre / Phosboucraâ","ELECTRODES POUR SOUDAGE :
ELECTRODE : 3,15 MM
ELECTRODE : 4 MM
ELECTRODE ENROBEE D : 4 MM
ELECT.ENROB.ACI FLUAG D : 4
ELECTRODE : 3,15 MM
ELECTRODE DIAM : 3,2 MM
ELECTROD ENROBA BASIQ 3,2
RACCORD SECURISAF D
","2016-02-12 19:29:55","2016-02-26 18:00:00",5657,"2016-02-28 18:00:00",Dossier_16246,ELECTRODES,https://esuppliers.ocpgroup.org/esop/toolkit/opportunity/opportunityDetail.do?opportunityId=5657,"2016-02-13 07:03:01","2016-02-13 07:03:01",,,0
16399,38.0917,"OCP / AXE CENTRE / PHOSBOUCRAA","Rechange pompes KSB:
* 20347.01554	Corps de refoulement	W10’’ DN : 6’’ rep : 107
* 20347.01556	Arbre de pompe	40x645 rep : 211
* 20347.01561	Arbre de commande	25x326 rep : 213
* 20347.01569	Corps de diffuseur	W14.450 rep : 112
* 20347.01574	Bague d’usure	W14.450 rep : 502.3
* 20347.01575	Chemise de palier	40/55x115 rep : 529
* 20347.01580	Colonne montante	8’’ XLG 1986 rep : 711
* 20347.01719	Pièce de raccordement	8’’R rep : 145
* 20347.01720	Couvercle de palier	F500/600 ST rep : 360
* 20347.01721	Tenon	F500/600 R/740 rep : 564
* 20347.01722	Partie d’accouplement	23/43x41 rep : 860
* 20347.01586	Colonne montante	6’’XL=1236 rep : 711
","2016-02-12 19:21:34","2016-03-01 23:00:00",5680,"2016-03-03 23:00:00",Dossier_16275,"Rechange pompes KSB",https://esuppliers.ocpgroup.org/esop/toolkit/opportunity/opportunityDetail.do?opportunityId=5680,"2016-02-13 07:03:01","2016-02-13 07:03:01",,,0
16400,47.1170,"OCP / AXE Centre / Phosboucraâ","Accouplements TSCHAN : 
FLECTOR P/ACCOUPLEMENT T : 168
FLECTOR P/ACCOUPLEMENT T : 240
FLECTOR P/ACCOUPLEMENT T : 194
ACCOUPLEMENT TSCHAN NOR-MEX G TAILLE : 168
ACCOUPLEMENT TSCHAN NOR-MEX G TAILLE : 194
ACCOUPLEMENT TSCHAN NOR-MEX G TAILLE : 240
","2016-02-12 19:39:19","2016-02-24 00:00:00",5687,"2016-03-26 18:00:00",Dossier_16256,"Accouplements TSCHAN",https://esuppliers.ocpgroup.org/esop/toolkit/opportunity/opportunityDetail.do?opportunityId=5687,"2016-02-13 07:03:01","2016-02-13 07:03:01",,,0
16401,14.0267,"OCP - AXE CENTRE  - PHOSBOUCRAA","Echange standard des sous-ensembles thermiques des engins de chantier de la mine de Boucrâa.
","2016-03-08 17:24:05","2016-02-24 23:59:00",5704,"2016-03-11 23:59:00",Dossier_16292,"Echange standard des sous-ensembles thermiques des engins de chantier ",https://esuppliers.ocpgroup.org/esop/toolkit/opportunity/opportunityDetail.do?opportunityId=5704,"2016-02-13 07:03:01","2016-02-13 07:03:01",,,0
16402,32.0752,"OCP SA/AXE NORD/ KHOURIBGA","ACHAT DES TUBES EN ACIER GALVANISE :
TUBES EN ACIER GALVANISE SOUDES PAR RAPPROCHEMENT FILETES ET MANCHONNE SERIE GAZ  EN LONGUEUR DE 6 METRES SERIE LEGERE N°1 DE 1/8" A 2" DN 2" DIAMETRE THEORIQUE 50 ","2016-02-12 19:36:31","2016-02-19 18:00:00",5707,"2016-02-19 18:00:00",Dossier_16304,"Achat des tubes en acier galvanisé",https://esuppliers.ocpgroup.org/esop/toolkit/opportunity/opportunityDetail.do?opportunityId=5707,"2016-02-13 07:03:01","2016-02-13 07:03:01",,,0
16403,16.0350,"OCP /AXE NORD /KHOURIBGA","Travaux de maintenance des espaces verts à la zone de Khouribga
- Fourniture et pose de gazon en plaque
- Fourniture de rosiers en sachet + engrais + compost et plantation des massifs.
- Fourniture et plantation des massifs en fleurs de saison ou vivaces et touffes de graminées décoratives.
- Fourniture et plantation des plantes de bordure,
- Fourniture et pose des pots en terre cuite et plantes décoratifs.
- Fourniture et pose des pots de collection et plantes décoratifs.
- Désherbage des allées et jardins + nettoyage et évacuation déchets.
- Façons culturales (Binage, sarclage et remise en état des cuvettes).
- Abattage et essouchement des arbres

Durée du marché : 3 mois ","2016-02-12 19:41:54","2016-02-19 18:00:00",5708,"2016-02-19 18:00:00",Dossier_16305,"Travaux de maintenance des espaces verts à la zone de Khouribga",https://esuppliers.ocpgroup.org/esop/toolkit/opportunity/opportunityDetail.do?opportunityId=5708,"2016-02-13 07:03:01","2016-02-13 07:03:01",,,0
16404,16.0350,"OCP / AXE NORD / KHOURIBGA","FOURNITURE ET PLANTATION DE 600 ARBRES HAUTE-TIGE ET 1000 PALMIERS D’ORNEMENT A LA ZONE DE KHOURIBGA:
- Fourniture, mise en place, de la nouvelle terre végétale;
- Fourniture des arbres H.T d’ornement en sachet + compost + engrais, plantation et premier arrosage;
- Fourniture des arbustes d’ornement en sachet + compost + engrais, plantation et premier arrosage;
- Fourniture des palmiers d’ornement en en sachet + compost + engrais, plantation et premier arrosage;
- Arrosage de l’ensemble des végétaux;
- Binage, sarclage des cuvettes des végétaux;
- Taille des palmiers;
- Taille des arbres et arbustes d’ornement;
- Fourniture des insecticides, fongicides et traitement contre maladies et parasites;
- Fourniture d’engrais de couverture, épandage sur l’ensemble des végétaux et arrosage;
- Fourniture d’engrais de fond, épandage sur l’ensemble des végétaux, binage et arrosage.

Durée du marché : 24 mois","2016-02-14 15:54:33","2016-02-22 12:00:00",5725,"2016-02-22 12:00:00",Dossier_16307,"FOURNITURE ET PLANTATION DE 600 ARBRES HAUTE-TIGE ET 1000 PALMIERS D’ORNEMENT.",https://esuppliers.ocpgroup.org/esop/toolkit/opportunity/opportunityDetail.do?opportunityId=5725,"2016-02-14 16:03:01","2016-02-14 16:03:01",,,0
16405,01.0005,"OCP / AXE NORD / JORF LASFAR","ANALYSEUR DE GASOIL ","2016-02-15 09:43:56","2016-02-29 23:00:00",2956,"2016-03-07 23:00:00",Dossier_12926,"ANALYSEUR DE GASOIL",https://esuppliers.ocpgroup.org/esop/toolkit/opportunity/opportunityDetail.do?opportunityId=2956,"2016-02-15 10:03:01","2016-02-15 10:03:01",,,0
16406,23.0473,"OCP/AXE NORD/JORF LASFAR","ACHAT DE 68 RADIOS EMETTEUR-RECEPTEUR TETRA ATEX ","2016-02-15 09:59:03","2016-02-22 18:00:00",5719,"2016-03-07 18:00:00",Dossier_16318,"ACHAT DE 68 RADIOS EMETTEUR-RECEPTEUR TETRA ATEX",https://esuppliers.ocpgroup.org/esop/toolkit/opportunity/opportunityDetail.do?opportunityId=5719,"2016-02-15 10:03:01","2016-02-15 10:03:01",,,0
16407,39.0957,"OCP/AXE NORD/JORF LASFAR","Pièces de rechange pour régulation.","2016-02-15 09:50:52","2016-02-29 18:00:00",5721,"2016-03-07 18:00:00",Dossier_16320,"Pièces de rechange pour régulation.",https://esuppliers.ocpgroup.org/esop/toolkit/opportunity/opportunityDetail.do?opportunityId=5721,"2016-02-15 10:03:01","2016-02-15 10:03:01",,,0
16408,39.0955,"OCP/AXE NORD/JORF LASFAR","Fourniture des Composants électroniques ","2016-02-15 10:40:58","2016-02-29 18:00:00",5716,"2016-03-07 18:00:00",Dossier_16315,"Fourniture de Composants électroniques ",https://esuppliers.ocpgroup.org/esop/toolkit/opportunity/opportunityDetail.do?opportunityId=5716,"2016-02-15 11:03:01","2016-02-15 11:03:01",,,0
16409,23.0473,"OCP/AXE NORD/JORF LASFAR","Migration vers la téléphonie sur voie IP pour JFC V à Jorf Lasfar.","2016-02-15 10:37:33","2016-02-29 18:00:00",5717,"2016-03-07 18:00:00",Dossier_16316,"Migration vers la téléphonie sur voie IP pour JFC V à Jorf Lasfar.",https://esuppliers.ocpgroup.org/esop/toolkit/opportunity/opportunityDetail.do?opportunityId=5717,"2016-02-15 11:03:01","2016-02-15 11:03:01",,,0
16410,39.0957,"OCP/AXE NORD/JORF LASFAR","Fourniture de Détecteurs Optiques de Fumée ","2016-02-15 10:34:31","2016-02-29 18:00:00",5718,"2016-03-07 18:00:00",Dossier_16317,"Fourniture de Détecteurs Optiques de Fumée",https://esuppliers.ocpgroup.org/esop/toolkit/opportunity/opportunityDetail.do?opportunityId=5718,"2016-02-15 11:03:01","2016-02-15 11:03:01",,,0
